10/green	expected_exit=0	wants=12	covered_by_other=0	other_exit1=32,20,43,
10/red	expected_exit=1	wants=15	covered_by_other=0	other_exit1=32,20,43,
10/red-unreadable	expected_exit=1	wants=3	covered_by_other=1	other_exit1=32,20,43,30,
20/green	expected_exit=0	wants=22	covered_by_other=0	other_exit1=32,10,43,30,
20/green-some-grids-not-run	expected_exit=0	wants=7	covered_by_other=0	other_exit1=32,10,43,
20/red-blocking-verdict	expected_exit=1	wants=6	covered_by_other=0	other_exit1=32,10,43,
20/red-cross-decision-status	expected_exit=1	wants=3	covered_by_other=0	other_exit1=32,10,43,
20/red-decision-items-sync	expected_exit=1	wants=8	covered_by_other=0	other_exit1=32,10,43,
20/red-decision-summary-width	expected_exit=1	wants=4	covered_by_other=0	other_exit1=32,10,43,
20/red-freeze-layer-membership	expected_exit=1	wants=12	covered_by_other=0	other_exit1=32,10,43,
20/red-item-ref-status	expected_exit=1	wants=9	covered_by_other=0	other_exit1=32,10,43,
20/red-kb-shape	expected_exit=1	wants=23	covered_by_other=0	other_exit1=32,10,43,
20/red-settled-item-self-open	expected_exit=1	wants=6	covered_by_other=0	other_exit1=32,10,43,
20/red-settled-ref-says-open	expected_exit=1	wants=6	covered_by_other=0	other_exit1=32,10,43,
20/red-settled-same-file	expected_exit=1	wants=4	covered_by_other=0	other_exit1=32,10,43,30,
20/red-stale-open-items	expected_exit=1	wants=8	covered_by_other=0	other_exit1=32,10,43,
20/red-status-redundancy	expected_exit=1	wants=6	covered_by_other=0	other_exit1=32,10,43,
20/red-user-verdict-owed	expected_exit=1	wants=4	covered_by_other=0	other_exit1=32,10,43,
30/green	expected_exit=0	wants=4	covered_by_other=0	other_exit1=32,20,10,43,
30/red	expected_exit=1	wants=4	covered_by_other=0	other_exit1=32,20,10,43,
30/shape-green	expected_exit=0	wants=4	covered_by_other=0	other_exit1=32,20,10,43,
30/shape-red	expected_exit=1	wants=13	covered_by_other=0	other_exit1=32,20,10,43,
30/status-sync-green	expected_exit=0	wants=2	covered_by_other=0	other_exit1=32,20,10,43,
30/status-sync-red	expected_exit=1	wants=7	covered_by_other=0	other_exit1=32,20,10,43,
32/green	expected_exit=0	wants=14	covered_by_other=0	other_exit1=20,10,43,
32/red-admission-terms	expected_exit=1	wants=3	covered_by_other=0	other_exit1=20,10,43,
32/red-field-projection	expected_exit=1	wants=3	covered_by_other=0	other_exit1=20,10,43,
32/red-field-refs	expected_exit=1	wants=5	covered_by_other=1	other_exit1=20,10,43,
32/red-field-table-sums	expected_exit=1	wants=17	covered_by_other=0	other_exit1=20,10,43,
32/red-first-txn-hooks	expected_exit=1	wants=7	covered_by_other=2	other_exit1=20,10,43,
32/red-format-const-placeholders	expected_exit=1	wants=5	covered_by_other=0	other_exit1=20,10,43,
32/red-second-txn-hooks	expected_exit=1	wants=10	covered_by_other=0	other_exit1=20,10,43,
32/red-segment-registry	expected_exit=1	wants=16	covered_by_other=0	other_exit1=20,10,43,
32/red-tree-table-reserve	expected_exit=1	wants=3	covered_by_other=0	other_exit1=20,10,43,
43/green	expected_exit=0	wants=16	covered_by_other=1	other_exit1=32,20,10,
43/red	expected_exit=1	wants=37	covered_by_other=0	other_exit1=32,20,10,
