archived_names=589 original='[A-Za-z0-9_.-]+\\.(?:out|log|txt|tsv|json|csv)\\b' bounded='(?<![A-Za-z0-9_.-])[A-Za-z0-9_.-]+\\.(?:out|log|txt|tsv|json|csv)\\b'
research/results/e100-system-configuration-slot-2026-09-03.out	chars=15107	longest_[A-Za-z0-9_.-]_run=15	mask_original=0.00s	mask_bounded=0.00s	detect=0.00s	same_text=True	same_masked=True	old_name_hits=0
research/results/e109-position-authority-2026-09-06.out	chars=8054	longest_[A-Za-z0-9_.-]_run=31	mask_original=0.00s	mask_bounded=0.00s	detect=0.00s	same_text=True	same_masked=True	old_name_hits=0
research/results/e115-system-configuration-completeness-2026-09-07.out	chars=2665	longest_[A-Za-z0-9_.-]_run=17	mask_original=0.00s	mask_bounded=0.00s	detect=0.00s	same_text=True	same_masked=True	old_name_hits=0
research/results/e116-pack-settle-2026-09-24-h311.out	chars=33326	longest_[A-Za-z0-9_.-]_run=18	mask_original=0.00s	mask_bounded=0.00s	detect=0.00s	same_text=True	same_masked=True	old_name_hits=0
research/results/e124-system-configuration-recompute-2026-09-09.out	chars=4895	longest_[A-Za-z0-9_.-]_run=22	mask_original=0.00s	mask_bounded=0.00s	detect=0.00s	same_text=True	same_masked=True	old_name_hits=0
research/results/e126-system-configuration-slot-width-2026-09-09.out	chars=22225	longest_[A-Za-z0-9_.-]_run=18	mask_original=0.00s	mask_bounded=0.00s	detect=0.00s	same_text=True	same_masked=True	old_name_hits=0
research/results/e133-map-key-format-cost-2026-09-11.out	chars=12540	longest_[A-Za-z0-9_.-]_run=24	mask_original=0.00s	mask_bounded=0.00s	detect=0.00s	same_text=True	same_masked=True	old_name_hits=0
research/results/e134-map-key-slot-baselines-2026-09-11.out	chars=15303	longest_[A-Za-z0-9_.-]_run=26	mask_original=0.00s	mask_bounded=0.00s	detect=0.00s	same_text=True	same_masked=True	old_name_hits=0
research/results/e136-fork-cost-rows-2026-09-11.out	chars=24350	longest_[A-Za-z0-9_.-]_run=30	mask_original=0.00s	mask_bounded=0.00s	detect=0.00s	same_text=True	same_masked=True	old_name_hits=0
research/results/e142-new-pool-file-creation-dry-run-2026-09-18-change-count-three.out	chars=116975	longest_[A-Za-z0-9_.-]_run=8192	mask_original=0.53s	mask_bounded=0.00s	detect=0.01s	same_text=True	same_masked=True	old_name_hits=0
research/results/e142-new-pool-file-creation-dry-run-2026-09-22-mkfs-zero-fill-resync.out	chars=116975	longest_[A-Za-z0-9_.-]_run=8192	mask_original=0.56s	mask_bounded=0.00s	detect=0.01s	same_text=True	same_masked=True	old_name_hits=0
research/results/e142-new-pool-file-creation-dry-run-2026-09-23-decisions-catchup.out	chars=117081	longest_[A-Za-z0-9_.-]_run=8192	mask_original=0.54s	mask_bounded=0.00s	detect=0.01s	same_text=True	same_masked=True	old_name_hits=0
research/results/e142-new-pool-file-creation-dry-run-2026-09-25-header311-last-flag-arm-o.out	chars=126163	longest_[A-Za-z0-9_.-]_run=8192	mask_original=0.56s	mask_bounded=0.00s	detect=0.01s	same_text=True	same_masked=True	old_name_hits=0
research/results/e142-new-pool-file-creation-dry-run-2026-09-25-header311-last-flag.out	chars=132205	longest_[A-Za-z0-9_.-]_run=8192	mask_original=0.55s	mask_bounded=0.00s	detect=0.01s	same_text=True	same_masked=True	old_name_hits=0
research/results/e142-new-pool-file-creation-dry-run-2026-09-25-position-addressed-combined.out	chars=2012550	longest_[A-Za-z0-9_.-]_run=65536	mask_original=62.87s	mask_bounded=0.02s	detect=0.09s	same_text=True	same_masked=True	old_name_hits=0
research/results/e142-new-pool-file-creation-dry-run-2026-09-25-position-addressed-comparison.out	chars=1055424	longest_[A-Za-z0-9_.-]_run=65536	mask_original=31.71s	mask_bounded=0.01s	detect=0.04s	same_text=True	same_masked=True	old_name_hits=0
research/results/e142-new-pool-file-creation-dry-run-2026-09-25-q142-1v-combined.out	chars=2059438	longest_[A-Za-z0-9_.-]_run=65536	mask_original=82.36s	mask_bounded=0.03s	detect=0.11s	same_text=True	same_masked=True	old_name_hits=0
research/results/e142-new-pool-file-creation-dry-run-2026-09-25-r16-arm-n15.out	chars=1050660	longest_[A-Za-z0-9_.-]_run=65536	mask_original=38.53s	mask_bounded=0.01s	detect=0.05s	same_text=True	same_masked=True	old_name_hits=0
research/results/e142-new-pool-file-creation-dry-run-2026-09-25-r16-combined.out	chars=2206872	longest_[A-Za-z0-9_.-]_run=65536	mask_original=74.20s	mask_bounded=0.02s	detect=0.13s	same_text=True	same_masked=True	old_name_hits=0
research/results/e142-new-pool-file-creation-dry-run-2026-09-25-r16-main.out	chars=1249746	longest_[A-Za-z0-9_.-]_run=65536	mask_original=37.60s	mask_bounded=0.01s	detect=0.06s	same_text=True	same_masked=True	old_name_hits=0
research/results/e142-new-pool-file-creation-dry-run-2026-09-25-r17-arm-n16.out	chars=2206872	longest_[A-Za-z0-9_.-]_run=65536	mask_original=67.38s	mask_bounded=0.02s	detect=0.13s	same_text=True	same_masked=True	old_name_hits=0
research/results/e142-new-pool-file-creation-dry-run-2026-09-25-r17-layer0.out	chars=1250599	longest_[A-Za-z0-9_.-]_run=65536	mask_original=33.54s	mask_bounded=0.01s	detect=0.05s	same_text=True	same_masked=True	old_name_hits=0
research/results/e142-new-pool-file-creation-dry-run-2026-09-25-r17-main.out	chars=2210734	longest_[A-Za-z0-9_.-]_run=65536	mask_original=62.76s	mask_bounded=0.02s	detect=0.09s	same_text=True	same_masked=True	old_name_hits=0
research/results/e142-new-pool-file-creation-dry-run-2026-09-25-r17-s2prep-reverify.out	chars=2210734	longest_[A-Za-z0-9_.-]_run=65536	mask_original=61.68s	mask_bounded=0.02s	detect=0.09s	same_text=True	same_masked=True	old_name_hits=0
research/results/e142-new-pool-file-creation-dry-run-2026-09-26-r18-arm-n17.out	chars=1249573	longest_[A-Za-z0-9_.-]_run=65536	mask_original=35.37s	mask_bounded=0.01s	detect=0.06s	same_text=True	same_masked=True	old_name_hits=0
research/results/e142-new-pool-file-creation-dry-run-2026-09-26-r18-main-2.out	chars=2211904	longest_[A-Za-z0-9_.-]_run=65536	mask_original=66.35s	mask_bounded=0.02s	detect=0.09s	same_text=True	same_masked=True	old_name_hits=0
research/results/e142-new-pool-file-creation-dry-run-2026-09-26-r18-main.out	chars=2211904	longest_[A-Za-z0-9_.-]_run=65536	mask_original=65.49s	mask_bounded=0.02s	detect=0.10s	same_text=True	same_masked=True	old_name_hits=0
research/results/e142-new-pool-file-creation-dry-run-2026-09-27-r19-arm-n18.out	chars=2212088	longest_[A-Za-z0-9_.-]_run=65536	mask_original=64.62s	mask_bounded=0.02s	detect=0.08s	same_text=True	same_masked=True	old_name_hits=0
research/results/e142-new-pool-file-creation-dry-run-2026-09-28-r19-arm-n18.out	chars=2212088	longest_[A-Za-z0-9_.-]_run=65536	mask_original=64.11s	mask_bounded=0.02s	detect=0.09s	same_text=True	same_masked=True	old_name_hits=0
research/results/e142-new-pool-file-creation-dry-run-2026-09-28-r19-main-2026-09-28.out	chars=2218397	longest_[A-Za-z0-9_.-]_run=65536	mask_original=63.55s	mask_bounded=0.02s	detect=0.09s	same_text=True	same_masked=True	old_name_hits=0
research/results/e142-new-pool-file-creation-dry-run-2026-09-28-r19-main.out	chars=2218397	longest_[A-Za-z0-9_.-]_run=65536	mask_original=73.19s	mask_bounded=0.02s	detect=0.09s	same_text=True	same_masked=True	old_name_hits=0
research/results/e142_new_pool_file_creation_dry_run-mutate-2026-09-23-decisions-catchup-full-table-run.log	chars=38473	longest_[A-Za-z0-9_.-]_run=90	mask_original=0.00s	mask_bounded=0.00s	detect=0.00s	same_text=True	same_masked=True	old_name_hits=0
research/results/e142_new_pool_file_creation_dry_run-mutate-2026-09-23-decisions-catchup.log	chars=38649	longest_[A-Za-z0-9_.-]_run=90	mask_original=0.00s	mask_bounded=0.00s	detect=0.00s	same_text=True	same_masked=True	old_name_hits=0
research/results/e142_new_pool_file_creation_dry_run-mutate-2026-09-23-decisions-catchup-m29-isolated.log	chars=264	longest_[A-Za-z0-9_.-]_run=71	mask_original=0.00s	mask_bounded=0.00s	detect=0.00s	same_text=True	same_masked=True	old_name_hits=0
research/results/e142_new_pool_file_creation_dry_run-mutate-2026-09-25-full.log	chars=46879	longest_[A-Za-z0-9_.-]_run=90	mask_original=0.00s	mask_bounded=0.00s	detect=0.00s	same_text=True	same_masked=True	old_name_hits=0
research/results/e142_new_pool_file_creation_dry_run-mutate-2026-09-25-header311-last-flag.log	chars=42848	longest_[A-Za-z0-9_.-]_run=90	mask_original=0.00s	mask_bounded=0.00s	detect=0.00s	same_text=True	same_masked=True	old_name_hits=0
research/results/e142_new_pool_file_creation_dry_run-mutate-2026-09-25-header311-last-flag-reverify5.log	chars=610	longest_[A-Za-z0-9_.-]_run=81	mask_original=0.00s	mask_bounded=0.00s	detect=0.00s	same_text=True	same_masked=True	old_name_hits=0
research/results/e142_new_pool_file_creation_dry_run-mutate-2026-09-25-position-addressed-comparison.log	chars=61487	longest_[A-Za-z0-9_.-]_run=90	mask_original=0.00s	mask_bounded=0.00s	detect=0.00s	same_text=True	same_masked=True	old_name_hits=0
research/results/e142_new_pool_file_creation_dry_run-mutate-2026-09-25-q142-1v-full-table.log	chars=68685	longest_[A-Za-z0-9_.-]_run=99	mask_original=0.00s	mask_bounded=0.00s	detect=0.00s	same_text=True	same_masked=True	old_name_hits=0
research/results/e142_new_pool_file_creation_dry_run-mutate-2026-09-28.log	chars=123464	longest_[A-Za-z0-9_.-]_run=95	mask_original=0.01s	mask_bounded=0.00s	detect=0.01s	same_text=True	same_masked=True	old_name_hits=0
research/results/e142_new_pool_file_creation_dry_run-mutate-2026-09-28-r19.log	chars=122673	longest_[A-Za-z0-9_.-]_run=95	mask_original=0.01s	mask_bounded=0.00s	detect=0.01s	same_text=True	same_masked=True	old_name_hits=0
research/results/e142-r15-crates-sha256-after-2026-09-25.txt	chars=16370	longest_[A-Za-z0-9_.-]_run=73	mask_original=0.00s	mask_bounded=0.00s	detect=0.00s	same_text=True	same_masked=True	old_name_hits=0
research/results/e142-r15-crates-sha256-before.txt	chars=16230	longest_[A-Za-z0-9_.-]_run=73	mask_original=0.00s	mask_bounded=0.00s	detect=0.00s	same_text=True	same_masked=True	old_name_hits=0
research/results/e142-r15-crates-write-dump-2026-09-25.out	chars=957126	longest_[A-Za-z0-9_.-]_run=65536	mask_original=19.02s	mask_bounded=0.01s	detect=0.04s	same_text=True	same_masked=True	old_name_hits=0
research/results/e142-r16-crates-dump-2026-09-25.out	chars=957126	longest_[A-Za-z0-9_.-]_run=65536	mask_original=15.74s	mask_bounded=0.01s	detect=0.03s	same_text=True	same_masked=True	old_name_hits=0
research/results/e142-r16-crates-dump-one-device-2026-09-25.out	chars=285	longest_[A-Za-z0-9_.-]_run=18	mask_original=0.00s	mask_bounded=0.00s	detect=0.00s	same_text=True	same_masked=True	old_name_hits=0
research/results/e142-r16-crates-sha256-after-2026-09-25.txt	chars=16702	longest_[A-Za-z0-9_.-]_run=84	mask_original=0.00s	mask_bounded=0.00s	detect=0.00s	same_text=True	same_masked=True	old_name_hits=0
research/results/e142-r16-crates-sha256-before-2026-09-25.txt	chars=16702	longest_[A-Za-z0-9_.-]_run=84	mask_original=0.00s	mask_bounded=0.00s	detect=0.00s	same_text=True	same_masked=True	old_name_hits=0
research/results/e142-r18-controls-2026-09-26.out	chars=71933	longest_[A-Za-z0-9_.-]_run=34	mask_original=0.00s	mask_bounded=0.00s	detect=0.00s	same_text=True	same_masked=True	old_name_hits=0
research/results/e142-r18-crates-dump-2026-09-26.out	chars=957126	longest_[A-Za-z0-9_.-]_run=65536	mask_original=15.27s	mask_bounded=0.01s	detect=0.03s	same_text=True	same_masked=True	old_name_hits=0
research/results/e142-r18-crates-sha256-after-2026-09-26.txt	chars=17454	longest_[A-Za-z0-9_.-]_run=84	mask_original=0.00s	mask_bounded=0.00s	detect=0.00s	same_text=True	same_masked=True	old_name_hits=0
research/results/e142-r18-crates-sha256-before-2026-09-26.txt	chars=22242	longest_[A-Za-z0-9_.-]_run=84	mask_original=0.00s	mask_bounded=0.00s	detect=0.00s	same_text=True	same_masked=True	old_name_hits=0
research/results/e142-r19-comparisons-2026-09-28.out	chars=31301	longest_[A-Za-z0-9_.-]_run=37	mask_original=0.00s	mask_bounded=0.00s	detect=0.00s	same_text=True	same_masked=True	old_name_hits=0
research/results/e142-r19-comparisons-2026-09-28-r2.out	chars=31302	longest_[A-Za-z0-9_.-]_run=37	mask_original=0.00s	mask_bounded=0.00s	detect=0.00s	same_text=True	same_masked=True	old_name_hits=0
research/results/e142-r19-controls-2026-09-28.out	chars=2384	longest_[A-Za-z0-9_.-]_run=64	mask_original=0.00s	mask_bounded=0.00s	detect=0.00s	same_text=True	same_masked=True	old_name_hits=0
research/results/e142-r19-controls-2026-09-28-r2.out	chars=2575	longest_[A-Za-z0-9_.-]_run=70	mask_original=0.00s	mask_bounded=0.00s	detect=0.00s	same_text=True	same_masked=True	old_name_hits=0
research/results/e142-r19-controls-2026-09-28-r3.out	chars=2610	longest_[A-Za-z0-9_.-]_run=70	mask_original=0.00s	mask_bounded=0.00s	detect=0.00s	same_text=True	same_masked=True	old_name_hits=0
research/results/e142-r19-crates-sha256-a-2026-09-27.txt	chars=23548	longest_[A-Za-z0-9_.-]_run=109	mask_original=0.00s	mask_bounded=0.00s	detect=0.00s	same_text=True	same_masked=True	old_name_hits=0
research/results/e142-r19-crates-sha256-a-2026-09-28.txt	chars=23910	longest_[A-Za-z0-9_.-]_run=109	mask_original=0.00s	mask_bounded=0.00s	detect=0.00s	same_text=True	same_masked=True	old_name_hits=0
research/results/e142-r19-crates-sha256-b-2026-09-28-r2.txt	chars=23910	longest_[A-Za-z0-9_.-]_run=109	mask_original=0.00s	mask_bounded=0.00s	detect=0.00s	same_text=True	same_masked=True	old_name_hits=0
research/results/e142-r19-crates-sha256-b-2026-09-28.txt	chars=23910	longest_[A-Za-z0-9_.-]_run=109	mask_original=0.00s	mask_bounded=0.00s	detect=0.00s	same_text=True	same_masked=True	old_name_hits=0
research/results/e142-r19-crates-sha256-c-2026-09-28-r2.txt	chars=23910	longest_[A-Za-z0-9_.-]_run=109	mask_original=0.00s	mask_bounded=0.00s	detect=0.00s	same_text=True	same_masked=True	old_name_hits=0
research/results/e142-r19-crates-sha256-c-2026-09-28.txt	chars=23910	longest_[A-Za-z0-9_.-]_run=109	mask_original=0.00s	mask_bounded=0.00s	detect=0.00s	same_text=True	same_masked=True	old_name_hits=0
research/results/e142-r19-crates-status-2026-09-27.txt	chars=3366	longest_[A-Za-z0-9_.-]_run=68	mask_original=0.00s	mask_bounded=0.00s	detect=0.00s	same_text=True	same_masked=True	old_name_hits=0
research/results/e142-r19-crates-status-2026-09-28.txt	chars=3602	longest_[A-Za-z0-9_.-]_run=109	mask_original=0.00s	mask_bounded=0.00s	detect=0.00s	same_text=True	same_masked=True	old_name_hits=0
research/results/e142-r19-diff-arm-n18-to-main-2026-09-28-r2.txt	chars=35299	longest_[A-Za-z0-9_.-]_run=64	mask_original=0.00s	mask_bounded=0.00s	detect=0.00s	same_text=True	same_masked=True	old_name_hits=0
research/results/e142-r19-diff-arm-n18-to-main-2026-09-28.txt	chars=35299	longest_[A-Za-z0-9_.-]_run=64	mask_original=0.00s	mask_bounded=0.00s	detect=0.00s	same_text=True	same_masked=True	old_name_hits=0
research/results/e142-r19-diff-r18-to-arm-n18-2026-09-27.txt	chars=4074	longest_[A-Za-z0-9_.-]_run=64	mask_original=0.00s	mask_bounded=0.00s	detect=0.00s	same_text=True	same_masked=True	old_name_hits=0
research/results/e142-r19-diff-r18-to-arm-n18-2026-09-28.txt	chars=4074	longest_[A-Za-z0-9_.-]_run=64	mask_original=0.00s	mask_bounded=0.00s	detect=0.00s	same_text=True	same_masked=True	old_name_hits=0
research/results/e142-r19-diff-r18-to-main-2026-09-28-r2.txt	chars=39361	longest_[A-Za-z0-9_.-]_run=64	mask_original=0.00s	mask_bounded=0.00s	detect=0.00s	same_text=True	same_masked=True	old_name_hits=0
research/results/e142-r19-diff-r18-to-main-2026-09-28.txt	chars=39361	longest_[A-Za-z0-9_.-]_run=64	mask_original=0.00s	mask_bounded=0.00s	detect=0.00s	same_text=True	same_masked=True	old_name_hits=0
research/results/e142-region-diff-independent-2026-09-25-r16.out	chars=4619	longest_[A-Za-z0-9_.-]_run=31	mask_original=0.00s	mask_bounded=0.00s	detect=0.00s	same_text=True	same_masked=True	old_name_hits=0
research/results/e142-region-diff-independent-2026-09-25-r16-post-oom-fix.out	chars=4619	longest_[A-Za-z0-9_.-]_run=31	mask_original=0.00s	mask_bounded=0.00s	detect=0.00s	same_text=True	same_masked=True	old_name_hits=0
research/results/e142-region-diff-independent-2026-09-26-r18.out	chars=5141	longest_[A-Za-z0-9_.-]_run=31	mask_original=0.00s	mask_bounded=0.00s	detect=0.00s	same_text=True	same_masked=True	old_name_hits=0
research/results/e142-region-old-new-independent-2026-09-26-r18.out	chars=10036	longest_[A-Za-z0-9_.-]_run=33	mask_original=0.00s	mask_bounded=0.00s	detect=0.00s	same_text=True	same_masked=True	old_name_hits=0
research/results/e142-region-old-new-independent-2026-09-28.out	chars=9450	longest_[A-Za-z0-9_.-]_run=33	mask_original=0.00s	mask_bounded=0.00s	detect=0.00s	same_text=True	same_masked=True	old_name_hits=0
research/results/e142-region-old-new-independent-2026-09-28-r19.out	chars=9450	longest_[A-Za-z0-9_.-]_run=33	mask_original=0.00s	mask_bounded=0.00s	detect=0.00s	same_text=True	same_masked=True	old_name_hits=0
research/results/e145-self-describing-node-header-2026-09-16-tree-table-200.out	chars=6382	longest_[A-Za-z0-9_.-]_run=28	mask_original=0.00s	mask_bounded=0.00s	detect=0.00s	same_text=True	same_masked=True	old_name_hits=0
research/results/e146-livelist-entry-width-2026-09-16-tree-table-200.out	chars=15929	longest_[A-Za-z0-9_.-]_run=34	mask_original=0.00s	mask_bounded=0.00s	detect=0.00s	same_text=True	same_masked=True	old_name_hits=0
research/results/e147-system-configuration-recompute-from-layout-2026-09-13.out	chars=1175	longest_[A-Za-z0-9_.-]_run=26	mask_original=0.00s	mask_bounded=0.00s	detect=0.00s	same_text=True	same_masked=True	old_name_hits=0
research/results/e153-ledger-shape-and-ring-holes-2026-09-24-rename.out	chars=1063755	longest_[A-Za-z0-9_.-]_run=45	mask_original=0.03s	mask_bounded=0.01s	detect=0.05s	same_text=True	same_masked=True	old_name_hits=0
research/results/e154-two-gates-serial-rejudge-and-reclaim-timing-2026-09-24-rename.out	chars=12303609	longest_[A-Za-z0-9_.-]_run=44	mask_original=0.33s	mask_bounded=0.11s	detect=0.59s	same_text=True	same_masked=True	old_name_hits=0
research/results/e155-fourth-run-group-commit-concurrency-2026-09-21.out	chars=5643392	longest_[A-Za-z0-9_.-]_run=63	mask_original=0.14s	mask_bounded=0.05s	detect=0.27s	same_text=True	same_masked=True	old_name_hits=0
research/results/e155-fourth-run-group-commit-concurrency-2026-09-25-h311-replay.out	chars=5643392	longest_[A-Za-z0-9_.-]_run=63	mask_original=0.15s	mask_bounded=0.05s	detect=0.27s	same_text=True	same_masked=True	old_name_hits=0
research/results/e155-fsync-write-volume-2026-09-24-rename.out	chars=483832	longest_[A-Za-z0-9_.-]_run=53	mask_original=0.01s	mask_bounded=0.00s	detect=0.02s	same_text=True	same_masked=True	old_name_hits=0
research/results/e155-fsync-write-volume-2026-09-25-h311-replay.out	chars=483832	longest_[A-Za-z0-9_.-]_run=53	mask_original=0.01s	mask_bounded=0.00s	detect=0.02s	same_text=True	same_masked=True	old_name_hits=0
research/results/e155-second-run-fsync-write-volume-2026-09-24-rename.out	chars=2332324	longest_[A-Za-z0-9_.-]_run=63	mask_original=0.06s	mask_bounded=0.02s	detect=0.11s	same_text=True	same_masked=True	old_name_hits=0
research/results/e155-second-run-fsync-write-volume-2026-09-25-h311-replay.out	chars=2332324	longest_[A-Za-z0-9_.-]_run=63	mask_original=0.06s	mask_bounded=0.02s	detect=0.11s	same_text=True	same_masked=True	old_name_hits=0
research/results/e155-third-run-release-cascade-2026-09-20-stage1.out	chars=63541	longest_[A-Za-z0-9_.-]_run=34	mask_original=0.00s	mask_bounded=0.00s	detect=0.00s	same_text=True	same_masked=True	old_name_hits=0
research/results/e155-third-run-release-cascade-2026-09-25-h311-replay.out	chars=63541	longest_[A-Za-z0-9_.-]_run=34	mask_original=0.00s	mask_bounded=0.00s	detect=0.00s	same_text=True	same_masked=True	old_name_hits=0
research/results/e156-alloc-basis-counts-2026-09-22-stage1.out	chars=4236	longest_[A-Za-z0-9_.-]_run=44	mask_original=0.00s	mask_bounded=0.00s	detect=0.00s	same_text=True	same_masked=True	old_name_hits=0
research/results/e156-alloc-basis-counts-2026-09-22-stage2.out	chars=4786	longest_[A-Za-z0-9_.-]_run=44	mask_original=0.00s	mask_bounded=0.00s	detect=0.00s	same_text=True	same_masked=True	old_name_hits=0
research/results/e156-alloc-basis-counts-2026-09-22-stage3.out	chars=4787	longest_[A-Za-z0-9_.-]_run=44	mask_original=0.00s	mask_bounded=0.00s	detect=0.00s	same_text=True	same_masked=True	old_name_hits=0
research/results/e156-alloc-basis-counts-2026-09-23-stage1.out	chars=36858	longest_[A-Za-z0-9_.-]_run=53	mask_original=0.00s	mask_bounded=0.00s	detect=0.00s	same_text=True	same_masked=True	old_name_hits=0
research/results/e156-alloc-basis-counts-2026-09-24-stage2.out	chars=38434	longest_[A-Za-z0-9_.-]_run=53	mask_original=0.00s	mask_bounded=0.00s	detect=0.00s	same_text=True	same_masked=True	old_name_hits=0
research/results/e156-alloc-basis-counts-2026-09-24-stage3.out	chars=93819	longest_[A-Za-z0-9_.-]_run=53	mask_original=0.00s	mask_bounded=0.00s	detect=0.00s	same_text=True	same_masked=True	old_name_hits=0
research/results/e156-alloc-basis-counts-2026-09-24-stage4.out	chars=117333	longest_[A-Za-z0-9_.-]_run=56	mask_original=0.00s	mask_bounded=0.00s	detect=0.00s	same_text=True	same_masked=True	old_name_hits=0
research/results/e156-alloc-basis-counts-2026-09-25-fork7-selfproof.out	chars=161650	longest_[A-Za-z0-9_.-]_run=56	mask_original=0.00s	mask_bounded=0.00s	detect=0.01s	same_text=True	same_masked=True	old_name_hits=0
research/results/e156-alloc-basis-counts-2026-09-25-r3.out	chars=160439	longest_[A-Za-z0-9_.-]_run=56	mask_original=0.00s	mask_bounded=0.00s	detect=0.01s	same_text=True	same_masked=True	old_name_hits=0
research/results/e156-alloc-basis-counts-2026-09-26.out	chars=1808059	longest_[A-Za-z0-9_.-]_run=56	mask_original=0.02s	mask_bounded=0.01s	detect=0.07s	same_text=True	same_masked=True	old_name_hits=0
research/results/e156-alloc-basis-counts-2026-09-26-r2.out	chars=1808059	longest_[A-Za-z0-9_.-]_run=56	mask_original=0.02s	mask_bounded=0.01s	detect=0.07s	same_text=True	same_masked=True	old_name_hits=0
research/results/e157-parallel-line-one-clauses-2026-09-22.out	chars=134353	longest_[A-Za-z0-9_.-]_run=34	mask_original=0.00s	mask_bounded=0.00s	detect=0.01s	same_text=True	same_masked=True	old_name_hits=0
research/results/e157-parallel-line-one-clauses-2026-09-25-h311-replay.out	chars=134353	longest_[A-Za-z0-9_.-]_run=34	mask_original=0.00s	mask_bounded=0.00s	detect=0.01s	same_text=True	same_masked=True	old_name_hits=0
research/results/e158-root-choice-repair-2026-09-23-segment1.out	chars=11405	longest_[A-Za-z0-9_.-]_run=62	mask_original=0.00s	mask_bounded=0.00s	detect=0.00s	same_text=True	same_masked=True	old_name_hits=0
research/results/e158-root-choice-repair-2026-09-23-segment1-run-record.out	chars=696	longest_[A-Za-z0-9_.-]_run=64	mask_original=0.00s	mask_bounded=0.00s	detect=0.00s	same_text=True	same_masked=True	old_name_hits=0
research/results/e158-root-choice-repair-2026-09-23-segment1-tests.out	chars=748	longest_[A-Za-z0-9_.-]_run=78	mask_original=0.00s	mask_bounded=0.00s	detect=0.00s	same_text=True	same_masked=True	old_name_hits=0
research/results/e158-root-choice-repair-2026-09-24-hc2-ding-only-configuration.out	chars=7500	longest_[A-Za-z0-9_.-]_run=45	mask_original=0.00s	mask_bounded=0.00s	detect=0.00s	same_text=True	same_masked=True	old_name_hits=0
research/results/e158-root-choice-repair-2026-09-24-hc2-ding-ring-retained.out	chars=7500	longest_[A-Za-z0-9_.-]_run=45	mask_original=0.00s	mask_bounded=0.00s	detect=0.00s	same_text=True	same_masked=True	old_name_hits=0
research/results/e158-root-choice-repair-2026-09-24-hc2-yi-ring-retained.out	chars=7500	longest_[A-Za-z0-9_.-]_run=45	mask_original=0.00s	mask_bounded=0.00s	detect=0.00s	same_text=True	same_masked=True	old_name_hits=0
research/results/e158-root-choice-repair-2026-09-24-pc2-configuration-published-txg.out	chars=8231	longest_[A-Za-z0-9_.-]_run=45	mask_original=0.00s	mask_bounded=0.00s	detect=0.00s	same_text=True	same_masked=True	old_name_hits=0
research/results/e158-root-choice-repair-2026-09-24-pc2-ding-only-configuration.out	chars=7149	longest_[A-Za-z0-9_.-]_run=45	mask_original=0.00s	mask_bounded=0.00s	detect=0.00s	same_text=True	same_masked=True	old_name_hits=0
research/results/e158-root-choice-repair-2026-09-24-pc2-ding-ring-retained.out	chars=7149	longest_[A-Za-z0-9_.-]_run=45	mask_original=0.00s	mask_bounded=0.00s	detect=0.00s	same_text=True	same_masked=True	old_name_hits=0
research/results/e158-root-choice-repair-2026-09-24-pc2-root-ring-txg-only.out	chars=8234	longest_[A-Za-z0-9_.-]_run=45	mask_original=0.00s	mask_bounded=0.00s	detect=0.00s	same_text=True	same_masked=True	old_name_hits=0
research/results/e158-root-choice-repair-2026-09-24-pc2-today.out	chars=7149	longest_[A-Za-z0-9_.-]_run=45	mask_original=0.00s	mask_bounded=0.00s	detect=0.00s	same_text=True	same_masked=True	old_name_hits=0
research/results/e158-root-choice-repair-2026-09-24-pc2-yi-ring-retained.out	chars=7149	longest_[A-Za-z0-9_.-]_run=45	mask_original=0.00s	mask_bounded=0.00s	detect=0.00s	same_text=True	same_masked=True	old_name_hits=0
research/results/e158-root-choice-repair-2026-09-24-q1-g0-a1-arm.out	chars=8819	longest_[A-Za-z0-9_.-]_run=45	mask_original=0.00s	mask_bounded=0.00s	detect=0.00s	same_text=True	same_masked=True	old_name_hits=0
research/results/e158-root-choice-repair-2026-09-24-q1-g0-today.out	chars=12318	longest_[A-Za-z0-9_.-]_run=67	mask_original=0.00s	mask_bounded=0.00s	detect=0.00s	same_text=True	same_masked=True	old_name_hits=0
research/results/e158-root-choice-repair-2026-09-24-q1-s16.out	chars=10779	longest_[A-Za-z0-9_.-]_run=67	mask_original=0.00s	mask_bounded=0.00s	detect=0.00s	same_text=True	same_masked=True	old_name_hits=0
research/results/e158-root-choice-repair-2026-09-24-q1-s4.out	chars=10715	longest_[A-Za-z0-9_.-]_run=67	mask_original=0.00s	mask_bounded=0.00s	detect=0.00s	same_text=True	same_masked=True	old_name_hits=0
research/results/e158-root-choice-repair-2026-09-24-q2-1-g0-configuration-evidence-ding-only-configuration.out	chars=9050	longest_[A-Za-z0-9_.-]_run=47	mask_original=0.00s	mask_bounded=0.00s	detect=0.00s	same_text=True	same_masked=True	old_name_hits=0
research/results/e158-root-choice-repair-2026-09-24-q2-1-g0-configuration-evidence-ding-ring-retained.out	chars=9050	longest_[A-Za-z0-9_.-]_run=47	mask_original=0.00s	mask_bounded=0.00s	detect=0.00s	same_text=True	same_masked=True	old_name_hits=0
research/results/e158-root-choice-repair-2026-09-24-q2-1-g0-configuration-evidence-yi-ring-retained.out	chars=9050	longest_[A-Za-z0-9_.-]_run=47	mask_original=0.00s	mask_bounded=0.00s	detect=0.00s	same_text=True	same_masked=True	old_name_hits=0
research/results/e158-root-choice-repair-2026-09-24-q2-1-g0-ding-only-configuration.out	chars=8350	longest_[A-Za-z0-9_.-]_run=45	mask_original=0.00s	mask_bounded=0.00s	detect=0.00s	same_text=True	same_masked=True	old_name_hits=0
research/results/e158-root-choice-repair-2026-09-24-q2-1-g0-ding-ring-retained.out	chars=8350	longest_[A-Za-z0-9_.-]_run=45	mask_original=0.00s	mask_bounded=0.00s	detect=0.00s	same_text=True	same_masked=True	old_name_hits=0
research/results/e158-root-choice-repair-2026-09-24-q2-1-g0-jia-txg-arm.out	chars=6726	longest_[A-Za-z0-9_.-]_run=45	mask_original=0.00s	mask_bounded=0.00s	detect=0.00s	same_text=True	same_masked=True	old_name_hits=0
research/results/e158-root-choice-repair-2026-09-24-q2-1-g0-root-ring-txg-only-session-s5.out	chars=7969	longest_[A-Za-z0-9_.-]_run=45	mask_original=0.00s	mask_bounded=0.00s	detect=0.00s	same_text=True	same_masked=True	old_name_hits=0
research/results/e158-root-choice-repair-2026-09-24-q2-1-g0-today.out	chars=6726	longest_[A-Za-z0-9_.-]_run=45	mask_original=0.00s	mask_bounded=0.00s	detect=0.00s	same_text=True	same_masked=True	old_name_hits=0
research/results/e158-root-choice-repair-2026-09-24-q2-1-g0-today-session-s5.out	chars=9188	longest_[A-Za-z0-9_.-]_run=45	mask_original=0.00s	mask_bounded=0.00s	detect=0.00s	same_text=True	same_masked=True	old_name_hits=0
research/results/e158-root-choice-repair-2026-09-24-q2-1-g0-yi-ring-retained.out	chars=8350	longest_[A-Za-z0-9_.-]_run=45	mask_original=0.00s	mask_bounded=0.00s	detect=0.00s	same_text=True	same_masked=True	old_name_hits=0
research/results/e158-root-choice-repair-2026-09-24-q2-1-hc1-lower-bound.out	chars=7011	longest_[A-Za-z0-9_.-]_run=45	mask_original=0.00s	mask_bounded=0.00s	detect=0.00s	same_text=True	same_masked=True	old_name_hits=0
research/results/e158-root-choice-repair-2026-09-24-q2-1-hc1.out	chars=9430	longest_[A-Za-z0-9_.-]_run=45	mask_original=0.00s	mask_bounded=0.00s	detect=0.00s	same_text=True	same_masked=True	old_name_hits=0
research/results/e158-root-choice-repair-2026-09-24-q2-2a-g0-ding-only-configuration.out	chars=16220	longest_[A-Za-z0-9_.-]_run=45	mask_original=0.00s	mask_bounded=0.00s	detect=0.00s	same_text=True	same_masked=True	old_name_hits=0
research/results/e158-root-choice-repair-2026-09-24-q2-2a-g0-ding-ring-retained.out	chars=16220	longest_[A-Za-z0-9_.-]_run=45	mask_original=0.00s	mask_bounded=0.00s	detect=0.00s	same_text=True	same_masked=True	old_name_hits=0
research/results/e158-root-choice-repair-2026-09-24-q2-2a-g0-jia-txg-arm.out	chars=15306	longest_[A-Za-z0-9_.-]_run=45	mask_original=0.00s	mask_bounded=0.00s	detect=0.00s	same_text=True	same_masked=True	old_name_hits=0
research/results/e158-root-choice-repair-2026-09-24-q2-2a-g0-today.out	chars=16220	longest_[A-Za-z0-9_.-]_run=45	mask_original=0.00s	mask_bounded=0.00s	detect=0.00s	same_text=True	same_masked=True	old_name_hits=0
research/results/e158-root-choice-repair-2026-09-24-q2-2a-g0-yi-ring-retained.out	chars=16220	longest_[A-Za-z0-9_.-]_run=45	mask_original=0.00s	mask_bounded=0.00s	detect=0.00s	same_text=True	same_masked=True	old_name_hits=0
research/results/e158-root-choice-repair-2026-09-24-q3-1-g0.out	chars=8193	longest_[A-Za-z0-9_.-]_run=49	mask_original=0.00s	mask_bounded=0.00s	detect=0.00s	same_text=True	same_masked=True	old_name_hits=0
research/results/e158-root-choice-repair-2026-09-24-q3-1-s16.out	chars=8085	longest_[A-Za-z0-9_.-]_run=49	mask_original=0.00s	mask_bounded=0.00s	detect=0.00s	same_text=True	same_masked=True	old_name_hits=0
research/results/e158-root-choice-repair-2026-09-24-q3-1-s4.out	chars=8083	longest_[A-Za-z0-9_.-]_run=49	mask_original=0.00s	mask_bounded=0.00s	detect=0.00s	same_text=True	same_masked=True	old_name_hits=0
research/results/e158-root-choice-repair-2026-09-24-q3-1-small-ring.out	chars=8034	longest_[A-Za-z0-9_.-]_run=49	mask_original=0.00s	mask_bounded=0.00s	detect=0.00s	same_text=True	same_masked=True	old_name_hits=0
research/results/e158-root-choice-repair-2026-09-24-segment1-rerun.out	chars=12142	longest_[A-Za-z0-9_.-]_run=47	mask_original=0.00s	mask_bounded=0.00s	detect=0.00s	same_text=True	same_masked=True	old_name_hits=0
research/results/e158-root-choice-repair-2026-09-25-q1-g0-today.out	chars=13229	longest_[A-Za-z0-9_.-]_run=67	mask_original=0.00s	mask_bounded=0.00s	detect=0.00s	same_text=True	same_masked=True	old_name_hits=0
research/results/e158-root-choice-repair-2026-09-25-q1-s16.out	chars=11618	longest_[A-Za-z0-9_.-]_run=67	mask_original=0.00s	mask_bounded=0.00s	detect=0.00s	same_text=True	same_masked=True	old_name_hits=0
research/results/e158-root-choice-repair-2026-09-25-q1-s4.out	chars=11543	longest_[A-Za-z0-9_.-]_run=67	mask_original=0.00s	mask_bounded=0.00s	detect=0.00s	same_text=True	same_masked=True	old_name_hits=0
research/results/e158-root-choice-repair-2026-09-25-q2-2a-g0-today.out	chars=16236	longest_[A-Za-z0-9_.-]_run=45	mask_original=0.00s	mask_bounded=0.00s	detect=0.00s	same_text=True	same_masked=True	old_name_hits=0
research/results/e158-root-choice-repair-2026-09-25-q3-1-g0.out	chars=8179	longest_[A-Za-z0-9_.-]_run=49	mask_original=0.00s	mask_bounded=0.00s	detect=0.00s	same_text=True	same_masked=True	old_name_hits=0
research/results/e158-root-choice-repair-2026-09-25-q3-1-s16.out	chars=8071	longest_[A-Za-z0-9_.-]_run=49	mask_original=0.00s	mask_bounded=0.00s	detect=0.00s	same_text=True	same_masked=True	old_name_hits=0
research/results/e158-root-choice-repair-2026-09-25-q3-1-s4.out	chars=8066	longest_[A-Za-z0-9_.-]_run=49	mask_original=0.00s	mask_bounded=0.00s	detect=0.00s	same_text=True	same_masked=True	old_name_hits=0
research/results/e158-root-choice-repair-2026-09-25-q3-1-small-ring.out	chars=8020	longest_[A-Za-z0-9_.-]_run=49	mask_original=0.00s	mask_bounded=0.00s	detect=0.00s	same_text=True	same_masked=True	old_name_hits=0
research/results/e158-root-choice-repair-2026-09-25-s10-crates-sha256-final.out	chars=23532	longest_[A-Za-z0-9_.-]_run=73	mask_original=0.00s	mask_bounded=0.00s	detect=0.00s	same_text=True	same_masked=True	old_name_hits=0
research/results/e158-root-choice-repair-2026-09-25-s10-crates-sha256.out	chars=22411	longest_[A-Za-z0-9_.-]_run=73	mask_original=0.00s	mask_bounded=0.00s	detect=0.00s	same_text=True	same_masked=True	old_name_hits=0
research/results/e158-root-choice-repair-2026-09-25-segment1-rerun.out	chars=12142	longest_[A-Za-z0-9_.-]_run=47	mask_original=0.00s	mask_bounded=0.00s	detect=0.00s	same_text=True	same_masked=True	old_name_hits=0
research/results/e158-root-choice-repair-2026-09-26-r2-all-a1.out	chars=592654	longest_[A-Za-z0-9_.-]_run=46	mask_original=0.01s	mask_bounded=0.01s	detect=0.03s	same_text=True	same_masked=True	old_name_hits=0
research/results/e158-root-choice-repair-2026-09-26-r2-all-ding-config-only.out	chars=596313	longest_[A-Za-z0-9_.-]_run=46	mask_original=0.01s	mask_bounded=0.01s	detect=0.03s	same_text=True	same_masked=True	old_name_hits=0
research/results/e158-root-choice-repair-2026-09-26-r2-all-ding-keep-ring.out	chars=595299	longest_[A-Za-z0-9_.-]_run=46	mask_original=0.01s	mask_bounded=0.01s	detect=0.03s	same_text=True	same_masked=True	old_name_hits=0
research/results/e158-root-choice-repair-2026-09-26-r2-all-jia-txg.out	chars=591697	longest_[A-Za-z0-9_.-]_run=46	mask_original=0.01s	mask_bounded=0.01s	detect=0.03s	same_text=True	same_masked=True	old_name_hits=0
research/results/e158-root-choice-repair-2026-09-26-r2-all-today.out	chars=596934	longest_[A-Za-z0-9_.-]_run=46	mask_original=0.01s	mask_bounded=0.01s	detect=0.03s	same_text=True	same_masked=True	old_name_hits=0
research/results/e158-root-choice-repair-2026-09-26-r2-all-today-snapshot.out	chars=597341	longest_[A-Za-z0-9_.-]_run=46	mask_original=0.01s	mask_bounded=0.01s	detect=0.03s	same_text=True	same_masked=True	old_name_hits=0
research/results/e158-root-choice-repair-2026-09-26-r2-all-yi-config-only.out	chars=596313	longest_[A-Za-z0-9_.-]_run=46	mask_original=0.01s	mask_bounded=0.01s	detect=0.03s	same_text=True	same_masked=True	old_name_hits=0
research/results/e158-root-choice-repair-2026-09-26-r2-all-yif-keep-ring.out	chars=593102	longest_[A-Za-z0-9_.-]_run=46	mask_original=0.01s	mask_bounded=0.01s	detect=0.03s	same_text=True	same_masked=True	old_name_hits=0
research/results/e158-root-choice-repair-2026-09-26-r2-all-yi-keep-ring.out	chars=595299	longest_[A-Za-z0-9_.-]_run=46	mask_original=0.01s	mask_bounded=0.01s	detect=0.03s	same_text=True	same_masked=True	old_name_hits=0
research/results/e158-root-choice-repair-2026-09-27-r2-all-today.out	chars=618546	longest_[A-Za-z0-9_.-]_run=64	mask_original=0.01s	mask_bounded=0.01s	detect=0.03s	same_text=True	same_masked=True	old_name_hits=0
research/results/e158-root-choice-repair-2026-09-27-r3-seg1-bing-cfg-carry.out	chars=669922	longest_[A-Za-z0-9_.-]_run=64	mask_original=0.01s	mask_bounded=0.01s	detect=0.03s	same_text=True	same_masked=True	old_name_hits=0
research/results/e158-root-choice-repair-2026-09-27-r3-seg1-bing-cfg.out	chars=663340	longest_[A-Za-z0-9_.-]_run=64	mask_original=0.01s	mask_bounded=0.01s	detect=0.03s	same_text=True	same_masked=True	old_name_hits=0
research/results/e158-root-choice-repair-2026-09-27-r3-seg1-compare.out	chars=8840	longest_[A-Za-z0-9_.-]_run=64	mask_original=0.00s	mask_bounded=0.00s	detect=0.00s	same_text=True	same_masked=True	old_name_hits=0
research/results/e158-root-choice-repair-2026-09-27-r3-seg1-jia-cfg-carry.out	chars=150931	longest_[A-Za-z0-9_.-]_run=64	mask_original=0.00s	mask_bounded=0.00s	detect=0.01s	same_text=True	same_masked=True	old_name_hits=0
research/results/e158-root-choice-repair-2026-09-27-r3-seg1-jia-cfg.out	chars=149533	longest_[A-Za-z0-9_.-]_run=64	mask_original=0.00s	mask_bounded=0.00s	detect=0.01s	same_text=True	same_masked=True	old_name_hits=0
research/results/e158-root-choice-repair-2026-09-27-r3-seg1-jia-slot.out	chars=632212	longest_[A-Za-z0-9_.-]_run=64	mask_original=0.01s	mask_bounded=0.01s	detect=0.03s	same_text=True	same_masked=True	old_name_hits=0
research/results/e158-root-choice-repair-2026-09-27-r3-seg1-today.out	chars=965959	longest_[A-Za-z0-9_.-]_run=64	mask_original=0.02s	mask_bounded=0.01s	detect=0.05s	same_text=True	same_masked=True	old_name_hits=0
research/results/e158-root-choice-repair-2026-09-27-r3-seg1-yi-cfg-carry.out	chars=755535	longest_[A-Za-z0-9_.-]_run=64	mask_original=0.01s	mask_bounded=0.01s	detect=0.04s	same_text=True	same_masked=True	old_name_hits=0
research/results/e158-root-choice-repair-2026-09-27-r3-seg1-yi-cfg.out	chars=748371	longest_[A-Za-z0-9_.-]_run=64	mask_original=0.01s	mask_bounded=0.01s	detect=0.04s	same_text=True	same_masked=True	old_name_hits=0
research/results/e158-root-choice-repair-2026-09-27-r3-seg1-yi-slot.out	chars=1715050	longest_[A-Za-z0-9_.-]_run=64	mask_original=0.03s	mask_bounded=0.02s	detect=0.08s	same_text=True	same_masked=True	old_name_hits=0
research/results/e158-root-choice-repair-2026-09-27-r4-compare.out	chars=341903	longest_[A-Za-z0-9_.-]_run=79	mask_original=0.00s	mask_bounded=0.00s	detect=0.01s	same_text=True	same_masked=True	old_name_hits=0
research/results/e158-root-choice-repair-2026-09-27-r4-seg1-bing-cfg-carry.out	chars=889903	longest_[A-Za-z0-9_.-]_run=64	mask_original=0.02s	mask_bounded=0.01s	detect=0.04s	same_text=True	same_masked=True	old_name_hits=0
research/results/e158-root-choice-repair-2026-09-27-r4-seg1-bing-cfg.out	chars=883099	longest_[A-Za-z0-9_.-]_run=64	mask_original=0.02s	mask_bounded=0.01s	detect=0.04s	same_text=True	same_masked=True	old_name_hits=0
research/results/e158-root-choice-repair-2026-09-27-r4-seg1-compare.out	chars=82945	longest_[A-Za-z0-9_.-]_run=66	mask_original=0.00s	mask_bounded=0.00s	detect=0.00s	same_text=True	same_masked=True	old_name_hits=0
research/results/e158-root-choice-repair-2026-09-27-r4-seg1-jia-cfg-carry.out	chars=203885	longest_[A-Za-z0-9_.-]_run=64	mask_original=0.00s	mask_bounded=0.00s	detect=0.01s	same_text=True	same_masked=True	old_name_hits=0
research/results/e158-root-choice-repair-2026-09-27-r4-seg1-jia-cfg.out	chars=202265	longest_[A-Za-z0-9_.-]_run=64	mask_original=0.00s	mask_bounded=0.00s	detect=0.01s	same_text=True	same_masked=True	old_name_hits=0
research/results/e158-root-choice-repair-2026-09-27-r4-seg1-jia-slot.out	chars=843834	longest_[A-Za-z0-9_.-]_run=64	mask_original=0.02s	mask_bounded=0.01s	detect=0.04s	same_text=True	same_masked=True	old_name_hits=0
research/results/e158-root-choice-repair-2026-09-27-r4-seg1-today.out	chars=1339131	longest_[A-Za-z0-9_.-]_run=72	mask_original=0.03s	mask_bounded=0.01s	detect=0.07s	same_text=True	same_masked=True	old_name_hits=0
research/results/e158-root-choice-repair-2026-09-27-r4-seg1-yi-cfg-carry.out	chars=1685636	longest_[A-Za-z0-9_.-]_run=64	mask_original=0.03s	mask_bounded=0.01s	detect=0.08s	same_text=True	same_masked=True	old_name_hits=0
research/results/e158-root-choice-repair-2026-09-27-r4-seg1-yi-cfg.out	chars=1673054	longest_[A-Za-z0-9_.-]_run=64	mask_original=0.03s	mask_bounded=0.01s	detect=0.08s	same_text=True	same_masked=True	old_name_hits=0
research/results/e158-root-choice-repair-2026-09-27-r4-seg1-yi-narrow-cfg-carry.out	chars=1353114	longest_[A-Za-z0-9_.-]_run=64	mask_original=0.03s	mask_bounded=0.01s	detect=0.06s	same_text=True	same_masked=True	old_name_hits=0
research/results/e158-root-choice-repair-2026-09-27-r4-seg1-yi-narrow-cfg.out	chars=1343124	longest_[A-Za-z0-9_.-]_run=64	mask_original=0.03s	mask_bounded=0.01s	detect=0.07s	same_text=True	same_masked=True	old_name_hits=0
research/results/e158-root-choice-repair-2026-09-27-r4-seg1-yi-narrow-slot.out	chars=2295450	longest_[A-Za-z0-9_.-]_run=64	mask_original=0.04s	mask_bounded=0.02s	detect=0.11s	same_text=True	same_masked=True	old_name_hits=0
research/results/e158-root-choice-repair-2026-09-27-r4-seg1-yi-slot.out	chars=2278936	longest_[A-Za-z0-9_.-]_run=64	mask_original=0.04s	mask_bounded=0.02s	detect=0.11s	same_text=True	same_masked=True	old_name_hits=0
research/results/e158-root-choice-repair-2026-09-27-r4-seg2b-bing-cfg-carry.out	chars=906816	longest_[A-Za-z0-9_.-]_run=64	mask_original=0.02s	mask_bounded=0.01s	detect=0.04s	same_text=True	same_masked=True	old_name_hits=0
research/results/e158-root-choice-repair-2026-09-27-r4-seg2b-bing-cfg.out	chars=896310	longest_[A-Za-z0-9_.-]_run=64	mask_original=0.02s	mask_bounded=0.01s	detect=0.04s	same_text=True	same_masked=True	old_name_hits=0
research/results/e158-root-choice-repair-2026-09-27-r4-seg2b-compare.out	chars=59589	longest_[A-Za-z0-9_.-]_run=67	mask_original=0.00s	mask_bounded=0.00s	detect=0.00s	same_text=True	same_masked=True	old_name_hits=0
research/results/e158-root-choice-repair-2026-09-27-r4-seg2b-compare-r2.out	chars=59648	longest_[A-Za-z0-9_.-]_run=67	mask_original=0.00s	mask_bounded=0.00s	detect=0.00s	same_text=True	same_masked=True	old_name_hits=0
research/results/e158-root-choice-repair-2026-09-27-r4-seg2-bing-cfg-carry.out	chars=907105	longest_[A-Za-z0-9_.-]_run=64	mask_original=0.02s	mask_bounded=0.01s	detect=0.04s	same_text=True	same_masked=True	old_name_hits=0
research/results/e158-root-choice-repair-2026-09-27-r4-seg2-bing-cfg.out	chars=896599	longest_[A-Za-z0-9_.-]_run=64	mask_original=0.02s	mask_bounded=0.01s	detect=0.04s	same_text=True	same_masked=True	old_name_hits=0
research/results/e158-root-choice-repair-2026-09-27-r4-seg2b-jia-cfg-carry.out	chars=905360	longest_[A-Za-z0-9_.-]_run=64	mask_original=0.02s	mask_bounded=0.01s	detect=0.04s	same_text=True	same_masked=True	old_name_hits=0
research/results/e158-root-choice-repair-2026-09-27-r4-seg2b-jia-cfg.out	chars=894854	longest_[A-Za-z0-9_.-]_run=64	mask_original=0.02s	mask_bounded=0.01s	detect=0.04s	same_text=True	same_masked=True	old_name_hits=0
research/results/e158-root-choice-repair-2026-09-27-r4-seg2b-jia-slot.out	chars=922832	longest_[A-Za-z0-9_.-]_run=64	mask_original=0.02s	mask_bounded=0.01s	detect=0.05s	same_text=True	same_masked=True	old_name_hits=0
research/results/e158-root-choice-repair-2026-09-27-r4-seg2b-today.out	chars=857990	longest_[A-Za-z0-9_.-]_run=68	mask_original=0.02s	mask_bounded=0.01s	detect=0.04s	same_text=True	same_masked=True	old_name_hits=0
research/results/e158-root-choice-repair-2026-09-27-r4-seg2b-yi-cfg-carry.out	chars=903743	longest_[A-Za-z0-9_.-]_run=64	mask_original=0.02s	mask_bounded=0.01s	detect=0.04s	same_text=True	same_masked=True	old_name_hits=0
research/results/e158-root-choice-repair-2026-09-27-r4-seg2b-yi-cfg.out	chars=893237	longest_[A-Za-z0-9_.-]_run=64	mask_original=0.02s	mask_bounded=0.01s	detect=0.04s	same_text=True	same_masked=True	old_name_hits=0
research/results/e158-root-choice-repair-2026-09-27-r4-seg2b-yi-narrow-cfg-carry.out	chars=915479	longest_[A-Za-z0-9_.-]_run=64	mask_original=0.02s	mask_bounded=0.01s	detect=0.04s	same_text=True	same_masked=True	old_name_hits=0
research/results/e158-root-choice-repair-2026-09-27-r4-seg2b-yi-narrow-cfg.out	chars=904973	longest_[A-Za-z0-9_.-]_run=64	mask_original=0.02s	mask_bounded=0.01s	detect=0.05s	same_text=True	same_masked=True	old_name_hits=0
research/results/e158-root-choice-repair-2026-09-27-r4-seg2b-yi-narrow-slot.out	chars=932956	longest_[A-Za-z0-9_.-]_run=64	mask_original=0.02s	mask_bounded=0.01s	detect=0.05s	same_text=True	same_masked=True	old_name_hits=0
research/results/e158-root-choice-repair-2026-09-27-r4-seg2b-yi-slot.out	chars=921055	longest_[A-Za-z0-9_.-]_run=64	mask_original=0.02s	mask_bounded=0.01s	detect=0.04s	same_text=True	same_masked=True	old_name_hits=0
research/results/e158-root-choice-repair-2026-09-27-r4-seg2-compare.out	chars=59636	longest_[A-Za-z0-9_.-]_run=66	mask_original=0.00s	mask_bounded=0.00s	detect=0.00s	same_text=True	same_masked=True	old_name_hits=0
research/results/e158-root-choice-repair-2026-09-27-r4-seg2-jia-cfg-carry.out	chars=905649	longest_[A-Za-z0-9_.-]_run=64	mask_original=0.02s	mask_bounded=0.01s	detect=0.04s	same_text=True	same_masked=True	old_name_hits=0
research/results/e158-root-choice-repair-2026-09-27-r4-seg2-jia-cfg.out	chars=895143	longest_[A-Za-z0-9_.-]_run=64	mask_original=0.02s	mask_bounded=0.01s	detect=0.04s	same_text=True	same_masked=True	old_name_hits=0
research/results/e158-root-choice-repair-2026-09-27-r4-seg2-jia-slot.out	chars=923064	longest_[A-Za-z0-9_.-]_run=64	mask_original=0.02s	mask_bounded=0.01s	detect=0.04s	same_text=True	same_masked=True	old_name_hits=0
research/results/e158-root-choice-repair-2026-09-27-r4-seg2-today.out	chars=858222	longest_[A-Za-z0-9_.-]_run=68	mask_original=0.02s	mask_bounded=0.01s	detect=0.04s	same_text=True	same_masked=True	old_name_hits=0
research/results/e158-root-choice-repair-2026-09-27-r4-seg2-yi-cfg-carry.out	chars=904032	longest_[A-Za-z0-9_.-]_run=64	mask_original=0.02s	mask_bounded=0.01s	detect=0.04s	same_text=True	same_masked=True	old_name_hits=0
research/results/e158-root-choice-repair-2026-09-27-r4-seg2-yi-cfg.out	chars=893526	longest_[A-Za-z0-9_.-]_run=64	mask_original=0.02s	mask_bounded=0.01s	detect=0.04s	same_text=True	same_masked=True	old_name_hits=0
research/results/e158-root-choice-repair-2026-09-27-r4-seg2-yi-narrow-cfg-carry.out	chars=915768	longest_[A-Za-z0-9_.-]_run=64	mask_original=0.02s	mask_bounded=0.01s	detect=0.04s	same_text=True	same_masked=True	old_name_hits=0
research/results/e158-root-choice-repair-2026-09-27-r4-seg2-yi-narrow-cfg.out	chars=905262	longest_[A-Za-z0-9_.-]_run=64	mask_original=0.02s	mask_bounded=0.01s	detect=0.04s	same_text=True	same_masked=True	old_name_hits=0
research/results/e158-root-choice-repair-2026-09-27-r4-seg2-yi-narrow-slot.out	chars=933188	longest_[A-Za-z0-9_.-]_run=64	mask_original=0.02s	mask_bounded=0.01s	detect=0.05s	same_text=True	same_masked=True	old_name_hits=0
research/results/e158-root-choice-repair-2026-09-27-r4-seg2-yi-slot.out	chars=921287	longest_[A-Za-z0-9_.-]_run=64	mask_original=0.02s	mask_bounded=0.01s	detect=0.04s	same_text=True	same_masked=True	old_name_hits=0
research/results/e158-root-choice-repair-2026-09-27-r4-seg3-bing-cfg-carry.out	chars=1994595	longest_[A-Za-z0-9_.-]_run=64	mask_original=0.04s	mask_bounded=0.02s	detect=0.10s	same_text=True	same_masked=True	old_name_hits=0
research/results/e158-root-choice-repair-2026-09-27-r4-seg3-bing-cfg.out	chars=1979425	longest_[A-Za-z0-9_.-]_run=64	mask_original=0.04s	mask_bounded=0.02s	detect=0.10s	same_text=True	same_masked=True	old_name_hits=0
research/results/e158-root-choice-repair-2026-09-27-r4-seg3-compare.out	chars=39620	longest_[A-Za-z0-9_.-]_run=66	mask_original=0.00s	mask_bounded=0.00s	detect=0.00s	same_text=True	same_masked=True	old_name_hits=0
research/results/e158-root-choice-repair-2026-09-27-r4-seg3-jia-cfg-carry.out	chars=400887	longest_[A-Za-z0-9_.-]_run=64	mask_original=0.01s	mask_bounded=0.00s	detect=0.02s	same_text=True	same_masked=True	old_name_hits=0
research/results/e158-root-choice-repair-2026-09-27-r4-seg3-jia-cfg.out	chars=397589	longest_[A-Za-z0-9_.-]_run=64	mask_original=0.01s	mask_bounded=0.00s	detect=0.02s	same_text=True	same_masked=True	old_name_hits=0
research/results/e158-root-choice-repair-2026-09-27-r4-seg3-jia-slot.out	chars=1974368	longest_[A-Za-z0-9_.-]_run=64	mask_original=0.04s	mask_bounded=0.02s	detect=0.10s	same_text=True	same_masked=True	old_name_hits=0
research/results/e158-root-choice-repair-2026-09-27-r4-seg3-today.out	chars=3206748	longest_[A-Za-z0-9_.-]_run=64	mask_original=0.06s	mask_bounded=0.03s	detect=0.15s	same_text=True	same_masked=True	old_name_hits=0
research/results/e158-root-choice-repair-2026-09-27-r4-seg3-yi-cfg-carry.out	chars=3807639	longest_[A-Za-z0-9_.-]_run=64	mask_original=0.07s	mask_bounded=0.03s	detect=0.18s	same_text=True	same_masked=True	old_name_hits=0
research/results/e158-root-choice-repair-2026-09-27-r4-seg3-yi-cfg.out	chars=3779305	longest_[A-Za-z0-9_.-]_run=64	mask_original=0.07s	mask_bounded=0.03s	detect=0.18s	same_text=True	same_masked=True	old_name_hits=0
research/results/e158-root-choice-repair-2026-09-27-r4-seg3-yi-narrow-cfg-carry.out	chars=3034139	longest_[A-Za-z0-9_.-]_run=64	mask_original=0.06s	mask_bounded=0.03s	detect=0.15s	same_text=True	same_masked=True	old_name_hits=0
research/results/e158-root-choice-repair-2026-09-27-r4-seg3-yi-narrow-cfg.out	chars=3011837	longest_[A-Za-z0-9_.-]_run=64	mask_original=0.06s	mask_bounded=0.03s	detect=0.14s	same_text=True	same_masked=True	old_name_hits=0
research/results/e158-root-choice-repair-2026-09-27-r4-seg3-yi-narrow-slot.out	chars=5395862	longest_[A-Za-z0-9_.-]_run=64	mask_original=0.10s	mask_bounded=0.05s	detect=0.25s	same_text=True	same_masked=True	old_name_hits=0
research/results/e158-root-choice-repair-2026-09-27-r4-seg3-yi-slot.out	chars=5357639	longest_[A-Za-z0-9_.-]_run=64	mask_original=0.10s	mask_bounded=0.05s	detect=0.25s	same_text=True	same_masked=True	old_name_hits=0
research/results/e158-root-choice-repair-2026-09-27-r4-seg4-bing-cfg-carry.out	chars=694035	longest_[A-Za-z0-9_.-]_run=64	mask_original=0.01s	mask_bounded=0.01s	detect=0.03s	same_text=True	same_masked=True	old_name_hits=0
research/results/e158-root-choice-repair-2026-09-27-r4-seg4-bing-cfg.out	chars=689193	longest_[A-Za-z0-9_.-]_run=64	mask_original=0.01s	mask_bounded=0.01s	detect=0.03s	same_text=True	same_masked=True	old_name_hits=0
research/results/e158-root-choice-repair-2026-09-27-r4-seg4-compare.out	chars=67446	longest_[A-Za-z0-9_.-]_run=66	mask_original=0.00s	mask_bounded=0.00s	detect=0.00s	same_text=True	same_masked=True	old_name_hits=0
research/results/e158-root-choice-repair-2026-09-27-r4-seg4-jia-cfg-carry.out	chars=693092	longest_[A-Za-z0-9_.-]_run=64	mask_original=0.01s	mask_bounded=0.01s	detect=0.03s	same_text=True	same_masked=True	old_name_hits=0
research/results/e158-root-choice-repair-2026-09-27-r4-seg4-jia-cfg.out	chars=688250	longest_[A-Za-z0-9_.-]_run=64	mask_original=0.01s	mask_bounded=0.01s	detect=0.03s	same_text=True	same_masked=True	old_name_hits=0
research/results/e158-root-choice-repair-2026-09-27-r4-seg4-jia-slot.out	chars=690615	longest_[A-Za-z0-9_.-]_run=64	mask_original=0.01s	mask_bounded=0.01s	detect=0.03s	same_text=True	same_masked=True	old_name_hits=0
research/results/e158-root-choice-repair-2026-09-27-r4-seg4-today.out	chars=599981	longest_[A-Za-z0-9_.-]_run=64	mask_original=0.01s	mask_bounded=0.01s	detect=0.03s	same_text=True	same_masked=True	old_name_hits=0
research/results/e158-root-choice-repair-2026-09-27-r4-seg4-yi-cfg-carry.out	chars=692331	longest_[A-Za-z0-9_.-]_run=64	mask_original=0.01s	mask_bounded=0.01s	detect=0.03s	same_text=True	same_masked=True	old_name_hits=0
research/results/e158-root-choice-repair-2026-09-27-r4-seg4-yi-cfg.out	chars=687489	longest_[A-Za-z0-9_.-]_run=64	mask_original=0.01s	mask_bounded=0.01s	detect=0.03s	same_text=True	same_masked=True	old_name_hits=0
research/results/e158-root-choice-repair-2026-09-27-r4-seg4-yi-narrow-cfg-carry.out	chars=697235	longest_[A-Za-z0-9_.-]_run=64	mask_original=0.01s	mask_bounded=0.01s	detect=0.03s	same_text=True	same_masked=True	old_name_hits=0
research/results/e158-root-choice-repair-2026-09-27-r4-seg4-yi-narrow-cfg.out	chars=692393	longest_[A-Za-z0-9_.-]_run=64	mask_original=0.01s	mask_bounded=0.01s	detect=0.03s	same_text=True	same_masked=True	old_name_hits=0
research/results/e158-root-choice-repair-2026-09-27-r4-seg4-yi-narrow-slot.out	chars=694760	longest_[A-Za-z0-9_.-]_run=64	mask_original=0.01s	mask_bounded=0.01s	detect=0.03s	same_text=True	same_masked=True	old_name_hits=0
research/results/e158-root-choice-repair-2026-09-27-r4-seg4-yi-slot.out	chars=689846	longest_[A-Za-z0-9_.-]_run=64	mask_original=0.01s	mask_bounded=0.01s	detect=0.03s	same_text=True	same_masked=True	old_name_hits=0
research/results/e158-root-choice-repair-2026-09-27-r4-seg5-bing-cfg-carry.out	chars=1020620	longest_[A-Za-z0-9_.-]_run=64	mask_original=0.02s	mask_bounded=0.01s	detect=0.05s	same_text=True	same_masked=True	old_name_hits=0
research/results/e158-root-choice-repair-2026-09-27-r4-seg5-bing-cfg.out	chars=1013402	longest_[A-Za-z0-9_.-]_run=64	mask_original=0.02s	mask_bounded=0.01s	detect=0.05s	same_text=True	same_masked=True	old_name_hits=0
research/results/e158-root-choice-repair-2026-09-27-r4-seg5-compare.out	chars=134202	longest_[A-Za-z0-9_.-]_run=79	mask_original=0.00s	mask_bounded=0.00s	detect=0.00s	same_text=True	same_masked=True	old_name_hits=0
research/results/e158-root-choice-repair-2026-09-27-r4-seg5-jia-cfg-carry.out	chars=1022883	longest_[A-Za-z0-9_.-]_run=64	mask_original=0.02s	mask_bounded=0.01s	detect=0.05s	same_text=True	same_masked=True	old_name_hits=0
research/results/e158-root-choice-repair-2026-09-27-r4-seg5-jia-cfg.out	chars=1015665	longest_[A-Za-z0-9_.-]_run=64	mask_original=0.02s	mask_bounded=0.01s	detect=0.05s	same_text=True	same_masked=True	old_name_hits=0
research/results/e158-root-choice-repair-2026-09-27-r4-seg5-jia-slot.out	chars=1002906	longest_[A-Za-z0-9_.-]_run=64	mask_original=0.02s	mask_bounded=0.01s	detect=0.05s	same_text=True	same_masked=True	old_name_hits=0
research/results/e158-root-choice-repair-2026-09-27-r4-seg5-today.out	chars=895356	longest_[A-Za-z0-9_.-]_run=64	mask_original=0.02s	mask_bounded=0.01s	detect=0.04s	same_text=True	same_masked=True	old_name_hits=0
research/results/e158-root-choice-repair-2026-09-27-r4-seg5-yi-cfg-carry.out	chars=1536658	longest_[A-Za-z0-9_.-]_run=64	mask_original=0.03s	mask_bounded=0.01s	detect=0.07s	same_text=True	same_masked=True	old_name_hits=0
research/results/e158-root-choice-repair-2026-09-27-r4-seg5-yi-cfg-carry-three-rounds.out	chars=608610	longest_[A-Za-z0-9_.-]_run=64	mask_original=0.01s	mask_bounded=0.01s	detect=0.03s	same_text=True	same_masked=True	old_name_hits=0
research/results/e158-root-choice-repair-2026-09-27-r4-seg5-yi-cfg.out	chars=1526722	longest_[A-Za-z0-9_.-]_run=64	mask_original=0.03s	mask_bounded=0.01s	detect=0.07s	same_text=True	same_masked=True	old_name_hits=0
research/results/e158-root-choice-repair-2026-09-27-r4-seg5-yi-cfg-three-rounds.out	chars=605118	longest_[A-Za-z0-9_.-]_run=64	mask_original=0.01s	mask_bounded=0.01s	detect=0.03s	same_text=True	same_masked=True	old_name_hits=0
research/results/e158-root-choice-repair-2026-09-27-r4-seg5-yi-narrow-cfg-carry.out	chars=1547529	longest_[A-Za-z0-9_.-]_run=64	mask_original=0.03s	mask_bounded=0.01s	detect=0.07s	same_text=True	same_masked=True	old_name_hits=0
research/results/e158-root-choice-repair-2026-09-27-r4-seg5-yi-narrow-cfg-carry-three-rounds.out	chars=613821	longest_[A-Za-z0-9_.-]_run=64	mask_original=0.01s	mask_bounded=0.01s	detect=0.03s	same_text=True	same_masked=True	old_name_hits=0
research/results/e158-root-choice-repair-2026-09-27-r4-seg5-yi-narrow-cfg.out	chars=1537593	longest_[A-Za-z0-9_.-]_run=64	mask_original=0.03s	mask_bounded=0.01s	detect=0.07s	same_text=True	same_masked=True	old_name_hits=0
research/results/e158-root-choice-repair-2026-09-27-r4-seg5-yi-narrow-cfg-three-rounds.out	chars=610329	longest_[A-Za-z0-9_.-]_run=64	mask_original=0.01s	mask_bounded=0.01s	detect=0.03s	same_text=True	same_masked=True	old_name_hits=0
research/results/e158-root-choice-repair-2026-09-27-r4-seg5-yi-narrow-slot.out	chars=1525328	longest_[A-Za-z0-9_.-]_run=64	mask_original=0.03s	mask_bounded=0.01s	detect=0.07s	same_text=True	same_masked=True	old_name_hits=0
research/results/e158-root-choice-repair-2026-09-27-r4-seg5-yi-narrow-slot-three-rounds.out	chars=604732	longest_[A-Za-z0-9_.-]_run=64	mask_original=0.01s	mask_bounded=0.01s	detect=0.03s	same_text=True	same_masked=True	old_name_hits=0
research/results/e158-root-choice-repair-2026-09-27-r4-seg5-yi-slot.out	chars=1516807	longest_[A-Za-z0-9_.-]_run=64	mask_original=0.03s	mask_bounded=0.01s	detect=0.07s	same_text=True	same_masked=True	old_name_hits=0
research/results/e158-root-choice-repair-2026-09-27-r4-seg5-yi-slot-three-rounds.out	chars=601859	longest_[A-Za-z0-9_.-]_run=64	mask_original=0.01s	mask_bounded=0.01s	detect=0.03s	same_text=True	same_masked=True	old_name_hits=0
research/results/e159-fsync-wait-group-commit-2026-09-24-anchors.out	chars=499	longest_[A-Za-z0-9_.-]_run=68	mask_original=0.00s	mask_bounded=0.00s	detect=0.00s	same_text=True	same_masked=True	old_name_hits=0
research/results/e159-fsync-wait-group-commit-2026-09-24-h311-smoke.out	chars=5539	longest_[A-Za-z0-9_.-]_run=72	mask_original=0.00s	mask_bounded=0.00s	detect=0.00s	same_text=True	same_masked=True	old_name_hits=0
research/results/e159-fsync-wait-group-commit-2026-09-24-smoke.out	chars=13106	longest_[A-Za-z0-9_.-]_run=101	mask_original=0.00s	mask_bounded=0.00s	detect=0.00s	same_text=True	same_masked=True	old_name_hits=0
research/results/e159-fsync-wait-group-commit-2026-09-25-h311-replay.out	chars=499	longest_[A-Za-z0-9_.-]_run=68	mask_original=0.00s	mask_bounded=0.00s	detect=0.00s	same_text=True	same_masked=True	old_name_hits=0
research/results/e160-e152-input-mirror-2026-09-15.out	chars=282034	longest_[A-Za-z0-9_.-]_run=42	mask_original=0.00s	mask_bounded=0.00s	detect=0.01s	same_text=True	same_masked=True	old_name_hits=45
research/results/e160-e152-input-single-2026-09-15.out	chars=266994	longest_[A-Za-z0-9_.-]_run=42	mask_original=0.00s	mask_bounded=0.00s	detect=0.01s	same_text=True	same_masked=True	old_name_hits=45
research/results/e160-random-small-read-share-segment1-2026-09-24.out	chars=22816	longest_[A-Za-z0-9_.-]_run=38	mask_original=0.00s	mask_bounded=0.00s	detect=0.00s	same_text=True	same_masked=True	old_name_hits=0
research/results/e160-random-small-read-share-segment1-2026-09-24-realweight.out	chars=24688	longest_[A-Za-z0-9_.-]_run=50	mask_original=0.00s	mask_bounded=0.00s	detect=0.00s	same_text=True	same_masked=True	old_name_hits=0
research/results/e161-crash-state-dedup-and-time-split-feasibility-2026-09-27.out	chars=59534	longest_[A-Za-z0-9_.-]_run=53	mask_original=0.00s	mask_bounded=0.00s	detect=0.00s	same_text=True	same_masked=True	old_name_hits=0
research/results/e162-crash-verdict-block-store-2026-09-27-anchors-2026-09-28.out	chars=2597	longest_[A-Za-z0-9_.-]_run=64	mask_original=0.00s	mask_bounded=0.00s	detect=0.00s	same_text=True	same_masked=True	old_name_hits=0
research/results/e162-crash-verdict-block-store-2026-09-27-anchors.out	chars=2597	longest_[A-Za-z0-9_.-]_run=64	mask_original=0.00s	mask_bounded=0.00s	detect=0.00s	same_text=True	same_masked=True	old_name_hits=0
research/results/e162-crash-verdict-block-store-2026-09-27-s1-F-decisive.out	chars=100378	longest_[A-Za-z0-9_.-]_run=34	mask_original=0.00s	mask_bounded=0.00s	detect=0.00s	same_text=True	same_masked=True	old_name_hits=0
research/results/e162-crash-verdict-block-store-2026-09-27-s1-F-feasibility.out	chars=28310	longest_[A-Za-z0-9_.-]_run=37	mask_original=0.00s	mask_bounded=0.00s	detect=0.00s	same_text=True	same_masked=True	old_name_hits=0
research/results/e162-crash-verdict-block-store-2026-09-27-s1-K-decisive.out	chars=90919	longest_[A-Za-z0-9_.-]_run=46	mask_original=0.00s	mask_bounded=0.00s	detect=0.00s	same_text=True	same_masked=True	old_name_hits=0
research/results/e162-crash-verdict-block-store-2026-09-27-s1-K-feasibility.out	chars=19290	longest_[A-Za-z0-9_.-]_run=46	mask_original=0.00s	mask_bounded=0.00s	detect=0.00s	same_text=True	same_masked=True	old_name_hits=0
research/results/e162-crash-verdict-block-store-2026-09-27-s1-R0-decisive.out	chars=90913	longest_[A-Za-z0-9_.-]_run=34	mask_original=0.00s	mask_bounded=0.00s	detect=0.00s	same_text=True	same_masked=True	old_name_hits=0
research/results/e162-crash-verdict-block-store-2026-09-27-s1-R0-feasibility.out	chars=19315	longest_[A-Za-z0-9_.-]_run=34	mask_original=0.00s	mask_bounded=0.00s	detect=0.00s	same_text=True	same_masked=True	old_name_hits=0
research/results/e162-crash-verdict-block-store-2026-09-27-s1-R1-decisive.out	chars=91283	longest_[A-Za-z0-9_.-]_run=34	mask_original=0.00s	mask_bounded=0.00s	detect=0.00s	same_text=True	same_masked=True	old_name_hits=0
research/results/e162-crash-verdict-block-store-2026-09-27-s1-R1-feasibility.out	chars=19298	longest_[A-Za-z0-9_.-]_run=34	mask_original=0.00s	mask_bounded=0.00s	detect=0.00s	same_text=True	same_masked=True	old_name_hits=0
research/results/e162-crash-verdict-block-store-2026-09-27-s2-F-feasibility.out	chars=7932	longest_[A-Za-z0-9_.-]_run=65	mask_original=0.00s	mask_bounded=0.00s	detect=0.00s	same_text=True	same_masked=True	old_name_hits=0
research/results/e162-crash-verdict-block-store-2026-09-27-s2-K-feasibility.out	chars=7860	longest_[A-Za-z0-9_.-]_run=65	mask_original=0.00s	mask_bounded=0.00s	detect=0.00s	same_text=True	same_masked=True	old_name_hits=0
research/results/e162-crash-verdict-block-store-2026-09-27-s2-R0-feasibility.out	chars=8206	longest_[A-Za-z0-9_.-]_run=65	mask_original=0.00s	mask_bounded=0.00s	detect=0.00s	same_text=True	same_masked=True	old_name_hits=0
research/results/e162-crash-verdict-block-store-2026-09-27-s2-R1-feasibility.out	chars=7935	longest_[A-Za-z0-9_.-]_run=65	mask_original=0.00s	mask_bounded=0.00s	detect=0.00s	same_text=True	same_masked=True	old_name_hits=0
research/results/e162-crash-verdict-block-store-mutate-2026-09-27-features.log	chars=2099	longest_[A-Za-z0-9_.-]_run=72	mask_original=0.00s	mask_bounded=0.00s	detect=0.00s	same_text=True	same_masked=True	old_name_hits=0
research/results/e162-verdict-store-network-2026-09-28-anchors.out	chars=2169	longest_[A-Za-z0-9_.-]_run=64	mask_original=0.00s	mask_bounded=0.00s	detect=0.00s	same_text=True	same_masked=True	old_name_hits=0
research/results/e162-verdict-store-network-2026-09-28-s3-loopback-R1.out	chars=39814	longest_[A-Za-z0-9_.-]_run=64	mask_original=0.00s	mask_bounded=0.00s	detect=0.00s	same_text=True	same_masked=True	old_name_hits=0
research/results/e162-verdict-store-power-cut-2026-09-27-dry-run.out	chars=23173	longest_[A-Za-z0-9_.-]_run=64	mask_original=0.00s	mask_bounded=0.00s	detect=0.00s	same_text=True	same_masked=True	old_name_hits=0
research/results/e162-verdict-store-power-cut-2026-09-27-selftest.out	chars=5686	longest_[A-Za-z0-9_.-]_run=64	mask_original=0.00s	mask_bounded=0.00s	detect=0.00s	same_text=True	same_masked=True	old_name_hits=0
research/results/e162-verdict-store-power-cut-2026-09-27-selftest-r2.out	chars=5686	longest_[A-Za-z0-9_.-]_run=64	mask_original=0.00s	mask_bounded=0.00s	detect=0.00s	same_text=True	same_masked=True	old_name_hits=0
research/results/e162-verdict-store-power-cut-mutate-2026-09-27.log	chars=2289	longest_[A-Za-z0-9_.-]_run=82	mask_original=0.00s	mask_bounded=0.00s	detect=0.00s	same_text=True	same_masked=True	old_name_hits=0
research/results/e162-verdict-store-power-cut-mutate-2026-09-27-r2.log	chars=2289	longest_[A-Za-z0-9_.-]_run=82	mask_original=0.00s	mask_bounded=0.00s	detect=0.00s	same_text=True	same_masked=True	old_name_hits=0
research/results/e163-gpu-multicard-crc32c-2026-09-27-f1.out	chars=2501	longest_[A-Za-z0-9_.-]_run=34	mask_original=0.00s	mask_bounded=0.00s	detect=0.00s	same_text=True	same_masked=True	old_name_hits=0
research/results/e163-gpu-multicard-crc32c-2026-09-27-f2.out	chars=1742	longest_[A-Za-z0-9_.-]_run=34	mask_original=0.00s	mask_bounded=0.00s	detect=0.00s	same_text=True	same_masked=True	old_name_hits=0
research/results/e163-gpu-multicard-crc32c-2026-09-27-r1-merge.out	chars=898	longest_[A-Za-z0-9_.-]_run=34	mask_original=0.00s	mask_bounded=0.00s	detect=0.00s	same_text=True	same_masked=True	old_name_hits=0
research/results/e163-gpu-multicard-crc32c-2026-09-27-r1.out	chars=38682	longest_[A-Za-z0-9_.-]_run=64	mask_original=0.00s	mask_bounded=0.00s	detect=0.00s	same_text=True	same_masked=True	old_name_hits=0
research/results/e163-gpu-multicard-crc32c-2026-09-27-r2.out	chars=8860	longest_[A-Za-z0-9_.-]_run=64	mask_original=0.00s	mask_bounded=0.00s	detect=0.00s	same_text=True	same_masked=True	old_name_hits=0
research/results/e43-ext-budget-2026-09-24-h311.out	chars=18665	longest_[A-Za-z0-9_.-]_run=29	mask_original=0.00s	mask_bounded=0.00s	detect=0.00s	same_text=True	same_masked=True	old_name_hits=0
research/results/e49-chain-width-2026-09-25.out	chars=25106	longest_[A-Za-z0-9_.-]_run=35	mask_original=0.00s	mask_bounded=0.00s	detect=0.00s	same_text=True	same_masked=True	old_name_hits=0
research/results/e99-writebuffer-seq-2026-09-03.out	chars=3869	longest_[A-Za-z0-9_.-]_run=31	mask_original=0.00s	mask_bounded=0.00s	detect=0.00s	same_text=True	same_masked=True	old_name_hits=0
research/results/gate69-refresh-replay-e155-e157-e159-2026-09-25.log	chars=964	longest_[A-Za-z0-9_.-]_run=73	mask_original=0.00s	mask_bounded=0.00s	detect=0.00s	same_text=True	same_masked=True	old_name_hits=0
research/results/gate69-refresh-replay-e155-e157-e159-postupdate-2026-09-25.log	chars=993	longest_[A-Za-z0-9_.-]_run=73	mask_original=0.00s	mask_bounded=0.00s	detect=0.00s	same_text=True	same_masked=True	old_name_hits=0
rc=0
