bash research/scripts/ask-local-selftest.sh	0	0.4
python3 research/scripts/checklist-specs.py --selftest	0	0.1
python3 research/scripts/quote-kb.py --selftest	0	0.1
python3 research/scripts/kb-sections.py --selftest	0	0.0
python3 research/scripts/check-segment-registry.py --selftest	0	0.1
python3 research/scripts/replace-once.py --selftest	0	0.1
python3 research/scripts/replace-batch.py --selftest	0	0.1
python3 research/scripts/e152-tables.py --selftest	0	0.0
python3 research/scripts/agent-watch.py --selftest	0	121.3
python3 research/scripts/quote-rust-items.py --selftest	0	0.0
python3 research/scripts/sweep-term.py --selftest	0	0.1
python3 research/scripts/archive-past-rounds.py --selftest	0	0.1
python3 research/scripts/insert-row.py --selftest	0	0.1
bash research/scripts/cache-keepalive.sh --selftest	0	1.1
bash research/scripts/watch.sh --selftest	0	0.3
python3 research/scripts/stale-candidates.py --selftest	0	0.2
python3 research/scripts/stale-candidates.py --benchmark	0	0.7
python3 research/scripts/test-environment-check.py --selftest	0	0.3
bash research/scripts/change-touches-crates.sh --selftest	0	0.1
bash research/scripts/verify-citations.sh --selftest	0	0.4
python3 research/scripts/agent-handover.py --selftest	0	0.1
python3 research/scripts/decision-slim-check.py --selftest	0	0.0
python3 research/scripts/pdf-text.py --selftest	0	0.1
python3 research/scripts/rules-sweep-audit.py --selftest	0	0.0
bash research/scripts/stage-must-run.sh --selftest	0	1.6
bash research/scripts/changed-paths.sh --selftest	0	0.1
bash research/scripts/gate-staged.sh --selftest	0	1.3
python3 research/scripts/admission.py --selftest	0	39.1
bash research/scripts/capped.sh --selftest	0	0.3
bash research/scripts/stage-run-or-skip.sh --selftest	0	0.0
bash research/scripts/layer0-shard-run.sh --selftest	0	145.7
bash research/scripts/mutation-shard-run.sh --selftest	0	25.8
bash research/scripts/multi-host-run.sh --selftest	0	7.7
bash research/scripts/run-with-memory-cap.sh --selftest	0	34.5
bash research/scripts/mutate.sh --selftest	0	18.1
python3 research/scripts/cite-check.py --selftest	0	0.0
python3 research/scripts/kb-spec-check.py --selftest	0	0.0
python3 research/scripts/crash-case-check.py --selftest	0	0.0
bash research/scripts/prove-red.sh --selftest	0	0.1
python3 research/scripts/apply-writer-patch.py --selftest	0	0.0
python3 research/scripts/closeout-status.py --selftest	0	0.0
python3 research/scripts/compile-then-swap.py --selftest	0	0.4
python3 research/scripts/corruption-check.py --selftest	0	0.0
python3 research/scripts/crates-mutation-rows.py --selftest	0	1.1
python3 research/scripts/migrate-changelog-format.py --selftest	0	0.1
