lib-singlefs-format	0
lib-singlefs-core	0
lib-singlefs-harness	0
a_block_device_error_while_raising_the_floor_for_space_is_handed_up_as_is	0
acquisition_refuses_a_device_whose_witness_slots_turn_unreadable_and_the_remaining_writer_panics	0
acquisition_writes_the_witnessed_journal_tail_so_two_crashed_acquisitions_still_witness_the_newest_publish	0
admission_checkpoint_cost_per_device_paths	0
admission_refuses_before_units_cannot_land_outside_the_mounts_clustered_segments	101
a_floor_raise_refused_for_space_counts_as_short_of_space	101
a_mount_that_cannot_read_a_newer_root_rereads_once_then_refuses_writable	0
a_publish_returns_only_after_the_system_configuration_rotation_is_durable	0
a_swallowed_barrier_is_in_the_recorded_stream_but_not_on_the_device_side	0
checker_cross_links_malformed_nodes_and_mapping_entries	0
checker_judges_reserved_bytes_and_widths_it_used_to_skip	0
checker_known_bad_images	0
checker_narrow_invariants_and_abandoned_roots	0
core_review_geometry_back_chain_and_empty_inode	0
core_review_tree_table_duplicates_and_slot_one_search	0
core_review_unit_area_start_and_publish_limits	0
corrupt_on_disk_content_is_refused_instead_of_panicking	0
crash_image_journal_hint_matches_the_full_ring_scan	0
entries_after_a_writable_mount_refuse_a_device_without_a_self_verified_system_configuration	0
entries_after_a_writable_mount_refuse_other_parameters_and_device_tables_before_any_write	0
entries_after_mount_refuse_swapped_or_behind_devices	0
first_transaction_region_bytes	0
first_transaction_step_five_publish	0
first_transaction_step_one_mkfs	0
first_transaction_step_six_recovery	0
first_transaction_step_two_data_unit	0
index_node_header_width_computed_three_ways_agrees_for_every_key_width	0
instance_acquisition	0
model_comparison_judges_the_instance_table_and_allocation_generations_of_a_version_without_a_file	0
parallel_line_one_sequential_write	0
publish_order_matches_litmus	0
