fault	arm	suffix	steps	final_mount	readback	violated	isolated_per_device	isolated_by_check	isolated_at_mount	free_minus_allocatable	check_reads	check_read_bytes	switches	reads_refused	check_events	reuse_steps	rebuild_mapping_mismatch	writes_refused
F9-bad-media-rw-forever	N3-keep-allocated	FFMOFOFOFOFOFOFOFOFOFOFOFOFOFOFOFO	F:noop F:noop M:mount-err:Recovery(UnitUnreadable { slot: SlotNumber(50182) }) O:refused(not-writable) F:refused(not-writable) O:refused(not-writable) F:refused(not-writable) O:refused(not-writable) F:refused(not-writable) O:refused(not-writable) F:refused(not-writable) O:refused(not-writable) F:refused(not-writable) O:refused(not-writable) F:refused(not-writable) O:refused(not-writable) F:refused(not-writable) O:refused(not-writable) F:refused(not-writable) O:refused(not-writable) F:refused(not-writable) O:refused(not-writable) F:refused(not-writable) O:refused(not-writable) F:refused(not-writable) O:refused(not-writable) F:refused(not-writable) O:refused(not-writable) F:refused(not-writable) O:refused(not-writable) F:refused(not-writable) O:refused(not-writable) F:refused(not-writable) O:refused(not-writable)	mount-err:Recovery(UnitUnreadable { slot: SlotNumber(50182) })	same	-	[0, 0]	0	0	[0, 0]	0	0	0	4	-	[]	0	0
F9-bad-media-rw-forever	N3-keep-allocated	FFMFFOFOFOFOFOFOFOFOFOFOFOFOFOFOFO	F:noop F:noop M:mount-err:Recovery(UnitUnreadable { slot: SlotNumber(50182) }) F:refused(not-writable) F:refused(not-writable) O:refused(not-writable) F:refused(not-writable) O:refused(not-writable) F:refused(not-writable) O:refused(not-writable) F:refused(not-writable) O:refused(not-writable) F:refused(not-writable) O:refused(not-writable) F:refused(not-writable) O:refused(not-writable) F:refused(not-writable) O:refused(not-writable) F:refused(not-writable) O:refused(not-writable) F:refused(not-writable) O:refused(not-writable) F:refused(not-writable) O:refused(not-writable) F:refused(not-writable) O:refused(not-writable) F:refused(not-writable) O:refused(not-writable) F:refused(not-writable) O:refused(not-writable) F:refused(not-writable) O:refused(not-writable) F:refused(not-writable) O:refused(not-writable)	mount-err:Recovery(UnitUnreadable { slot: SlotNumber(50182) })	same	-	[0, 0]	0	0	[0, 0]	0	0	0	4	-	[]	0	0
F9-bad-media-rw-forever	N3-keep-allocated	FFFMFOFOFOFOFOFOFOFOFOFOFOFOFOFOFO	F:noop F:noop F:noop M:mount-err:Recovery(UnitUnreadable { slot: SlotNumber(50182) }) F:refused(not-writable) O:refused(not-writable) F:refused(not-writable) O:refused(not-writable) F:refused(not-writable) O:refused(not-writable) F:refused(not-writable) O:refused(not-writable) F:refused(not-writable) O:refused(not-writable) F:refused(not-writable) O:refused(not-writable) F:refused(not-writable) O:refused(not-writable) F:refused(not-writable) O:refused(not-writable) F:refused(not-writable) O:refused(not-writable) F:refused(not-writable) O:refused(not-writable) F:refused(not-writable) O:refused(not-writable) F:refused(not-writable) O:refused(not-writable) F:refused(not-writable) O:refused(not-writable) F:refused(not-writable) O:refused(not-writable) F:refused(not-writable) O:refused(not-writable)	mount-err:Recovery(UnitUnreadable { slot: SlotNumber(50182) })	same	-	[0, 0]	0	0	[0, 0]	0	0	0	4	-	[]	0	0
F9-bad-media-rw-forever	N3-keep-allocated	FFMMFOFOFOFOFOFOFOFOFOFOFOFOFOFOFO	F:noop F:noop M:mount-err:Recovery(UnitUnreadable { slot: SlotNumber(50182) }) M:mount-err:Recovery(UnitUnreadable { slot: SlotNumber(50182) }) F:refused(not-writable) O:refused(not-writable) F:refused(not-writable) O:refused(not-writable) F:refused(not-writable) O:refused(not-writable) F:refused(not-writable) O:refused(not-writable) F:refused(not-writable) O:refused(not-writable) F:refused(not-writable) O:refused(not-writable) F:refused(not-writable) O:refused(not-writable) F:refused(not-writable) O:refused(not-writable) F:refused(not-writable) O:refused(not-writable) F:refused(not-writable) O:refused(not-writable) F:refused(not-writable) O:refused(not-writable) F:refused(not-writable) O:refused(not-writable) F:refused(not-writable) O:refused(not-writable) F:refused(not-writable) O:refused(not-writable) F:refused(not-writable) O:refused(not-writable)	mount-err:Recovery(UnitUnreadable { slot: SlotNumber(50182) })	same	-	[0, 0]	0	0	[0, 0]	0	0	0	6	-	[]	0	0
F9-bad-media-rw-forever	N3-keep-allocated	FFFFFOFOFOFOFOFOFOFOFOFOFOFOFOFOFO	F:noop F:noop F:noop F:noop F:noop O:ok F:noop O:ok F:ok(F=3,reclaimed=1) O:ok F:ok(F=6,reclaimed=17) O:ok F:ok(F=7,reclaimed=7) O:ok F:ok(F=8,reclaimed=8) O:ok F:ok(F=11,reclaimed=16) O:ok F:ok(F=14,reclaimed=16) O:ok F:ok(F=17,reclaimed=16) O:ok F:ok(F=20,reclaimed=16) O:ok F:ok(F=23,reclaimed=16) O:ok F:ok(F=26,reclaimed=16) O:ok F:ok(F=29,reclaimed=16) O:ok F:ok(F=32,reclaimed=16) O:ok F:ok(F=35,reclaimed=16) O:ok	ok	same	I-3.1	[0, 0]	0	0	[0, 0]	143	2850816	0	2	t1@50182:record-kept-allocated	[]	0	0
F9-bad-media-rw-forever	N3-keep-allocated	FFOFFOFOFOFOFOFOFOFOFOFOFOFOFOFOFO	F:noop F:noop O:ok F:noop F:noop O:ok F:ok(F=3,reclaimed=1) O:ok F:ok(F=6,reclaimed=17) O:ok F:ok(F=7,reclaimed=7) O:ok F:ok(F=8,reclaimed=8) O:ok F:ok(F=11,reclaimed=16) O:ok F:ok(F=14,reclaimed=16) O:ok F:ok(F=17,reclaimed=16) O:ok F:ok(F=20,reclaimed=16) O:ok F:ok(F=23,reclaimed=16) O:ok F:ok(F=26,reclaimed=16) O:ok F:ok(F=29,reclaimed=16) O:ok F:ok(F=32,reclaimed=16) O:ok F:ok(F=35,reclaimed=16) O:ok F:ok(F=38,reclaimed=16) O:ok	ok	same	I-3.1	[0, 0]	0	0	[0, 0]	153	3047424	0	2	t1@50182:record-kept-allocated	[]	0	0
F9-bad-media-rw-forever	N3-keep-allocated	FFFOFOFOFOFOFOFOFOFOFOFOFOFOFOFOFO	F:noop F:noop F:noop O:ok F:noop O:ok F:ok(F=3,reclaimed=1) O:ok F:ok(F=6,reclaimed=17) O:ok F:ok(F=7,reclaimed=7) O:ok F:ok(F=8,reclaimed=8) O:ok F:ok(F=11,reclaimed=16) O:ok F:ok(F=14,reclaimed=16) O:ok F:ok(F=17,reclaimed=16) O:ok F:ok(F=20,reclaimed=16) O:ok F:ok(F=23,reclaimed=16) O:ok F:ok(F=26,reclaimed=16) O:ok F:ok(F=29,reclaimed=16) O:ok F:ok(F=32,reclaimed=16) O:ok F:ok(F=35,reclaimed=16) O:ok F:ok(F=38,reclaimed=16) O:ok	ok	same	I-3.1	[0, 0]	0	0	[0, 0]	153	3047424	0	2	t1@50182:record-kept-allocated	[]	0	0
F9-bad-media-rw-forever	N3-keep-allocated	FFOMFOFOFOFOFOFOFOFOFOFOFOFOFOFOFO	F:noop F:noop O:ok M:ok F:noop O:ok F:ok(F=3,reclaimed=1) O:ok F:ok(F=6,reclaimed=17) O:ok F:ok(F=7,reclaimed=7) O:ok F:ok(F=11,reclaimed=21) O:ok F:ok(F=14,reclaimed=16) O:ok F:ok(F=17,reclaimed=16) O:ok F:ok(F=20,reclaimed=16) O:ok F:ok(F=23,reclaimed=16) O:ok F:ok(F=26,reclaimed=16) O:ok F:ok(F=29,reclaimed=16) O:ok F:ok(F=32,reclaimed=16) O:ok F:ok(F=35,reclaimed=16) O:ok F:ok(F=38,reclaimed=16) O:ok F:ok(F=41,reclaimed=16) O:ok	ok	same	I-3.1	[0, 0]	0	0	[0, 0]	159	3145728	0	2	t1@50182:record-kept-allocated	[]	0	0
F9-bad-media-rw-forever	N3-keep-allocated	FFOOFOFOFOFOFOFOFOFOFOFOFOFOFOFOFO	F:noop F:noop O:ok O:ok F:ok(F=3,reclaimed=1) O:ok F:ok(F=6,reclaimed=17) O:ok F:ok(F=7,reclaimed=7) O:ok F:ok(F=8,reclaimed=8) O:ok F:ok(F=11,reclaimed=16) O:ok F:ok(F=14,reclaimed=16) O:ok F:ok(F=17,reclaimed=16) O:ok F:ok(F=20,reclaimed=16) O:ok F:ok(F=23,reclaimed=16) O:ok F:ok(F=26,reclaimed=16) O:ok F:ok(F=29,reclaimed=16) O:ok F:ok(F=32,reclaimed=16) O:ok F:ok(F=35,reclaimed=16) O:ok F:ok(F=38,reclaimed=16) O:ok F:ok(F=41,reclaimed=16) O:ok	ok	same	I-3.1	[0, 0]	0	0	[0, 0]	163	3244032	0	2	t1@50182:record-kept-allocated	[]	0	0
F9-bad-media-rw-forever	N3-keep-allocated	FMFOFOFOFOFOFOFOFOFOFOFOFOFOFOFOFO	F:noop M:mount-err:Recovery(UnitUnreadable { slot: SlotNumber(50182) }) F:refused(not-writable) O:refused(not-writable) F:refused(not-writable) O:refused(not-writable) F:refused(not-writable) O:refused(not-writable) F:refused(not-writable) O:refused(not-writable) F:refused(not-writable) O:refused(not-writable) F:refused(not-writable) O:refused(not-writable) F:refused(not-writable) O:refused(not-writable) F:refused(not-writable) O:refused(not-writable) F:refused(not-writable) O:refused(not-writable) F:refused(not-writable) O:refused(not-writable) F:refused(not-writable) O:refused(not-writable) F:refused(not-writable) O:refused(not-writable) F:refused(not-writable) O:refused(not-writable) F:refused(not-writable) O:refused(not-writable) F:refused(not-writable) O:refused(not-writable) F:refused(not-writable) O:refused(not-writable)	mount-err:Recovery(UnitUnreadable { slot: SlotNumber(50182) })	same	-	[0, 0]	0	0	[0, 0]	0	0	0	4	-	[]	0	0
F9-bad-media-rw-forever	N3-keep-allocated	FMFFFOFOFOFOFOFOFOFOFOFOFOFOFOFOFO	F:noop M:mount-err:Recovery(UnitUnreadable { slot: SlotNumber(50182) }) F:refused(not-writable) F:refused(not-writable) F:refused(not-writable) O:refused(not-writable) F:refused(not-writable) O:refused(not-writable) F:refused(not-writable) O:refused(not-writable) F:refused(not-writable) O:refused(not-writable) F:refused(not-writable) O:refused(not-writable) F:refused(not-writable) O:refused(not-writable) F:refused(not-writable) O:refused(not-writable) F:refused(not-writable) O:refused(not-writable) F:refused(not-writable) O:refused(not-writable) F:refused(not-writable) O:refused(not-writable) F:refused(not-writable) O:refused(not-writable) F:refused(not-writable) O:refused(not-writable) F:refused(not-writable) O:refused(not-writable) F:refused(not-writable) O:refused(not-writable) F:refused(not-writable) O:refused(not-writable)	mount-err:Recovery(UnitUnreadable { slot: SlotNumber(50182) })	same	-	[0, 0]	0	0	[0, 0]	0	0	0	4	-	[]	0	0
F9-bad-media-rw-forever	N3-keep-allocated	FMFMFOFOFOFOFOFOFOFOFOFOFOFOFOFOFO	F:noop M:mount-err:Recovery(UnitUnreadable { slot: SlotNumber(50182) }) F:refused(not-writable) M:mount-err:Recovery(UnitUnreadable { slot: SlotNumber(50182) }) F:refused(not-writable) O:refused(not-writable) F:refused(not-writable) O:refused(not-writable) F:refused(not-writable) O:refused(not-writable) F:refused(not-writable) O:refused(not-writable) F:refused(not-writable) O:refused(not-writable) F:refused(not-writable) O:refused(not-writable) F:refused(not-writable) O:refused(not-writable) F:refused(not-writable) O:refused(not-writable) F:refused(not-writable) O:refused(not-writable) F:refused(not-writable) O:refused(not-writable) F:refused(not-writable) O:refused(not-writable) F:refused(not-writable) O:refused(not-writable) F:refused(not-writable) O:refused(not-writable) F:refused(not-writable) O:refused(not-writable) F:refused(not-writable) O:refused(not-writable)	mount-err:Recovery(UnitUnreadable { slot: SlotNumber(50182) })	same	-	[0, 0]	0	0	[0, 0]	0	0	0	6	-	[]	0	0
F9-bad-media-rw-forever	N3-keep-allocated	FMOFFOFOFOFOFOFOFOFOFOFOFOFOFOFOFO	F:noop M:mount-err:Recovery(UnitUnreadable { slot: SlotNumber(50182) }) O:refused(not-writable) F:refused(not-writable) F:refused(not-writable) O:refused(not-writable) F:refused(not-writable) O:refused(not-writable) F:refused(not-writable) O:refused(not-writable) F:refused(not-writable) O:refused(not-writable) F:refused(not-writable) O:refused(not-writable) F:refused(not-writable) O:refused(not-writable) F:refused(not-writable) O:refused(not-writable) F:refused(not-writable) O:refused(not-writable) F:refused(not-writable) O:refused(not-writable) F:refused(not-writable) O:refused(not-writable) F:refused(not-writable) O:refused(not-writable) F:refused(not-writable) O:refused(not-writable) F:refused(not-writable) O:refused(not-writable) F:refused(not-writable) O:refused(not-writable) F:refused(not-writable) O:refused(not-writable)	mount-err:Recovery(UnitUnreadable { slot: SlotNumber(50182) })	same	-	[0, 0]	0	0	[0, 0]	0	0	0	4	-	[]	0	0
F9-bad-media-rw-forever	N3-keep-allocated	FMMFFOFOFOFOFOFOFOFOFOFOFOFOFOFOFO	F:noop M:mount-err:Recovery(UnitUnreadable { slot: SlotNumber(50182) }) M:mount-err:Recovery(UnitUnreadable { slot: SlotNumber(50182) }) F:refused(not-writable) F:refused(not-writable) O:refused(not-writable) F:refused(not-writable) O:refused(not-writable) F:refused(not-writable) O:refused(not-writable) F:refused(not-writable) O:refused(not-writable) F:refused(not-writable) O:refused(not-writable) F:refused(not-writable) O:refused(not-writable) F:refused(not-writable) O:refused(not-writable) F:refused(not-writable) O:refused(not-writable) F:refused(not-writable) O:refused(not-writable) F:refused(not-writable) O:refused(not-writable) F:refused(not-writable) O:refused(not-writable) F:refused(not-writable) O:refused(not-writable) F:refused(not-writable) O:refused(not-writable) F:refused(not-writable) O:refused(not-writable) F:refused(not-writable) O:refused(not-writable)	mount-err:Recovery(UnitUnreadable { slot: SlotNumber(50182) })	same	-	[0, 0]	0	0	[0, 0]	0	0	0	6	-	[]	0	0
F9-bad-media-rw-forever	N3-keep-allocated	FMOOFOFOFOFOFOFOFOFOFOFOFOFOFOFOFO	F:noop M:mount-err:Recovery(UnitUnreadable { slot: SlotNumber(50182) }) O:refused(not-writable) O:refused(not-writable) F:refused(not-writable) O:refused(not-writable) F:refused(not-writable) O:refused(not-writable) F:refused(not-writable) O:refused(not-writable) F:refused(not-writable) O:refused(not-writable) F:refused(not-writable) O:refused(not-writable) F:refused(not-writable) O:refused(not-writable) F:refused(not-writable) O:refused(not-writable) F:refused(not-writable) O:refused(not-writable) F:refused(not-writable) O:refused(not-writable) F:refused(not-writable) O:refused(not-writable) F:refused(not-writable) O:refused(not-writable) F:refused(not-writable) O:refused(not-writable) F:refused(not-writable) O:refused(not-writable) F:refused(not-writable) O:refused(not-writable) F:refused(not-writable) O:refused(not-writable)	mount-err:Recovery(UnitUnreadable { slot: SlotNumber(50182) })	same	-	[0, 0]	0	0	[0, 0]	0	0	0	4	-	[]	0	0
F9-bad-media-rw-forever	N3-keep-allocated	FMMOFOFOFOFOFOFOFOFOFOFOFOFOFOFOFO	F:noop M:mount-err:Recovery(UnitUnreadable { slot: SlotNumber(50182) }) M:mount-err:Recovery(UnitUnreadable { slot: SlotNumber(50182) }) O:refused(not-writable) F:refused(not-writable) O:refused(not-writable) F:refused(not-writable) O:refused(not-writable) F:refused(not-writable) O:refused(not-writable) F:refused(not-writable) O:refused(not-writable) F:refused(not-writable) O:refused(not-writable) F:refused(not-writable) O:refused(not-writable) F:refused(not-writable) O:refused(not-writable) F:refused(not-writable) O:refused(not-writable) F:refused(not-writable) O:refused(not-writable) F:refused(not-writable) O:refused(not-writable) F:refused(not-writable) O:refused(not-writable) F:refused(not-writable) O:refused(not-writable) F:refused(not-writable) O:refused(not-writable) F:refused(not-writable) O:refused(not-writable) F:refused(not-writable) O:refused(not-writable)	mount-err:Recovery(UnitUnreadable { slot: SlotNumber(50182) })	same	-	[0, 0]	0	0	[0, 0]	0	0	0	6	-	[]	0	0
F9-bad-media-rw-forever	N3-keep-allocated	FMOMFOFOFOFOFOFOFOFOFOFOFOFOFOFOFO	F:noop M:mount-err:Recovery(UnitUnreadable { slot: SlotNumber(50182) }) O:refused(not-writable) M:mount-err:Recovery(UnitUnreadable { slot: SlotNumber(50182) }) F:refused(not-writable) O:refused(not-writable) F:refused(not-writable) O:refused(not-writable) F:refused(not-writable) O:refused(not-writable) F:refused(not-writable) O:refused(not-writable) F:refused(not-writable) O:refused(not-writable) F:refused(not-writable) O:refused(not-writable) F:refused(not-writable) O:refused(not-writable) F:refused(not-writable) O:refused(not-writable) F:refused(not-writable) O:refused(not-writable) F:refused(not-writable) O:refused(not-writable) F:refused(not-writable) O:refused(not-writable) F:refused(not-writable) O:refused(not-writable) F:refused(not-writable) O:refused(not-writable) F:refused(not-writable) O:refused(not-writable) F:refused(not-writable) O:refused(not-writable)	mount-err:Recovery(UnitUnreadable { slot: SlotNumber(50182) })	same	-	[0, 0]	0	0	[0, 0]	0	0	0	6	-	[]	0	0
F9-bad-media-rw-forever	N3-keep-allocated	FMMMFOFOFOFOFOFOFOFOFOFOFOFOFOFOFO	F:noop M:mount-err:Recovery(UnitUnreadable { slot: SlotNumber(50182) }) M:mount-err:Recovery(UnitUnreadable { slot: SlotNumber(50182) }) M:mount-err:Recovery(UnitUnreadable { slot: SlotNumber(50182) }) F:refused(not-writable) O:refused(not-writable) F:refused(not-writable) O:refused(not-writable) F:refused(not-writable) O:refused(not-writable) F:refused(not-writable) O:refused(not-writable) F:refused(not-writable) O:refused(not-writable) F:refused(not-writable) O:refused(not-writable) F:refused(not-writable) O:refused(not-writable) F:refused(not-writable) O:refused(not-writable) F:refused(not-writable) O:refused(not-writable) F:refused(not-writable) O:refused(not-writable) F:refused(not-writable) O:refused(not-writable) F:refused(not-writable) O:refused(not-writable) F:refused(not-writable) O:refused(not-writable) F:refused(not-writable) O:refused(not-writable) F:refused(not-writable) O:refused(not-writable)	mount-err:Recovery(UnitUnreadable { slot: SlotNumber(50182) })	same	-	[0, 0]	0	0	[0, 0]	0	0	0	8	-	[]	0	0
F9-bad-media-rw-forever	N3-keep-allocated	FOFOFOFOFOFOFOFOFOFOFOFOFOFOFOFOFO	F:noop O:ok F:noop O:ok F:ok(F=3,reclaimed=1) O:ok F:ok(F=6,reclaimed=17) O:ok F:ok(F=7,reclaimed=7) O:ok F:ok(F=8,reclaimed=8) O:ok F:ok(F=11,reclaimed=16) O:ok F:ok(F=14,reclaimed=16) O:ok F:ok(F=17,reclaimed=16) O:ok F:ok(F=20,reclaimed=16) O:ok F:ok(F=23,reclaimed=16) O:ok F:ok(F=26,reclaimed=16) O:ok F:ok(F=29,reclaimed=16) O:ok F:ok(F=32,reclaimed=16) O:ok F:ok(F=35,reclaimed=16) O:ok F:ok(F=38,reclaimed=16) O:ok F:ok(F=41,reclaimed=16) O:ok	ok	same	I-3.1	[0, 0]	0	0	[0, 0]	163	3244032	0	2	t1@50182:record-kept-allocated	[]	0	0
F9-bad-media-rw-forever	N3-keep-allocated	FOFFFOFOFOFOFOFOFOFOFOFOFOFOFOFOFO	F:noop O:ok F:noop F:noop F:noop O:ok F:ok(F=3,reclaimed=1) O:ok F:ok(F=6,reclaimed=17) O:ok F:ok(F=7,reclaimed=7) O:ok F:ok(F=8,reclaimed=8) O:ok F:ok(F=11,reclaimed=16) O:ok F:ok(F=14,reclaimed=16) O:ok F:ok(F=17,reclaimed=16) O:ok F:ok(F=20,reclaimed=16) O:ok F:ok(F=23,reclaimed=16) O:ok F:ok(F=26,reclaimed=16) O:ok F:ok(F=29,reclaimed=16) O:ok F:ok(F=32,reclaimed=16) O:ok F:ok(F=35,reclaimed=16) O:ok F:ok(F=38,reclaimed=16) O:ok	ok	same	I-3.1	[0, 0]	0	0	[0, 0]	153	3047424	0	2	t1@50182:record-kept-allocated	[]	0	0
F9-bad-media-rw-forever	N3-keep-allocated	FOFMFOFOFOFOFOFOFOFOFOFOFOFOFOFOFO	F:noop O:ok F:noop M:ok F:noop O:ok F:ok(F=3,reclaimed=1) O:ok F:ok(F=6,reclaimed=17) O:ok F:ok(F=7,reclaimed=7) O:ok F:ok(F=11,reclaimed=21) O:ok F:ok(F=14,reclaimed=16) O:ok F:ok(F=17,reclaimed=16) O:ok F:ok(F=20,reclaimed=16) O:ok F:ok(F=23,reclaimed=16) O:ok F:ok(F=26,reclaimed=16) O:ok F:ok(F=29,reclaimed=16) O:ok F:ok(F=32,reclaimed=16) O:ok F:ok(F=35,reclaimed=16) O:ok F:ok(F=38,reclaimed=16) O:ok F:ok(F=41,reclaimed=16) O:ok	ok	same	I-3.1	[0, 0]	0	0	[0, 0]	159	3145728	0	2	t1@50182:record-kept-allocated	[]	0	0
F9-bad-media-rw-forever	N3-keep-allocated	FOOFFOFOFOFOFOFOFOFOFOFOFOFOFOFOFO	F:noop O:ok O:ok F:ok(F=3,reclaimed=1) F:noop O:ok F:ok(F=6,reclaimed=17) O:ok F:ok(F=7,reclaimed=7) O:ok F:ok(F=8,reclaimed=8) O:ok F:ok(F=11,reclaimed=16) O:ok F:ok(F=14,reclaimed=16) O:ok F:ok(F=17,reclaimed=16) O:ok F:ok(F=20,reclaimed=16) O:ok F:ok(F=23,reclaimed=16) O:ok F:ok(F=26,reclaimed=16) O:ok F:ok(F=29,reclaimed=16) O:ok F:ok(F=32,reclaimed=16) O:ok F:ok(F=35,reclaimed=16) O:ok F:ok(F=38,reclaimed=16) O:ok F:ok(F=41,reclaimed=16) O:ok	ok	same	I-3.1	[0, 0]	0	0	[0, 0]	163	3244032	0	2	t1@50182:record-kept-allocated	[]	0	0
F9-bad-media-rw-forever	N3-keep-allocated	MFFFFOFOFOFOFOFOFOFOFOFOFOFOFOFOFO	M:mount-err:Recovery(UnitUnreadable { slot: SlotNumber(50182) }) F:refused(not-writable) F:refused(not-writable) F:refused(not-writable) F:refused(not-writable) O:refused(not-writable) F:refused(not-writable) O:refused(not-writable) F:refused(not-writable) O:refused(not-writable) F:refused(not-writable) O:refused(not-writable) F:refused(not-writable) O:refused(not-writable) F:refused(not-writable) O:refused(not-writable) F:refused(not-writable) O:refused(not-writable) F:refused(not-writable) O:refused(not-writable) F:refused(not-writable) O:refused(not-writable) F:refused(not-writable) O:refused(not-writable) F:refused(not-writable) O:refused(not-writable) F:refused(not-writable) O:refused(not-writable) F:refused(not-writable) O:refused(not-writable) F:refused(not-writable) O:refused(not-writable) F:refused(not-writable) O:refused(not-writable)	mount-err:Recovery(UnitUnreadable { slot: SlotNumber(50182) })	same	-	[0, 0]	0	0	[0, 0]	0	0	0	4	-	[]	0	0
F9-bad-media-rw-forever	N3-keep-allocated	FOOOFOFOFOFOFOFOFOFOFOFOFOFOFOFOFO	F:noop O:ok O:ok O:ok F:ok(F=6,reclaimed=18) O:ok F:ok(F=7,reclaimed=7) O:ok F:ok(F=8,reclaimed=8) O:ok F:ok(F=9,reclaimed=8) O:ok F:ok(F=12,reclaimed=16) O:ok F:ok(F=15,reclaimed=16) O:ok F:ok(F=18,reclaimed=16) O:ok F:ok(F=21,reclaimed=16) O:ok F:ok(F=24,reclaimed=16) O:ok F:ok(F=27,reclaimed=16) O:ok F:ok(F=30,reclaimed=16) O:ok F:ok(F=33,reclaimed=16) O:ok F:ok(F=36,reclaimed=16) O:ok F:ok(F=39,reclaimed=16) O:ok F:ok(F=42,reclaimed=16) O:ok	ok	same	I-3.1	[0, 0]	0	0	[0, 0]	169	3375104	0	2	t1@50182:record-kept-allocated	[]	0	0
F9-bad-media-rw-forever	N3-keep-allocated	FOMFFOFOFOFOFOFOFOFOFOFOFOFOFOFOFO	F:noop O:ok M:ok F:noop F:noop O:ok F:ok(F=3,reclaimed=1) O:ok F:ok(F=6,reclaimed=17) O:ok F:ok(F=7,reclaimed=7) O:ok F:ok(F=11,reclaimed=21) O:ok F:ok(F=14,reclaimed=16) O:ok F:ok(F=17,reclaimed=16) O:ok F:ok(F=20,reclaimed=16) O:ok F:ok(F=23,reclaimed=16) O:ok F:ok(F=26,reclaimed=16) O:ok F:ok(F=29,reclaimed=16) O:ok F:ok(F=32,reclaimed=16) O:ok F:ok(F=35,reclaimed=16) O:ok F:ok(F=38,reclaimed=16) O:ok F:ok(F=41,reclaimed=16) O:ok	ok	same	I-3.1	[0, 0]	0	0	[0, 0]	159	3145728	0	2	t1@50182:record-kept-allocated	[]	0	0
F9-bad-media-rw-forever	N3-keep-allocated	FOMMFOFOFOFOFOFOFOFOFOFOFOFOFOFOFO	F:noop O:ok M:ok M:ok F:noop O:ok F:ok(F=3,reclaimed=1) O:ok F:ok(F=6,reclaimed=17) O:ok F:ok(F=7,reclaimed=7) O:ok F:ok(F=14,reclaimed=34) O:ok F:ok(F=17,reclaimed=16) O:ok F:ok(F=20,reclaimed=16) O:ok F:ok(F=23,reclaimed=16) O:ok F:ok(F=26,reclaimed=16) O:ok F:ok(F=29,reclaimed=16) O:ok F:ok(F=32,reclaimed=16) O:ok F:ok(F=35,reclaimed=16) O:ok F:ok(F=38,reclaimed=16) O:ok F:ok(F=41,reclaimed=16) O:ok F:ok(F=44,reclaimed=16) O:ok	ok	same	I-3.1	[0, 0]	0	0	[0, 0]	165	3244032	0	2	t1@50182:record-kept-allocated	[]	0	0
F9-bad-media-rw-forever	N3-keep-allocated	FOOMFOFOFOFOFOFOFOFOFOFOFOFOFOFOFO	F:noop O:ok O:ok M:ok F:ok(F=3,reclaimed=1) O:ok F:ok(F=6,reclaimed=17) O:ok F:ok(F=7,reclaimed=7) O:ok F:ok(F=8,reclaimed=8) O:ok F:ok(F=14,reclaimed=29) O:ok F:ok(F=17,reclaimed=16) O:ok F:ok(F=20,reclaimed=16) O:ok F:ok(F=23,reclaimed=16) O:ok F:ok(F=26,reclaimed=16) O:ok F:ok(F=29,reclaimed=16) O:ok F:ok(F=32,reclaimed=16) O:ok F:ok(F=35,reclaimed=16) O:ok F:ok(F=38,reclaimed=16) O:ok F:ok(F=41,reclaimed=16) O:ok F:ok(F=44,reclaimed=16) O:ok	ok	same	I-3.1	[0, 0]	0	0	[0, 0]	169	3342336	0	2	t1@50182:record-kept-allocated	[]	0	0
F9-bad-media-rw-forever	N3-keep-allocated	FOMOFOFOFOFOFOFOFOFOFOFOFOFOFOFOFO	F:noop O:ok M:ok O:ok F:ok(F=3,reclaimed=1) O:ok F:ok(F=6,reclaimed=17) O:ok F:ok(F=7,reclaimed=7) O:ok F:ok(F=11,reclaimed=21) O:ok F:ok(F=14,reclaimed=16) O:ok F:ok(F=17,reclaimed=16) O:ok F:ok(F=20,reclaimed=16) O:ok F:ok(F=23,reclaimed=16) O:ok F:ok(F=26,reclaimed=16) O:ok F:ok(F=29,reclaimed=16) O:ok F:ok(F=32,reclaimed=16) O:ok F:ok(F=35,reclaimed=16) O:ok F:ok(F=38,reclaimed=16) O:ok F:ok(F=41,reclaimed=16) O:ok F:ok(F=44,reclaimed=16) O:ok	ok	same	I-3.1	[0, 0]	0	0	[0, 0]	169	3342336	0	2	t1@50182:record-kept-allocated	[]	0	0
F9-bad-media-rw-forever	N3-keep-allocated	MFOFFOFOFOFOFOFOFOFOFOFOFOFOFOFOFO	M:mount-err:Recovery(UnitUnreadable { slot: SlotNumber(50182) }) F:refused(not-writable) O:refused(not-writable) F:refused(not-writable) F:refused(not-writable) O:refused(not-writable) F:refused(not-writable) O:refused(not-writable) F:refused(not-writable) O:refused(not-writable) F:refused(not-writable) O:refused(not-writable) F:refused(not-writable) O:refused(not-writable) F:refused(not-writable) O:refused(not-writable) F:refused(not-writable) O:refused(not-writable) F:refused(not-writable) O:refused(not-writable) F:refused(not-writable) O:refused(not-writable) F:refused(not-writable) O:refused(not-writable) F:refused(not-writable) O:refused(not-writable) F:refused(not-writable) O:refused(not-writable) F:refused(not-writable) O:refused(not-writable) F:refused(not-writable) O:refused(not-writable) F:refused(not-writable) O:refused(not-writable)	mount-err:Recovery(UnitUnreadable { slot: SlotNumber(50182) })	same	-	[0, 0]	0	0	[0, 0]	0	0	0	4	-	[]	0	0
F9-bad-media-rw-forever	N3-keep-allocated	MFFOFOFOFOFOFOFOFOFOFOFOFOFOFOFOFO	M:mount-err:Recovery(UnitUnreadable { slot: SlotNumber(50182) }) F:refused(not-writable) F:refused(not-writable) O:refused(not-writable) F:refused(not-writable) O:refused(not-writable) F:refused(not-writable) O:refused(not-writable) F:refused(not-writable) O:refused(not-writable) F:refused(not-writable) O:refused(not-writable) F:refused(not-writable) O:refused(not-writable) F:refused(not-writable) O:refused(not-writable) F:refused(not-writable) O:refused(not-writable) F:refused(not-writable) O:refused(not-writable) F:refused(not-writable) O:refused(not-writable) F:refused(not-writable) O:refused(not-writable) F:refused(not-writable) O:refused(not-writable) F:refused(not-writable) O:refused(not-writable) F:refused(not-writable) O:refused(not-writable) F:refused(not-writable) O:refused(not-writable) F:refused(not-writable) O:refused(not-writable)	mount-err:Recovery(UnitUnreadable { slot: SlotNumber(50182) })	same	-	[0, 0]	0	0	[0, 0]	0	0	0	4	-	[]	0	0
F9-bad-media-rw-forever	N3-keep-allocated	MFOOFOFOFOFOFOFOFOFOFOFOFOFOFOFOFO	M:mount-err:Recovery(UnitUnreadable { slot: SlotNumber(50182) }) F:refused(not-writable) O:refused(not-writable) O:refused(not-writable) F:refused(not-writable) O:refused(not-writable) F:refused(not-writable) O:refused(not-writable) F:refused(not-writable) O:refused(not-writable) F:refused(not-writable) O:refused(not-writable) F:refused(not-writable) O:refused(not-writable) F:refused(not-writable) O:refused(not-writable) F:refused(not-writable) O:refused(not-writable) F:refused(not-writable) O:refused(not-writable) F:refused(not-writable) O:refused(not-writable) F:refused(not-writable) O:refused(not-writable) F:refused(not-writable) O:refused(not-writable) F:refused(not-writable) O:refused(not-writable) F:refused(not-writable) O:refused(not-writable) F:refused(not-writable) O:refused(not-writable) F:refused(not-writable) O:refused(not-writable)	mount-err:Recovery(UnitUnreadable { slot: SlotNumber(50182) })	same	-	[0, 0]	0	0	[0, 0]	0	0	0	4	-	[]	0	0
F9-bad-media-rw-forever	N3-keep-allocated	MFOMFOFOFOFOFOFOFOFOFOFOFOFOFOFOFO	M:mount-err:Recovery(UnitUnreadable { slot: SlotNumber(50182) }) F:refused(not-writable) O:refused(not-writable) M:mount-err:Recovery(UnitUnreadable { slot: SlotNumber(50182) }) F:refused(not-writable) O:refused(not-writable) F:refused(not-writable) O:refused(not-writable) F:refused(not-writable) O:refused(not-writable) F:refused(not-writable) O:refused(not-writable) F:refused(not-writable) O:refused(not-writable) F:refused(not-writable) O:refused(not-writable) F:refused(not-writable) O:refused(not-writable) F:refused(not-writable) O:refused(not-writable) F:refused(not-writable) O:refused(not-writable) F:refused(not-writable) O:refused(not-writable) F:refused(not-writable) O:refused(not-writable) F:refused(not-writable) O:refused(not-writable) F:refused(not-writable) O:refused(not-writable) F:refused(not-writable) O:refused(not-writable) F:refused(not-writable) O:refused(not-writable)	mount-err:Recovery(UnitUnreadable { slot: SlotNumber(50182) })	same	-	[0, 0]	0	0	[0, 0]	0	0	0	6	-	[]	0	0
F9-bad-media-rw-forever	N3-keep-allocated	MFFMFOFOFOFOFOFOFOFOFOFOFOFOFOFOFO	M:mount-err:Recovery(UnitUnreadable { slot: SlotNumber(50182) }) F:refused(not-writable) F:refused(not-writable) M:mount-err:Recovery(UnitUnreadable { slot: SlotNumber(50182) }) F:refused(not-writable) O:refused(not-writable) F:refused(not-writable) O:refused(not-writable) F:refused(not-writable) O:refused(not-writable) F:refused(not-writable) O:refused(not-writable) F:refused(not-writable) O:refused(not-writable) F:refused(not-writable) O:refused(not-writable) F:refused(not-writable) O:refused(not-writable) F:refused(not-writable) O:refused(not-writable) F:refused(not-writable) O:refused(not-writable) F:refused(not-writable) O:refused(not-writable) F:refused(not-writable) O:refused(not-writable) F:refused(not-writable) O:refused(not-writable) F:refused(not-writable) O:refused(not-writable) F:refused(not-writable) O:refused(not-writable) F:refused(not-writable) O:refused(not-writable)	mount-err:Recovery(UnitUnreadable { slot: SlotNumber(50182) })	same	-	[0, 0]	0	0	[0, 0]	0	0	0	6	-	[]	0	0
F9-bad-media-rw-forever	N3-keep-allocated	MFMOFOFOFOFOFOFOFOFOFOFOFOFOFOFOFO	M:mount-err:Recovery(UnitUnreadable { slot: SlotNumber(50182) }) F:refused(not-writable) M:mount-err:Recovery(UnitUnreadable { slot: SlotNumber(50182) }) O:refused(not-writable) F:refused(not-writable) O:refused(not-writable) F:refused(not-writable) O:refused(not-writable) F:refused(not-writable) O:refused(not-writable) F:refused(not-writable) O:refused(not-writable) F:refused(not-writable) O:refused(not-writable) F:refused(not-writable) O:refused(not-writable) F:refused(not-writable) O:refused(not-writable) F:refused(not-writable) O:refused(not-writable) F:refused(not-writable) O:refused(not-writable) F:refused(not-writable) O:refused(not-writable) F:refused(not-writable) O:refused(not-writable) F:refused(not-writable) O:refused(not-writable) F:refused(not-writable) O:refused(not-writable) F:refused(not-writable) O:refused(not-writable) F:refused(not-writable) O:refused(not-writable)	mount-err:Recovery(UnitUnreadable { slot: SlotNumber(50182) })	same	-	[0, 0]	0	0	[0, 0]	0	0	0	6	-	[]	0	0
F9-bad-media-rw-forever	N3-keep-allocated	MFMFFOFOFOFOFOFOFOFOFOFOFOFOFOFOFO	M:mount-err:Recovery(UnitUnreadable { slot: SlotNumber(50182) }) F:refused(not-writable) M:mount-err:Recovery(UnitUnreadable { slot: SlotNumber(50182) }) F:refused(not-writable) F:refused(not-writable) O:refused(not-writable) F:refused(not-writable) O:refused(not-writable) F:refused(not-writable) O:refused(not-writable) F:refused(not-writable) O:refused(not-writable) F:refused(not-writable) O:refused(not-writable) F:refused(not-writable) O:refused(not-writable) F:refused(not-writable) O:refused(not-writable) F:refused(not-writable) O:refused(not-writable) F:refused(not-writable) O:refused(not-writable) F:refused(not-writable) O:refused(not-writable) F:refused(not-writable) O:refused(not-writable) F:refused(not-writable) O:refused(not-writable) F:refused(not-writable) O:refused(not-writable) F:refused(not-writable) O:refused(not-writable) F:refused(not-writable) O:refused(not-writable)	mount-err:Recovery(UnitUnreadable { slot: SlotNumber(50182) })	same	-	[0, 0]	0	0	[0, 0]	0	0	0	6	-	[]	0	0
F9-bad-media-rw-forever	N3-keep-allocated	MFMMFOFOFOFOFOFOFOFOFOFOFOFOFOFOFO	M:mount-err:Recovery(UnitUnreadable { slot: SlotNumber(50182) }) F:refused(not-writable) M:mount-err:Recovery(UnitUnreadable { slot: SlotNumber(50182) }) M:mount-err:Recovery(UnitUnreadable { slot: SlotNumber(50182) }) F:refused(not-writable) O:refused(not-writable) F:refused(not-writable) O:refused(not-writable) F:refused(not-writable) O:refused(not-writable) F:refused(not-writable) O:refused(not-writable) F:refused(not-writable) O:refused(not-writable) F:refused(not-writable) O:refused(not-writable) F:refused(not-writable) O:refused(not-writable) F:refused(not-writable) O:refused(not-writable) F:refused(not-writable) O:refused(not-writable) F:refused(not-writable) O:refused(not-writable) F:refused(not-writable) O:refused(not-writable) F:refused(not-writable) O:refused(not-writable) F:refused(not-writable) O:refused(not-writable) F:refused(not-writable) O:refused(not-writable) F:refused(not-writable) O:refused(not-writable)	mount-err:Recovery(UnitUnreadable { slot: SlotNumber(50182) })	same	-	[0, 0]	0	0	[0, 0]	0	0	0	8	-	[]	0	0
F9-bad-media-rw-forever	N3-keep-allocated	MMFOFOFOFOFOFOFOFOFOFOFOFOFOFOFOFO	M:mount-err:Recovery(UnitUnreadable { slot: SlotNumber(50182) }) M:mount-err:Recovery(UnitUnreadable { slot: SlotNumber(50182) }) F:refused(not-writable) O:refused(not-writable) F:refused(not-writable) O:refused(not-writable) F:refused(not-writable) O:refused(not-writable) F:refused(not-writable) O:refused(not-writable) F:refused(not-writable) O:refused(not-writable) F:refused(not-writable) O:refused(not-writable) F:refused(not-writable) O:refused(not-writable) F:refused(not-writable) O:refused(not-writable) F:refused(not-writable) O:refused(not-writable) F:refused(not-writable) O:refused(not-writable) F:refused(not-writable) O:refused(not-writable) F:refused(not-writable) O:refused(not-writable) F:refused(not-writable) O:refused(not-writable) F:refused(not-writable) O:refused(not-writable) F:refused(not-writable) O:refused(not-writable) F:refused(not-writable) O:refused(not-writable)	mount-err:Recovery(UnitUnreadable { slot: SlotNumber(50182) })	same	-	[0, 0]	0	0	[0, 0]	0	0	0	6	-	[]	0	0
F9-bad-media-rw-forever	N3-keep-allocated	MMOFFOFOFOFOFOFOFOFOFOFOFOFOFOFOFO	M:mount-err:Recovery(UnitUnreadable { slot: SlotNumber(50182) }) M:mount-err:Recovery(UnitUnreadable { slot: SlotNumber(50182) }) O:refused(not-writable) F:refused(not-writable) F:refused(not-writable) O:refused(not-writable) F:refused(not-writable) O:refused(not-writable) F:refused(not-writable) O:refused(not-writable) F:refused(not-writable) O:refused(not-writable) F:refused(not-writable) O:refused(not-writable) F:refused(not-writable) O:refused(not-writable) F:refused(not-writable) O:refused(not-writable) F:refused(not-writable) O:refused(not-writable) F:refused(not-writable) O:refused(not-writable) F:refused(not-writable) O:refused(not-writable) F:refused(not-writable) O:refused(not-writable) F:refused(not-writable) O:refused(not-writable) F:refused(not-writable) O:refused(not-writable) F:refused(not-writable) O:refused(not-writable) F:refused(not-writable) O:refused(not-writable)	mount-err:Recovery(UnitUnreadable { slot: SlotNumber(50182) })	same	-	[0, 0]	0	0	[0, 0]	0	0	0	6	-	[]	0	0
F9-bad-media-rw-forever	N3-keep-allocated	MMFFFOFOFOFOFOFOFOFOFOFOFOFOFOFOFO	M:mount-err:Recovery(UnitUnreadable { slot: SlotNumber(50182) }) M:mount-err:Recovery(UnitUnreadable { slot: SlotNumber(50182) }) F:refused(not-writable) F:refused(not-writable) F:refused(not-writable) O:refused(not-writable) F:refused(not-writable) O:refused(not-writable) F:refused(not-writable) O:refused(not-writable) F:refused(not-writable) O:refused(not-writable) F:refused(not-writable) O:refused(not-writable) F:refused(not-writable) O:refused(not-writable) F:refused(not-writable) O:refused(not-writable) F:refused(not-writable) O:refused(not-writable) F:refused(not-writable) O:refused(not-writable) F:refused(not-writable) O:refused(not-writable) F:refused(not-writable) O:refused(not-writable) F:refused(not-writable) O:refused(not-writable) F:refused(not-writable) O:refused(not-writable) F:refused(not-writable) O:refused(not-writable) F:refused(not-writable) O:refused(not-writable)	mount-err:Recovery(UnitUnreadable { slot: SlotNumber(50182) })	same	-	[0, 0]	0	0	[0, 0]	0	0	0	6	-	[]	0	0
F9-bad-media-rw-forever	N3-keep-allocated	MMOMFOFOFOFOFOFOFOFOFOFOFOFOFOFOFO	M:mount-err:Recovery(UnitUnreadable { slot: SlotNumber(50182) }) M:mount-err:Recovery(UnitUnreadable { slot: SlotNumber(50182) }) O:refused(not-writable) M:mount-err:Recovery(UnitUnreadable { slot: SlotNumber(50182) }) F:refused(not-writable) O:refused(not-writable) F:refused(not-writable) O:refused(not-writable) F:refused(not-writable) O:refused(not-writable) F:refused(not-writable) O:refused(not-writable) F:refused(not-writable) O:refused(not-writable) F:refused(not-writable) O:refused(not-writable) F:refused(not-writable) O:refused(not-writable) F:refused(not-writable) O:refused(not-writable) F:refused(not-writable) O:refused(not-writable) F:refused(not-writable) O:refused(not-writable) F:refused(not-writable) O:refused(not-writable) F:refused(not-writable) O:refused(not-writable) F:refused(not-writable) O:refused(not-writable) F:refused(not-writable) O:refused(not-writable) F:refused(not-writable) O:refused(not-writable)	mount-err:Recovery(UnitUnreadable { slot: SlotNumber(50182) })	same	-	[0, 0]	0	0	[0, 0]	0	0	0	8	-	[]	0	0
F9-bad-media-rw-forever	N3-keep-allocated	MMMFFOFOFOFOFOFOFOFOFOFOFOFOFOFOFO	M:mount-err:Recovery(UnitUnreadable { slot: SlotNumber(50182) }) M:mount-err:Recovery(UnitUnreadable { slot: SlotNumber(50182) }) M:mount-err:Recovery(UnitUnreadable { slot: SlotNumber(50182) }) F:refused(not-writable) F:refused(not-writable) O:refused(not-writable) F:refused(not-writable) O:refused(not-writable) F:refused(not-writable) O:refused(not-writable) F:refused(not-writable) O:refused(not-writable) F:refused(not-writable) O:refused(not-writable) F:refused(not-writable) O:refused(not-writable) F:refused(not-writable) O:refused(not-writable) F:refused(not-writable) O:refused(not-writable) F:refused(not-writable) O:refused(not-writable) F:refused(not-writable) O:refused(not-writable) F:refused(not-writable) O:refused(not-writable) F:refused(not-writable) O:refused(not-writable) F:refused(not-writable) O:refused(not-writable) F:refused(not-writable) O:refused(not-writable) F:refused(not-writable) O:refused(not-writable)	mount-err:Recovery(UnitUnreadable { slot: SlotNumber(50182) })	same	-	[0, 0]	0	0	[0, 0]	0	0	0	8	-	[]	0	0
F9-bad-media-rw-forever	N3-keep-allocated	MMMOFOFOFOFOFOFOFOFOFOFOFOFOFOFOFO	M:mount-err:Recovery(UnitUnreadable { slot: SlotNumber(50182) }) M:mount-err:Recovery(UnitUnreadable { slot: SlotNumber(50182) }) M:mount-err:Recovery(UnitUnreadable { slot: SlotNumber(50182) }) O:refused(not-writable) F:refused(not-writable) O:refused(not-writable) F:refused(not-writable) O:refused(not-writable) F:refused(not-writable) O:refused(not-writable) F:refused(not-writable) O:refused(not-writable) F:refused(not-writable) O:refused(not-writable) F:refused(not-writable) O:refused(not-writable) F:refused(not-writable) O:refused(not-writable) F:refused(not-writable) O:refused(not-writable) F:refused(not-writable) O:refused(not-writable) F:refused(not-writable) O:refused(not-writable) F:refused(not-writable) O:refused(not-writable) F:refused(not-writable) O:refused(not-writable) F:refused(not-writable) O:refused(not-writable) F:refused(not-writable) O:refused(not-writable) F:refused(not-writable) O:refused(not-writable)	mount-err:Recovery(UnitUnreadable { slot: SlotNumber(50182) })	same	-	[0, 0]	0	0	[0, 0]	0	0	0	8	-	[]	0	0
F9-bad-media-rw-forever	N3-keep-allocated	MMFMFOFOFOFOFOFOFOFOFOFOFOFOFOFOFO	M:mount-err:Recovery(UnitUnreadable { slot: SlotNumber(50182) }) M:mount-err:Recovery(UnitUnreadable { slot: SlotNumber(50182) }) F:refused(not-writable) M:mount-err:Recovery(UnitUnreadable { slot: SlotNumber(50182) }) F:refused(not-writable) O:refused(not-writable) F:refused(not-writable) O:refused(not-writable) F:refused(not-writable) O:refused(not-writable) F:refused(not-writable) O:refused(not-writable) F:refused(not-writable) O:refused(not-writable) F:refused(not-writable) O:refused(not-writable) F:refused(not-writable) O:refused(not-writable) F:refused(not-writable) O:refused(not-writable) F:refused(not-writable) O:refused(not-writable) F:refused(not-writable) O:refused(not-writable) F:refused(not-writable) O:refused(not-writable) F:refused(not-writable) O:refused(not-writable) F:refused(not-writable) O:refused(not-writable) F:refused(not-writable) O:refused(not-writable) F:refused(not-writable) O:refused(not-writable)	mount-err:Recovery(UnitUnreadable { slot: SlotNumber(50182) })	same	-	[0, 0]	0	0	[0, 0]	0	0	0	8	-	[]	0	0
F9-bad-media-rw-forever	N3-keep-allocated	MMMMFOFOFOFOFOFOFOFOFOFOFOFOFOFOFO	M:mount-err:Recovery(UnitUnreadable { slot: SlotNumber(50182) }) M:mount-err:Recovery(UnitUnreadable { slot: SlotNumber(50182) }) M:mount-err:Recovery(UnitUnreadable { slot: SlotNumber(50182) }) M:mount-err:Recovery(UnitUnreadable { slot: SlotNumber(50182) }) F:refused(not-writable) O:refused(not-writable) F:refused(not-writable) O:refused(not-writable) F:refused(not-writable) O:refused(not-writable) F:refused(not-writable) O:refused(not-writable) F:refused(not-writable) O:refused(not-writable) F:refused(not-writable) O:refused(not-writable) F:refused(not-writable) O:refused(not-writable) F:refused(not-writable) O:refused(not-writable) F:refused(not-writable) O:refused(not-writable) F:refused(not-writable) O:refused(not-writable) F:refused(not-writable) O:refused(not-writable) F:refused(not-writable) O:refused(not-writable) F:refused(not-writable) O:refused(not-writable) F:refused(not-writable) O:refused(not-writable) F:refused(not-writable) O:refused(not-writable)	mount-err:Recovery(UnitUnreadable { slot: SlotNumber(50182) })	same	-	[0, 0]	0	0	[0, 0]	0	0	0	10	-	[]	0	0
F9-bad-media-rw-forever	N3-keep-allocated	MOFFFOFOFOFOFOFOFOFOFOFOFOFOFOFOFO	M:mount-err:Recovery(UnitUnreadable { slot: SlotNumber(50182) }) O:refused(not-writable) F:refused(not-writable) F:refused(not-writable) F:refused(not-writable) O:refused(not-writable) F:refused(not-writable) O:refused(not-writable) F:refused(not-writable) O:refused(not-writable) F:refused(not-writable) O:refused(not-writable) F:refused(not-writable) O:refused(not-writable) F:refused(not-writable) O:refused(not-writable) F:refused(not-writable) O:refused(not-writable) F:refused(not-writable) O:refused(not-writable) F:refused(not-writable) O:refused(not-writable) F:refused(not-writable) O:refused(not-writable) F:refused(not-writable) O:refused(not-writable) F:refused(not-writable) O:refused(not-writable) F:refused(not-writable) O:refused(not-writable) F:refused(not-writable) O:refused(not-writable) F:refused(not-writable) O:refused(not-writable)	mount-err:Recovery(UnitUnreadable { slot: SlotNumber(50182) })	same	-	[0, 0]	0	0	[0, 0]	0	0	0	4	-	[]	0	0
F9-bad-media-rw-forever	N3-keep-allocated	MMOOFOFOFOFOFOFOFOFOFOFOFOFOFOFOFO	M:mount-err:Recovery(UnitUnreadable { slot: SlotNumber(50182) }) M:mount-err:Recovery(UnitUnreadable { slot: SlotNumber(50182) }) O:refused(not-writable) O:refused(not-writable) F:refused(not-writable) O:refused(not-writable) F:refused(not-writable) O:refused(not-writable) F:refused(not-writable) O:refused(not-writable) F:refused(not-writable) O:refused(not-writable) F:refused(not-writable) O:refused(not-writable) F:refused(not-writable) O:refused(not-writable) F:refused(not-writable) O:refused(not-writable) F:refused(not-writable) O:refused(not-writable) F:refused(not-writable) O:refused(not-writable) F:refused(not-writable) O:refused(not-writable) F:refused(not-writable) O:refused(not-writable) F:refused(not-writable) O:refused(not-writable) F:refused(not-writable) O:refused(not-writable) F:refused(not-writable) O:refused(not-writable) F:refused(not-writable) O:refused(not-writable)	mount-err:Recovery(UnitUnreadable { slot: SlotNumber(50182) })	same	-	[0, 0]	0	0	[0, 0]	0	0	0	6	-	[]	0	0
F9-bad-media-rw-forever	N3-keep-allocated	MOFOFOFOFOFOFOFOFOFOFOFOFOFOFOFOFO	M:mount-err:Recovery(UnitUnreadable { slot: SlotNumber(50182) }) O:refused(not-writable) F:refused(not-writable) O:refused(not-writable) F:refused(not-writable) O:refused(not-writable) F:refused(not-writable) O:refused(not-writable) F:refused(not-writable) O:refused(not-writable) F:refused(not-writable) O:refused(not-writable) F:refused(not-writable) O:refused(not-writable) F:refused(not-writable) O:refused(not-writable) F:refused(not-writable) O:refused(not-writable) F:refused(not-writable) O:refused(not-writable) F:refused(not-writable) O:refused(not-writable) F:refused(not-writable) O:refused(not-writable) F:refused(not-writable) O:refused(not-writable) F:refused(not-writable) O:refused(not-writable) F:refused(not-writable) O:refused(not-writable) F:refused(not-writable) O:refused(not-writable) F:refused(not-writable) O:refused(not-writable)	mount-err:Recovery(UnitUnreadable { slot: SlotNumber(50182) })	same	-	[0, 0]	0	0	[0, 0]	0	0	0	4	-	[]	0	0
F9-bad-media-rw-forever	N3-keep-allocated	MOFMFOFOFOFOFOFOFOFOFOFOFOFOFOFOFO	M:mount-err:Recovery(UnitUnreadable { slot: SlotNumber(50182) }) O:refused(not-writable) F:refused(not-writable) M:mount-err:Recovery(UnitUnreadable { slot: SlotNumber(50182) }) F:refused(not-writable) O:refused(not-writable) F:refused(not-writable) O:refused(not-writable) F:refused(not-writable) O:refused(not-writable) F:refused(not-writable) O:refused(not-writable) F:refused(not-writable) O:refused(not-writable) F:refused(not-writable) O:refused(not-writable) F:refused(not-writable) O:refused(not-writable) F:refused(not-writable) O:refused(not-writable) F:refused(not-writable) O:refused(not-writable) F:refused(not-writable) O:refused(not-writable) F:refused(not-writable) O:refused(not-writable) F:refused(not-writable) O:refused(not-writable) F:refused(not-writable) O:refused(not-writable) F:refused(not-writable) O:refused(not-writable) F:refused(not-writable) O:refused(not-writable)	mount-err:Recovery(UnitUnreadable { slot: SlotNumber(50182) })	same	-	[0, 0]	0	0	[0, 0]	0	0	0	6	-	[]	0	0
F9-bad-media-rw-forever	N3-keep-allocated	MOOFFOFOFOFOFOFOFOFOFOFOFOFOFOFOFO	M:mount-err:Recovery(UnitUnreadable { slot: SlotNumber(50182) }) O:refused(not-writable) O:refused(not-writable) F:refused(not-writable) F:refused(not-writable) O:refused(not-writable) F:refused(not-writable) O:refused(not-writable) F:refused(not-writable) O:refused(not-writable) F:refused(not-writable) O:refused(not-writable) F:refused(not-writable) O:refused(not-writable) F:refused(not-writable) O:refused(not-writable) F:refused(not-writable) O:refused(not-writable) F:refused(not-writable) O:refused(not-writable) F:refused(not-writable) O:refused(not-writable) F:refused(not-writable) O:refused(not-writable) F:refused(not-writable) O:refused(not-writable) F:refused(not-writable) O:refused(not-writable) F:refused(not-writable) O:refused(not-writable) F:refused(not-writable) O:refused(not-writable) F:refused(not-writable) O:refused(not-writable)	mount-err:Recovery(UnitUnreadable { slot: SlotNumber(50182) })	same	-	[0, 0]	0	0	[0, 0]	0	0	0	4	-	[]	0	0
F9-bad-media-rw-forever	N3-keep-allocated	MOMFFOFOFOFOFOFOFOFOFOFOFOFOFOFOFO	M:mount-err:Recovery(UnitUnreadable { slot: SlotNumber(50182) }) O:refused(not-writable) M:mount-err:Recovery(UnitUnreadable { slot: SlotNumber(50182) }) F:refused(not-writable) F:refused(not-writable) O:refused(not-writable) F:refused(not-writable) O:refused(not-writable) F:refused(not-writable) O:refused(not-writable) F:refused(not-writable) O:refused(not-writable) F:refused(not-writable) O:refused(not-writable) F:refused(not-writable) O:refused(not-writable) F:refused(not-writable) O:refused(not-writable) F:refused(not-writable) O:refused(not-writable) F:refused(not-writable) O:refused(not-writable) F:refused(not-writable) O:refused(not-writable) F:refused(not-writable) O:refused(not-writable) F:refused(not-writable) O:refused(not-writable) F:refused(not-writable) O:refused(not-writable) F:refused(not-writable) O:refused(not-writable) F:refused(not-writable) O:refused(not-writable)	mount-err:Recovery(UnitUnreadable { slot: SlotNumber(50182) })	same	-	[0, 0]	0	0	[0, 0]	0	0	0	6	-	[]	0	0
F9-bad-media-rw-forever	N3-keep-allocated	MOMOFOFOFOFOFOFOFOFOFOFOFOFOFOFOFO	M:mount-err:Recovery(UnitUnreadable { slot: SlotNumber(50182) }) O:refused(not-writable) M:mount-err:Recovery(UnitUnreadable { slot: SlotNumber(50182) }) O:refused(not-writable) F:refused(not-writable) O:refused(not-writable) F:refused(not-writable) O:refused(not-writable) F:refused(not-writable) O:refused(not-writable) F:refused(not-writable) O:refused(not-writable) F:refused(not-writable) O:refused(not-writable) F:refused(not-writable) O:refused(not-writable) F:refused(not-writable) O:refused(not-writable) F:refused(not-writable) O:refused(not-writable) F:refused(not-writable) O:refused(not-writable) F:refused(not-writable) O:refused(not-writable) F:refused(not-writable) O:refused(not-writable) F:refused(not-writable) O:refused(not-writable) F:refused(not-writable) O:refused(not-writable) F:refused(not-writable) O:refused(not-writable) F:refused(not-writable) O:refused(not-writable)	mount-err:Recovery(UnitUnreadable { slot: SlotNumber(50182) })	same	-	[0, 0]	0	0	[0, 0]	0	0	0	6	-	[]	0	0
F9-bad-media-rw-forever	N3-keep-allocated	MOMMFOFOFOFOFOFOFOFOFOFOFOFOFOFOFO	M:mount-err:Recovery(UnitUnreadable { slot: SlotNumber(50182) }) O:refused(not-writable) M:mount-err:Recovery(UnitUnreadable { slot: SlotNumber(50182) }) M:mount-err:Recovery(UnitUnreadable { slot: SlotNumber(50182) }) F:refused(not-writable) O:refused(not-writable) F:refused(not-writable) O:refused(not-writable) F:refused(not-writable) O:refused(not-writable) F:refused(not-writable) O:refused(not-writable) F:refused(not-writable) O:refused(not-writable) F:refused(not-writable) O:refused(not-writable) F:refused(not-writable) O:refused(not-writable) F:refused(not-writable) O:refused(not-writable) F:refused(not-writable) O:refused(not-writable) F:refused(not-writable) O:refused(not-writable) F:refused(not-writable) O:refused(not-writable) F:refused(not-writable) O:refused(not-writable) F:refused(not-writable) O:refused(not-writable) F:refused(not-writable) O:refused(not-writable) F:refused(not-writable) O:refused(not-writable)	mount-err:Recovery(UnitUnreadable { slot: SlotNumber(50182) })	same	-	[0, 0]	0	0	[0, 0]	0	0	0	8	-	[]	0	0
F9-bad-media-rw-forever	N3-keep-allocated	MOOOFOFOFOFOFOFOFOFOFOFOFOFOFOFOFO	M:mount-err:Recovery(UnitUnreadable { slot: SlotNumber(50182) }) O:refused(not-writable) O:refused(not-writable) O:refused(not-writable) F:refused(not-writable) O:refused(not-writable) F:refused(not-writable) O:refused(not-writable) F:refused(not-writable) O:refused(not-writable) F:refused(not-writable) O:refused(not-writable) F:refused(not-writable) O:refused(not-writable) F:refused(not-writable) O:refused(not-writable) F:refused(not-writable) O:refused(not-writable) F:refused(not-writable) O:refused(not-writable) F:refused(not-writable) O:refused(not-writable) F:refused(not-writable) O:refused(not-writable) F:refused(not-writable) O:refused(not-writable) F:refused(not-writable) O:refused(not-writable) F:refused(not-writable) O:refused(not-writable) F:refused(not-writable) O:refused(not-writable) F:refused(not-writable) O:refused(not-writable)	mount-err:Recovery(UnitUnreadable { slot: SlotNumber(50182) })	same	-	[0, 0]	0	0	[0, 0]	0	0	0	4	-	[]	0	0
F9-bad-media-rw-forever	N3-keep-allocated	MOOMFOFOFOFOFOFOFOFOFOFOFOFOFOFOFO	M:mount-err:Recovery(UnitUnreadable { slot: SlotNumber(50182) }) O:refused(not-writable) O:refused(not-writable) M:mount-err:Recovery(UnitUnreadable { slot: SlotNumber(50182) }) F:refused(not-writable) O:refused(not-writable) F:refused(not-writable) O:refused(not-writable) F:refused(not-writable) O:refused(not-writable) F:refused(not-writable) O:refused(not-writable) F:refused(not-writable) O:refused(not-writable) F:refused(not-writable) O:refused(not-writable) F:refused(not-writable) O:refused(not-writable) F:refused(not-writable) O:refused(not-writable) F:refused(not-writable) O:refused(not-writable) F:refused(not-writable) O:refused(not-writable) F:refused(not-writable) O:refused(not-writable) F:refused(not-writable) O:refused(not-writable) F:refused(not-writable) O:refused(not-writable) F:refused(not-writable) O:refused(not-writable) F:refused(not-writable) O:refused(not-writable)	mount-err:Recovery(UnitUnreadable { slot: SlotNumber(50182) })	same	-	[0, 0]	0	0	[0, 0]	0	0	0	6	-	[]	0	0
F9-bad-media-rw-forever	N3-keep-allocated	OFFFFOFOFOFOFOFOFOFOFOFOFOFOFOFOFO	O:ok F:noop F:noop F:noop F:noop O:ok F:ok(F=3,reclaimed=1) O:ok F:ok(F=6,reclaimed=17) O:ok F:ok(F=7,reclaimed=7) O:ok F:ok(F=8,reclaimed=8) O:ok F:ok(F=11,reclaimed=16) O:ok F:ok(F=14,reclaimed=16) O:ok F:ok(F=17,reclaimed=16) O:ok F:ok(F=20,reclaimed=16) O:ok F:ok(F=23,reclaimed=16) O:ok F:ok(F=26,reclaimed=16) O:ok F:ok(F=29,reclaimed=16) O:ok F:ok(F=32,reclaimed=16) O:ok F:ok(F=35,reclaimed=16) O:ok F:ok(F=38,reclaimed=16) O:ok	ok	same	I-3.1	[0, 0]	0	0	[0, 0]	153	3047424	0	2	t1@50182:record-kept-allocated	[]	0	0
F9-bad-media-rw-forever	N3-keep-allocated	OFFOFOFOFOFOFOFOFOFOFOFOFOFOFOFOFO	O:ok F:noop F:noop O:ok F:ok(F=3,reclaimed=1) O:ok F:ok(F=6,reclaimed=17) O:ok F:ok(F=7,reclaimed=7) O:ok F:ok(F=8,reclaimed=8) O:ok F:ok(F=11,reclaimed=16) O:ok F:ok(F=14,reclaimed=16) O:ok F:ok(F=17,reclaimed=16) O:ok F:ok(F=20,reclaimed=16) O:ok F:ok(F=23,reclaimed=16) O:ok F:ok(F=26,reclaimed=16) O:ok F:ok(F=29,reclaimed=16) O:ok F:ok(F=32,reclaimed=16) O:ok F:ok(F=35,reclaimed=16) O:ok F:ok(F=38,reclaimed=16) O:ok F:ok(F=41,reclaimed=16) O:ok	ok	same	I-3.1	[0, 0]	0	0	[0, 0]	163	3244032	0	2	t1@50182:record-kept-allocated	[]	0	0
F9-bad-media-rw-forever	N3-keep-allocated	OFFMFOFOFOFOFOFOFOFOFOFOFOFOFOFOFO	O:ok F:noop F:noop M:ok F:noop O:ok F:ok(F=3,reclaimed=1) O:ok F:ok(F=6,reclaimed=17) O:ok F:ok(F=7,reclaimed=7) O:ok F:ok(F=11,reclaimed=21) O:ok F:ok(F=14,reclaimed=16) O:ok F:ok(F=17,reclaimed=16) O:ok F:ok(F=20,reclaimed=16) O:ok F:ok(F=23,reclaimed=16) O:ok F:ok(F=26,reclaimed=16) O:ok F:ok(F=29,reclaimed=16) O:ok F:ok(F=32,reclaimed=16) O:ok F:ok(F=35,reclaimed=16) O:ok F:ok(F=38,reclaimed=16) O:ok F:ok(F=41,reclaimed=16) O:ok	ok	same	I-3.1	[0, 0]	0	0	[0, 0]	159	3145728	0	2	t1@50182:record-kept-allocated	[]	0	0
F9-bad-media-rw-forever	N3-keep-allocated	OFMFFOFOFOFOFOFOFOFOFOFOFOFOFOFOFO	O:ok F:noop M:ok F:noop F:noop O:ok F:ok(F=3,reclaimed=1) O:ok F:ok(F=6,reclaimed=17) O:ok F:ok(F=7,reclaimed=7) O:ok F:ok(F=11,reclaimed=21) O:ok F:ok(F=14,reclaimed=16) O:ok F:ok(F=17,reclaimed=16) O:ok F:ok(F=20,reclaimed=16) O:ok F:ok(F=23,reclaimed=16) O:ok F:ok(F=26,reclaimed=16) O:ok F:ok(F=29,reclaimed=16) O:ok F:ok(F=32,reclaimed=16) O:ok F:ok(F=35,reclaimed=16) O:ok F:ok(F=38,reclaimed=16) O:ok F:ok(F=41,reclaimed=16) O:ok	ok	same	I-3.1	[0, 0]	0	0	[0, 0]	159	3145728	0	2	t1@50182:record-kept-allocated	[]	0	0
F9-bad-media-rw-forever	N3-keep-allocated	OFMOFOFOFOFOFOFOFOFOFOFOFOFOFOFOFO	O:ok F:noop M:ok O:ok F:ok(F=3,reclaimed=1) O:ok F:ok(F=6,reclaimed=17) O:ok F:ok(F=7,reclaimed=7) O:ok F:ok(F=11,reclaimed=21) O:ok F:ok(F=14,reclaimed=16) O:ok F:ok(F=17,reclaimed=16) O:ok F:ok(F=20,reclaimed=16) O:ok F:ok(F=23,reclaimed=16) O:ok F:ok(F=26,reclaimed=16) O:ok F:ok(F=29,reclaimed=16) O:ok F:ok(F=32,reclaimed=16) O:ok F:ok(F=35,reclaimed=16) O:ok F:ok(F=38,reclaimed=16) O:ok F:ok(F=41,reclaimed=16) O:ok F:ok(F=44,reclaimed=16) O:ok	ok	same	I-3.1	[0, 0]	0	0	[0, 0]	169	3342336	0	2	t1@50182:record-kept-allocated	[]	0	0
F9-bad-media-rw-forever	N3-keep-allocated	OFMMFOFOFOFOFOFOFOFOFOFOFOFOFOFOFO	O:ok F:noop M:ok M:ok F:noop O:ok F:ok(F=3,reclaimed=1) O:ok F:ok(F=6,reclaimed=17) O:ok F:ok(F=7,reclaimed=7) O:ok F:ok(F=14,reclaimed=34) O:ok F:ok(F=17,reclaimed=16) O:ok F:ok(F=20,reclaimed=16) O:ok F:ok(F=23,reclaimed=16) O:ok F:ok(F=26,reclaimed=16) O:ok F:ok(F=29,reclaimed=16) O:ok F:ok(F=32,reclaimed=16) O:ok F:ok(F=35,reclaimed=16) O:ok F:ok(F=38,reclaimed=16) O:ok F:ok(F=41,reclaimed=16) O:ok F:ok(F=44,reclaimed=16) O:ok	ok	same	I-3.1	[0, 0]	0	0	[0, 0]	165	3244032	0	2	t1@50182:record-kept-allocated	[]	0	0
F9-bad-media-rw-forever	N3-keep-allocated	OFOFFOFOFOFOFOFOFOFOFOFOFOFOFOFOFO	O:ok F:noop O:ok F:ok(F=3,reclaimed=1) F:noop O:ok F:ok(F=6,reclaimed=17) O:ok F:ok(F=7,reclaimed=7) O:ok F:ok(F=8,reclaimed=8) O:ok F:ok(F=11,reclaimed=16) O:ok F:ok(F=14,reclaimed=16) O:ok F:ok(F=17,reclaimed=16) O:ok F:ok(F=20,reclaimed=16) O:ok F:ok(F=23,reclaimed=16) O:ok F:ok(F=26,reclaimed=16) O:ok F:ok(F=29,reclaimed=16) O:ok F:ok(F=32,reclaimed=16) O:ok F:ok(F=35,reclaimed=16) O:ok F:ok(F=38,reclaimed=16) O:ok F:ok(F=41,reclaimed=16) O:ok	ok	same	I-3.1	[0, 0]	0	0	[0, 0]	163	3244032	0	2	t1@50182:record-kept-allocated	[]	0	0
F9-bad-media-rw-forever	N3-keep-allocated	OFOOFOFOFOFOFOFOFOFOFOFOFOFOFOFOFO	O:ok F:noop O:ok O:ok F:ok(F=6,reclaimed=18) O:ok F:ok(F=7,reclaimed=7) O:ok F:ok(F=8,reclaimed=8) O:ok F:ok(F=9,reclaimed=8) O:ok F:ok(F=12,reclaimed=16) O:ok F:ok(F=15,reclaimed=16) O:ok F:ok(F=18,reclaimed=16) O:ok F:ok(F=21,reclaimed=16) O:ok F:ok(F=24,reclaimed=16) O:ok F:ok(F=27,reclaimed=16) O:ok F:ok(F=30,reclaimed=16) O:ok F:ok(F=33,reclaimed=16) O:ok F:ok(F=36,reclaimed=16) O:ok F:ok(F=39,reclaimed=16) O:ok F:ok(F=42,reclaimed=16) O:ok	ok	same	I-3.1	[0, 0]	0	0	[0, 0]	169	3375104	0	2	t1@50182:record-kept-allocated	[]	0	0
F9-bad-media-rw-forever	N3-keep-allocated	OFOMFOFOFOFOFOFOFOFOFOFOFOFOFOFOFO	O:ok F:noop O:ok M:ok F:ok(F=3,reclaimed=1) O:ok F:ok(F=6,reclaimed=17) O:ok F:ok(F=7,reclaimed=7) O:ok F:ok(F=8,reclaimed=8) O:ok F:ok(F=14,reclaimed=29) O:ok F:ok(F=17,reclaimed=16) O:ok F:ok(F=20,reclaimed=16) O:ok F:ok(F=23,reclaimed=16) O:ok F:ok(F=26,reclaimed=16) O:ok F:ok(F=29,reclaimed=16) O:ok F:ok(F=32,reclaimed=16) O:ok F:ok(F=35,reclaimed=16) O:ok F:ok(F=38,reclaimed=16) O:ok F:ok(F=41,reclaimed=16) O:ok F:ok(F=44,reclaimed=16) O:ok	ok	same	I-3.1	[0, 0]	0	0	[0, 0]	169	3342336	0	2	t1@50182:record-kept-allocated	[]	0	0
F9-bad-media-rw-forever	N3-keep-allocated	OMFFFOFOFOFOFOFOFOFOFOFOFOFOFOFOFO	O:ok M:ok F:noop F:noop F:noop O:ok F:ok(F=3,reclaimed=1) O:ok F:ok(F=6,reclaimed=17) O:ok F:ok(F=7,reclaimed=7) O:ok F:ok(F=11,reclaimed=21) O:ok F:ok(F=14,reclaimed=16) O:ok F:ok(F=17,reclaimed=16) O:ok F:ok(F=20,reclaimed=16) O:ok F:ok(F=23,reclaimed=16) O:ok F:ok(F=26,reclaimed=16) O:ok F:ok(F=29,reclaimed=16) O:ok F:ok(F=32,reclaimed=16) O:ok F:ok(F=35,reclaimed=16) O:ok F:ok(F=38,reclaimed=16) O:ok F:ok(F=41,reclaimed=16) O:ok	ok	same	I-3.1	[0, 0]	0	0	[0, 0]	159	3145728	0	2	t1@50182:record-kept-allocated	[]	0	0
F9-bad-media-rw-forever	N3-keep-allocated	OMFOFOFOFOFOFOFOFOFOFOFOFOFOFOFOFO	O:ok M:ok F:noop O:ok F:ok(F=3,reclaimed=1) O:ok F:ok(F=6,reclaimed=17) O:ok F:ok(F=7,reclaimed=7) O:ok F:ok(F=11,reclaimed=21) O:ok F:ok(F=14,reclaimed=16) O:ok F:ok(F=17,reclaimed=16) O:ok F:ok(F=20,reclaimed=16) O:ok F:ok(F=23,reclaimed=16) O:ok F:ok(F=26,reclaimed=16) O:ok F:ok(F=29,reclaimed=16) O:ok F:ok(F=32,reclaimed=16) O:ok F:ok(F=35,reclaimed=16) O:ok F:ok(F=38,reclaimed=16) O:ok F:ok(F=41,reclaimed=16) O:ok F:ok(F=44,reclaimed=16) O:ok	ok	same	I-3.1	[0, 0]	0	0	[0, 0]	169	3342336	0	2	t1@50182:record-kept-allocated	[]	0	0
F9-bad-media-rw-forever	N3-keep-allocated	OMFMFOFOFOFOFOFOFOFOFOFOFOFOFOFOFO	O:ok M:ok F:noop M:ok F:noop O:ok F:ok(F=3,reclaimed=1) O:ok F:ok(F=6,reclaimed=17) O:ok F:ok(F=7,reclaimed=7) O:ok F:ok(F=14,reclaimed=34) O:ok F:ok(F=17,reclaimed=16) O:ok F:ok(F=20,reclaimed=16) O:ok F:ok(F=23,reclaimed=16) O:ok F:ok(F=26,reclaimed=16) O:ok F:ok(F=29,reclaimed=16) O:ok F:ok(F=32,reclaimed=16) O:ok F:ok(F=35,reclaimed=16) O:ok F:ok(F=38,reclaimed=16) O:ok F:ok(F=41,reclaimed=16) O:ok F:ok(F=44,reclaimed=16) O:ok	ok	same	I-3.1	[0, 0]	0	0	[0, 0]	165	3244032	0	2	t1@50182:record-kept-allocated	[]	0	0
F9-bad-media-rw-forever	N3-keep-allocated	OMMFFOFOFOFOFOFOFOFOFOFOFOFOFOFOFO	O:ok M:ok M:ok F:noop F:noop O:ok F:ok(F=3,reclaimed=1) O:ok F:ok(F=6,reclaimed=17) O:ok F:ok(F=7,reclaimed=7) O:ok F:ok(F=14,reclaimed=34) O:ok F:ok(F=17,reclaimed=16) O:ok F:ok(F=20,reclaimed=16) O:ok F:ok(F=23,reclaimed=16) O:ok F:ok(F=26,reclaimed=16) O:ok F:ok(F=29,reclaimed=16) O:ok F:ok(F=32,reclaimed=16) O:ok F:ok(F=35,reclaimed=16) O:ok F:ok(F=38,reclaimed=16) O:ok F:ok(F=41,reclaimed=16) O:ok F:ok(F=44,reclaimed=16) O:ok	ok	same	I-3.1	[0, 0]	0	0	[0, 0]	165	3244032	0	2	t1@50182:record-kept-allocated	[]	0	0
F9-bad-media-rw-forever	N3-keep-allocated	OMOFFOFOFOFOFOFOFOFOFOFOFOFOFOFOFO	O:ok M:ok O:ok F:ok(F=3,reclaimed=1) F:noop O:ok F:ok(F=6,reclaimed=17) O:ok F:ok(F=7,reclaimed=7) O:ok F:ok(F=11,reclaimed=21) O:ok F:ok(F=14,reclaimed=16) O:ok F:ok(F=17,reclaimed=16) O:ok F:ok(F=20,reclaimed=16) O:ok F:ok(F=23,reclaimed=16) O:ok F:ok(F=26,reclaimed=16) O:ok F:ok(F=29,reclaimed=16) O:ok F:ok(F=32,reclaimed=16) O:ok F:ok(F=35,reclaimed=16) O:ok F:ok(F=38,reclaimed=16) O:ok F:ok(F=41,reclaimed=16) O:ok F:ok(F=44,reclaimed=16) O:ok	ok	same	I-3.1	[0, 0]	0	0	[0, 0]	169	3342336	0	2	t1@50182:record-kept-allocated	[]	0	0
F9-bad-media-rw-forever	N3-keep-allocated	OMOMFOFOFOFOFOFOFOFOFOFOFOFOFOFOFO	O:ok M:ok O:ok M:ok F:ok(F=3,reclaimed=1) O:ok F:ok(F=6,reclaimed=17) O:ok F:ok(F=7,reclaimed=7) O:ok F:ok(F=11,reclaimed=21) O:ok F:ok(F=17,reclaimed=29) O:ok F:ok(F=20,reclaimed=16) O:ok F:ok(F=23,reclaimed=16) O:ok F:ok(F=26,reclaimed=16) O:ok F:ok(F=29,reclaimed=16) O:ok F:ok(F=32,reclaimed=16) O:ok F:ok(F=35,reclaimed=16) O:ok F:ok(F=38,reclaimed=16) O:ok F:ok(F=41,reclaimed=16) O:ok F:ok(F=44,reclaimed=16) O:ok F:ok(F=47,reclaimed=16) O:ok	ok	same	I-3.1	[0, 0]	0	0	[0, 0]	175	3440640	0	2	t1@50182:record-kept-allocated	[]	0	0
F9-bad-media-rw-forever	N3-keep-allocated	OMMOFOFOFOFOFOFOFOFOFOFOFOFOFOFOFO	O:ok M:ok M:ok O:ok F:ok(F=3,reclaimed=1) O:ok F:ok(F=6,reclaimed=17) O:ok F:ok(F=7,reclaimed=7) O:ok F:ok(F=14,reclaimed=34) O:ok F:ok(F=17,reclaimed=16) O:ok F:ok(F=20,reclaimed=16) O:ok F:ok(F=23,reclaimed=16) O:ok F:ok(F=26,reclaimed=16) O:ok F:ok(F=29,reclaimed=16) O:ok F:ok(F=32,reclaimed=16) O:ok F:ok(F=35,reclaimed=16) O:ok F:ok(F=38,reclaimed=16) O:ok F:ok(F=41,reclaimed=16) O:ok F:ok(F=44,reclaimed=16) O:ok F:ok(F=47,reclaimed=16) O:ok	ok	same	I-3.1	[0, 0]	0	0	[0, 0]	175	3440640	0	2	t1@50182:record-kept-allocated	[]	0	0
F9-bad-media-rw-forever	N3-keep-allocated	OMMMFOFOFOFOFOFOFOFOFOFOFOFOFOFOFO	O:ok M:ok M:ok M:ok F:noop O:ok F:ok(F=3,reclaimed=1) O:ok F:ok(F=6,reclaimed=17) O:ok F:ok(F=7,reclaimed=7) O:ok F:ok(F=17,reclaimed=47) O:ok F:ok(F=20,reclaimed=16) O:ok F:ok(F=23,reclaimed=16) O:ok F:ok(F=26,reclaimed=16) O:ok F:ok(F=29,reclaimed=16) O:ok F:ok(F=32,reclaimed=16) O:ok F:ok(F=35,reclaimed=16) O:ok F:ok(F=38,reclaimed=16) O:ok F:ok(F=41,reclaimed=16) O:ok F:ok(F=44,reclaimed=16) O:ok F:ok(F=47,reclaimed=16) O:ok	ok	same	I-3.1	[0, 0]	0	0	[0, 0]	171	3342336	0	2	t1@50182:record-kept-allocated	[]	0	0
F9-bad-media-rw-forever	N3-keep-allocated	OOFFFOFOFOFOFOFOFOFOFOFOFOFOFOFOFO	O:ok O:ok F:ok(F=3,reclaimed=1) F:noop F:noop O:ok F:ok(F=6,reclaimed=17) O:ok F:ok(F=7,reclaimed=7) O:ok F:ok(F=8,reclaimed=8) O:ok F:ok(F=11,reclaimed=16) O:ok F:ok(F=14,reclaimed=16) O:ok F:ok(F=17,reclaimed=16) O:ok F:ok(F=20,reclaimed=16) O:ok F:ok(F=23,reclaimed=16) O:ok F:ok(F=26,reclaimed=16) O:ok F:ok(F=29,reclaimed=16) O:ok F:ok(F=32,reclaimed=16) O:ok F:ok(F=35,reclaimed=16) O:ok F:ok(F=38,reclaimed=16) O:ok F:ok(F=41,reclaimed=16) O:ok	ok	same	I-3.1	[0, 0]	0	0	[0, 0]	163	3244032	0	2	t1@50182:record-kept-allocated	[]	0	0
F9-bad-media-rw-forever	N3-keep-allocated	OMOOFOFOFOFOFOFOFOFOFOFOFOFOFOFOFO	O:ok M:ok O:ok O:ok F:ok(F=6,reclaimed=18) O:ok F:ok(F=7,reclaimed=7) O:ok F:ok(F=11,reclaimed=21) O:ok F:ok(F=12,reclaimed=8) O:ok F:ok(F=15,reclaimed=16) O:ok F:ok(F=18,reclaimed=16) O:ok F:ok(F=21,reclaimed=16) O:ok F:ok(F=24,reclaimed=16) O:ok F:ok(F=27,reclaimed=16) O:ok F:ok(F=30,reclaimed=16) O:ok F:ok(F=33,reclaimed=16) O:ok F:ok(F=36,reclaimed=16) O:ok F:ok(F=39,reclaimed=16) O:ok F:ok(F=42,reclaimed=16) O:ok F:ok(F=45,reclaimed=16) O:ok	ok	same	I-3.1	[0, 0]	0	0	[0, 0]	175	3473408	0	2	t1@50182:record-kept-allocated	[]	0	0
F9-bad-media-rw-forever	N3-keep-allocated	OOFOFOFOFOFOFOFOFOFOFOFOFOFOFOFOFO	O:ok O:ok F:ok(F=3,reclaimed=1) O:ok F:ok(F=6,reclaimed=17) O:ok F:ok(F=7,reclaimed=7) O:ok F:ok(F=8,reclaimed=8) O:ok F:ok(F=11,reclaimed=16) O:ok F:ok(F=14,reclaimed=16) O:ok F:ok(F=17,reclaimed=16) O:ok F:ok(F=20,reclaimed=16) O:ok F:ok(F=23,reclaimed=16) O:ok F:ok(F=26,reclaimed=16) O:ok F:ok(F=29,reclaimed=16) O:ok F:ok(F=32,reclaimed=16) O:ok F:ok(F=35,reclaimed=16) O:ok F:ok(F=38,reclaimed=16) O:ok F:ok(F=41,reclaimed=16) O:ok F:ok(F=44,reclaimed=16) O:ok	ok	same	I-3.1	[0, 0]	0	0	[0, 0]	173	3440640	0	2	t1@50182:record-kept-allocated	[]	0	0
F9-bad-media-rw-forever	N3-keep-allocated	OOFMFOFOFOFOFOFOFOFOFOFOFOFOFOFOFO	O:ok O:ok F:ok(F=3,reclaimed=1) M:ok F:noop O:ok F:ok(F=6,reclaimed=17) O:ok F:ok(F=7,reclaimed=7) O:ok F:ok(F=8,reclaimed=8) O:ok F:ok(F=14,reclaimed=29) O:ok F:ok(F=17,reclaimed=16) O:ok F:ok(F=20,reclaimed=16) O:ok F:ok(F=23,reclaimed=16) O:ok F:ok(F=26,reclaimed=16) O:ok F:ok(F=29,reclaimed=16) O:ok F:ok(F=32,reclaimed=16) O:ok F:ok(F=35,reclaimed=16) O:ok F:ok(F=38,reclaimed=16) O:ok F:ok(F=41,reclaimed=16) O:ok F:ok(F=44,reclaimed=16) O:ok	ok	same	I-3.1	[0, 0]	0	0	[0, 0]	169	3342336	0	2	t1@50182:record-kept-allocated	[]	0	0
F9-bad-media-rw-forever	N3-keep-allocated	OOMFFOFOFOFOFOFOFOFOFOFOFOFOFOFOFO	O:ok O:ok M:ok F:ok(F=3,reclaimed=1) F:noop O:ok F:ok(F=6,reclaimed=17) O:ok F:ok(F=7,reclaimed=7) O:ok F:ok(F=8,reclaimed=8) O:ok F:ok(F=14,reclaimed=29) O:ok F:ok(F=17,reclaimed=16) O:ok F:ok(F=20,reclaimed=16) O:ok F:ok(F=23,reclaimed=16) O:ok F:ok(F=26,reclaimed=16) O:ok F:ok(F=29,reclaimed=16) O:ok F:ok(F=32,reclaimed=16) O:ok F:ok(F=35,reclaimed=16) O:ok F:ok(F=38,reclaimed=16) O:ok F:ok(F=41,reclaimed=16) O:ok F:ok(F=44,reclaimed=16) O:ok	ok	same	I-3.1	[0, 0]	0	0	[0, 0]	169	3342336	0	2	t1@50182:record-kept-allocated	[]	0	0
F9-bad-media-rw-forever	N3-keep-allocated	FFMFOFOFOFOFOFOFOFOFOFOFOFOFOFOFO	F:noop F:noop M:mount-err:Recovery(UnitUnreadable { slot: SlotNumber(50182) }) F:refused(not-writable) O:refused(not-writable) F:refused(not-writable) O:refused(not-writable) F:refused(not-writable) O:refused(not-writable) F:refused(not-writable) O:refused(not-writable) F:refused(not-writable) O:refused(not-writable) F:refused(not-writable) O:refused(not-writable) F:refused(not-writable) O:refused(not-writable) F:refused(not-writable) O:refused(not-writable) F:refused(not-writable) O:refused(not-writable) F:refused(not-writable) O:refused(not-writable) F:refused(not-writable) O:refused(not-writable) F:refused(not-writable) O:refused(not-writable) F:refused(not-writable) O:refused(not-writable) F:refused(not-writable) O:refused(not-writable) F:refused(not-writable) O:refused(not-writable)	mount-err:Recovery(UnitUnreadable { slot: SlotNumber(50182) })	same	-	[0, 0]	0	0	[0, 0]	0	0	0	4	-	[]	0	0
F9-bad-media-rw-forever	N3-keep-allocated	OOOFFOFOFOFOFOFOFOFOFOFOFOFOFOFOFO	O:ok O:ok O:ok F:ok(F=6,reclaimed=18) F:noop O:ok F:ok(F=7,reclaimed=7) O:ok F:ok(F=8,reclaimed=8) O:ok F:ok(F=9,reclaimed=8) O:ok F:ok(F=12,reclaimed=16) O:ok F:ok(F=15,reclaimed=16) O:ok F:ok(F=18,reclaimed=16) O:ok F:ok(F=21,reclaimed=16) O:ok F:ok(F=24,reclaimed=16) O:ok F:ok(F=27,reclaimed=16) O:ok F:ok(F=30,reclaimed=16) O:ok F:ok(F=33,reclaimed=16) O:ok F:ok(F=36,reclaimed=16) O:ok F:ok(F=39,reclaimed=16) O:ok F:ok(F=42,reclaimed=16) O:ok	ok	same	I-3.1	[0, 0]	0	0	[0, 0]	169	3375104	0	2	t1@50182:record-kept-allocated	[]	0	0
F9-bad-media-rw-forever	N3-keep-allocated	OOMOFOFOFOFOFOFOFOFOFOFOFOFOFOFOFO	O:ok O:ok M:ok O:ok F:ok(F=6,reclaimed=18) O:ok F:ok(F=7,reclaimed=7) O:ok F:ok(F=8,reclaimed=8) O:ok F:ok(F=11,reclaimed=17) O:ok F:ok(F=14,reclaimed=16) O:ok F:ok(F=17,reclaimed=16) O:ok F:ok(F=20,reclaimed=16) O:ok F:ok(F=23,reclaimed=16) O:ok F:ok(F=26,reclaimed=16) O:ok F:ok(F=29,reclaimed=16) O:ok F:ok(F=32,reclaimed=16) O:ok F:ok(F=35,reclaimed=16) O:ok F:ok(F=38,reclaimed=16) O:ok F:ok(F=41,reclaimed=16) O:ok F:ok(F=44,reclaimed=16) O:ok	ok	same	I-3.1	[0, 0]	0	0	[0, 0]	173	3440640	0	2	t1@50182:record-kept-allocated	[]	0	0
F9-bad-media-rw-forever	N3-keep-allocated	OOMMFOFOFOFOFOFOFOFOFOFOFOFOFOFOFO	O:ok O:ok M:ok M:ok F:ok(F=3,reclaimed=1) O:ok F:ok(F=6,reclaimed=17) O:ok F:ok(F=7,reclaimed=7) O:ok F:ok(F=8,reclaimed=8) O:ok F:ok(F=17,reclaimed=42) O:ok F:ok(F=20,reclaimed=16) O:ok F:ok(F=23,reclaimed=16) O:ok F:ok(F=26,reclaimed=16) O:ok F:ok(F=29,reclaimed=16) O:ok F:ok(F=32,reclaimed=16) O:ok F:ok(F=35,reclaimed=16) O:ok F:ok(F=38,reclaimed=16) O:ok F:ok(F=41,reclaimed=16) O:ok F:ok(F=44,reclaimed=16) O:ok F:ok(F=47,reclaimed=16) O:ok	ok	same	I-3.1	[0, 0]	0	0	[0, 0]	175	3440640	0	2	t1@50182:record-kept-allocated	[]	0	0
F9-bad-media-rw-forever	N3-keep-allocated	OOOOFOFOFOFOFOFOFOFOFOFOFOFOFOFOFO	O:ok O:ok O:ok O:ok F:ok(F=7,reclaimed=25) O:ok F:ok(F=8,reclaimed=8) O:ok F:ok(F=9,reclaimed=8) O:ok F:ok(F=10,reclaimed=8) O:ok F:ok(F=14,reclaimed=20) O:ok F:ok(F=17,reclaimed=16) O:ok F:ok(F=20,reclaimed=16) O:ok F:ok(F=23,reclaimed=16) O:ok F:ok(F=26,reclaimed=16) O:ok F:ok(F=29,reclaimed=16) O:ok F:ok(F=32,reclaimed=16) O:ok F:ok(F=35,reclaimed=16) O:ok F:ok(F=38,reclaimed=16) O:ok F:ok(F=41,reclaimed=16) O:ok F:ok(F=44,reclaimed=16) O:ok	ok	same	I-3.1	[0, 0]	0	0	[0, 0]	177	3538944	0	2	t1@50182:record-kept-allocated	[]	0	0
F9-bad-media-rw-forever	N3-keep-allocated	FFFFOFOFOFOFOFOFOFOFOFOFOFOFOFOFO	F:noop F:noop F:noop F:noop O:ok F:noop O:ok F:ok(F=3,reclaimed=1) O:ok F:ok(F=6,reclaimed=17) O:ok F:ok(F=7,reclaimed=7) O:ok F:ok(F=8,reclaimed=8) O:ok F:ok(F=11,reclaimed=16) O:ok F:ok(F=14,reclaimed=16) O:ok F:ok(F=17,reclaimed=16) O:ok F:ok(F=20,reclaimed=16) O:ok F:ok(F=23,reclaimed=16) O:ok F:ok(F=26,reclaimed=16) O:ok F:ok(F=29,reclaimed=16) O:ok F:ok(F=32,reclaimed=16) O:ok F:ok(F=35,reclaimed=16) O:ok	ok	same	I-3.1	[0, 0]	0	0	[0, 0]	143	2850816	0	2	t1@50182:record-kept-allocated	[]	0	0
F9-bad-media-rw-forever	N3-keep-allocated	OOOMFOFOFOFOFOFOFOFOFOFOFOFOFOFOFO	O:ok O:ok O:ok M:ok F:ok(F=6,reclaimed=18) O:ok F:ok(F=7,reclaimed=7) O:ok F:ok(F=8,reclaimed=8) O:ok F:ok(F=9,reclaimed=8) O:ok F:ok(F=14,reclaimed=25) O:ok F:ok(F=17,reclaimed=16) O:ok F:ok(F=20,reclaimed=16) O:ok F:ok(F=23,reclaimed=16) O:ok F:ok(F=26,reclaimed=16) O:ok F:ok(F=29,reclaimed=16) O:ok F:ok(F=32,reclaimed=16) O:ok F:ok(F=35,reclaimed=16) O:ok F:ok(F=38,reclaimed=16) O:ok F:ok(F=41,reclaimed=16) O:ok F:ok(F=44,reclaimed=16) O:ok	ok	same	I-3.1	[0, 0]	0	0	[0, 0]	173	3440640	0	2	t1@50182:record-kept-allocated	[]	0	0
F9-bad-media-rw-forever	N3-keep-allocated	FMFFOFOFOFOFOFOFOFOFOFOFOFOFOFOFO	F:noop M:mount-err:Recovery(UnitUnreadable { slot: SlotNumber(50182) }) F:refused(not-writable) F:refused(not-writable) O:refused(not-writable) F:refused(not-writable) O:refused(not-writable) F:refused(not-writable) O:refused(not-writable) F:refused(not-writable) O:refused(not-writable) F:refused(not-writable) O:refused(not-writable) F:refused(not-writable) O:refused(not-writable) F:refused(not-writable) O:refused(not-writable) F:refused(not-writable) O:refused(not-writable) F:refused(not-writable) O:refused(not-writable) F:refused(not-writable) O:refused(not-writable) F:refused(not-writable) O:refused(not-writable) F:refused(not-writable) O:refused(not-writable) F:refused(not-writable) O:refused(not-writable) F:refused(not-writable) O:refused(not-writable) F:refused(not-writable) O:refused(not-writable)	mount-err:Recovery(UnitUnreadable { slot: SlotNumber(50182) })	same	-	[0, 0]	0	0	[0, 0]	0	0	0	4	-	[]	0	0
F9-bad-media-rw-forever	N3-keep-allocated	FMOFOFOFOFOFOFOFOFOFOFOFOFOFOFOFO	F:noop M:mount-err:Recovery(UnitUnreadable { slot: SlotNumber(50182) }) O:refused(not-writable) F:refused(not-writable) O:refused(not-writable) F:refused(not-writable) O:refused(not-writable) F:refused(not-writable) O:refused(not-writable) F:refused(not-writable) O:refused(not-writable) F:refused(not-writable) O:refused(not-writable) F:refused(not-writable) O:refused(not-writable) F:refused(not-writable) O:refused(not-writable) F:refused(not-writable) O:refused(not-writable) F:refused(not-writable) O:refused(not-writable) F:refused(not-writable) O:refused(not-writable) F:refused(not-writable) O:refused(not-writable) F:refused(not-writable) O:refused(not-writable) F:refused(not-writable) O:refused(not-writable) F:refused(not-writable) O:refused(not-writable) F:refused(not-writable) O:refused(not-writable)	mount-err:Recovery(UnitUnreadable { slot: SlotNumber(50182) })	same	-	[0, 0]	0	0	[0, 0]	0	0	0	4	-	[]	0	0
F9-bad-media-rw-forever	N3-keep-allocated	FMMFOFOFOFOFOFOFOFOFOFOFOFOFOFOFO	F:noop M:mount-err:Recovery(UnitUnreadable { slot: SlotNumber(50182) }) M:mount-err:Recovery(UnitUnreadable { slot: SlotNumber(50182) }) F:refused(not-writable) O:refused(not-writable) F:refused(not-writable) O:refused(not-writable) F:refused(not-writable) O:refused(not-writable) F:refused(not-writable) O:refused(not-writable) F:refused(not-writable) O:refused(not-writable) F:refused(not-writable) O:refused(not-writable) F:refused(not-writable) O:refused(not-writable) F:refused(not-writable) O:refused(not-writable) F:refused(not-writable) O:refused(not-writable) F:refused(not-writable) O:refused(not-writable) F:refused(not-writable) O:refused(not-writable) F:refused(not-writable) O:refused(not-writable) F:refused(not-writable) O:refused(not-writable) F:refused(not-writable) O:refused(not-writable) F:refused(not-writable) O:refused(not-writable)	mount-err:Recovery(UnitUnreadable { slot: SlotNumber(50182) })	same	-	[0, 0]	0	0	[0, 0]	0	0	0	6	-	[]	0	0
F9-bad-media-rw-forever	N3-keep-allocated	FFOFOFOFOFOFOFOFOFOFOFOFOFOFOFOFO	F:noop F:noop O:ok F:noop O:ok F:ok(F=3,reclaimed=1) O:ok F:ok(F=6,reclaimed=17) O:ok F:ok(F=7,reclaimed=7) O:ok F:ok(F=8,reclaimed=8) O:ok F:ok(F=11,reclaimed=16) O:ok F:ok(F=14,reclaimed=16) O:ok F:ok(F=17,reclaimed=16) O:ok F:ok(F=20,reclaimed=16) O:ok F:ok(F=23,reclaimed=16) O:ok F:ok(F=26,reclaimed=16) O:ok F:ok(F=29,reclaimed=16) O:ok F:ok(F=32,reclaimed=16) O:ok F:ok(F=35,reclaimed=16) O:ok F:ok(F=38,reclaimed=16) O:ok	ok	same	I-3.1	[0, 0]	0	0	[0, 0]	153	3047424	0	2	t1@50182:record-kept-allocated	[]	0	0
F9-bad-media-rw-forever	N3-keep-allocated	MFFFOFOFOFOFOFOFOFOFOFOFOFOFOFOFO	M:mount-err:Recovery(UnitUnreadable { slot: SlotNumber(50182) }) F:refused(not-writable) F:refused(not-writable) F:refused(not-writable) O:refused(not-writable) F:refused(not-writable) O:refused(not-writable) F:refused(not-writable) O:refused(not-writable) F:refused(not-writable) O:refused(not-writable) F:refused(not-writable) O:refused(not-writable) F:refused(not-writable) O:refused(not-writable) F:refused(not-writable) O:refused(not-writable) F:refused(not-writable) O:refused(not-writable) F:refused(not-writable) O:refused(not-writable) F:refused(not-writable) O:refused(not-writable) F:refused(not-writable) O:refused(not-writable) F:refused(not-writable) O:refused(not-writable) F:refused(not-writable) O:refused(not-writable) F:refused(not-writable) O:refused(not-writable) F:refused(not-writable) O:refused(not-writable)	mount-err:Recovery(UnitUnreadable { slot: SlotNumber(50182) })	same	-	[0, 0]	0	0	[0, 0]	0	0	0	4	-	[]	0	0
F9-bad-media-rw-forever	N3-keep-allocated	FOFFOFOFOFOFOFOFOFOFOFOFOFOFOFOFO	F:noop O:ok F:noop F:noop O:ok F:ok(F=3,reclaimed=1) O:ok F:ok(F=6,reclaimed=17) O:ok F:ok(F=7,reclaimed=7) O:ok F:ok(F=8,reclaimed=8) O:ok F:ok(F=11,reclaimed=16) O:ok F:ok(F=14,reclaimed=16) O:ok F:ok(F=17,reclaimed=16) O:ok F:ok(F=20,reclaimed=16) O:ok F:ok(F=23,reclaimed=16) O:ok F:ok(F=26,reclaimed=16) O:ok F:ok(F=29,reclaimed=16) O:ok F:ok(F=32,reclaimed=16) O:ok F:ok(F=35,reclaimed=16) O:ok F:ok(F=38,reclaimed=16) O:ok	ok	same	I-3.1	[0, 0]	0	0	[0, 0]	153	3047424	0	2	t1@50182:record-kept-allocated	[]	0	0
F9-bad-media-rw-forever	N3-keep-allocated	FOOFOFOFOFOFOFOFOFOFOFOFOFOFOFOFO	F:noop O:ok O:ok F:ok(F=3,reclaimed=1) O:ok F:ok(F=6,reclaimed=17) O:ok F:ok(F=7,reclaimed=7) O:ok F:ok(F=8,reclaimed=8) O:ok F:ok(F=11,reclaimed=16) O:ok F:ok(F=14,reclaimed=16) O:ok F:ok(F=17,reclaimed=16) O:ok F:ok(F=20,reclaimed=16) O:ok F:ok(F=23,reclaimed=16) O:ok F:ok(F=26,reclaimed=16) O:ok F:ok(F=29,reclaimed=16) O:ok F:ok(F=32,reclaimed=16) O:ok F:ok(F=35,reclaimed=16) O:ok F:ok(F=38,reclaimed=16) O:ok F:ok(F=41,reclaimed=16) O:ok	ok	same	I-3.1	[0, 0]	0	0	[0, 0]	163	3244032	0	2	t1@50182:record-kept-allocated	[]	0	0
F9-bad-media-rw-forever	N3-keep-allocated	FOMFOFOFOFOFOFOFOFOFOFOFOFOFOFOFO	F:noop O:ok M:ok F:noop O:ok F:ok(F=3,reclaimed=1) O:ok F:ok(F=6,reclaimed=17) O:ok F:ok(F=7,reclaimed=7) O:ok F:ok(F=11,reclaimed=21) O:ok F:ok(F=14,reclaimed=16) O:ok F:ok(F=17,reclaimed=16) O:ok F:ok(F=20,reclaimed=16) O:ok F:ok(F=23,reclaimed=16) O:ok F:ok(F=26,reclaimed=16) O:ok F:ok(F=29,reclaimed=16) O:ok F:ok(F=32,reclaimed=16) O:ok F:ok(F=35,reclaimed=16) O:ok F:ok(F=38,reclaimed=16) O:ok F:ok(F=41,reclaimed=16) O:ok	ok	same	I-3.1	[0, 0]	0	0	[0, 0]	159	3145728	0	2	t1@50182:record-kept-allocated	[]	0	0
F9-bad-media-rw-forever	N3-keep-allocated	MFMFOFOFOFOFOFOFOFOFOFOFOFOFOFOFO	M:mount-err:Recovery(UnitUnreadable { slot: SlotNumber(50182) }) F:refused(not-writable) M:mount-err:Recovery(UnitUnreadable { slot: SlotNumber(50182) }) F:refused(not-writable) O:refused(not-writable) F:refused(not-writable) O:refused(not-writable) F:refused(not-writable) O:refused(not-writable) F:refused(not-writable) O:refused(not-writable) F:refused(not-writable) O:refused(not-writable) F:refused(not-writable) O:refused(not-writable) F:refused(not-writable) O:refused(not-writable) F:refused(not-writable) O:refused(not-writable) F:refused(not-writable) O:refused(not-writable) F:refused(not-writable) O:refused(not-writable) F:refused(not-writable) O:refused(not-writable) F:refused(not-writable) O:refused(not-writable) F:refused(not-writable) O:refused(not-writable) F:refused(not-writable) O:refused(not-writable) F:refused(not-writable) O:refused(not-writable)	mount-err:Recovery(UnitUnreadable { slot: SlotNumber(50182) })	same	-	[0, 0]	0	0	[0, 0]	0	0	0	6	-	[]	0	0
F9-bad-media-rw-forever	N3-keep-allocated	MFOFOFOFOFOFOFOFOFOFOFOFOFOFOFOFO	M:mount-err:Recovery(UnitUnreadable { slot: SlotNumber(50182) }) F:refused(not-writable) O:refused(not-writable) F:refused(not-writable) O:refused(not-writable) F:refused(not-writable) O:refused(not-writable) F:refused(not-writable) O:refused(not-writable) F:refused(not-writable) O:refused(not-writable) F:refused(not-writable) O:refused(not-writable) F:refused(not-writable) O:refused(not-writable) F:refused(not-writable) O:refused(not-writable) F:refused(not-writable) O:refused(not-writable) F:refused(not-writable) O:refused(not-writable) F:refused(not-writable) O:refused(not-writable) F:refused(not-writable) O:refused(not-writable) F:refused(not-writable) O:refused(not-writable) F:refused(not-writable) O:refused(not-writable) F:refused(not-writable) O:refused(not-writable) F:refused(not-writable) O:refused(not-writable)	mount-err:Recovery(UnitUnreadable { slot: SlotNumber(50182) })	same	-	[0, 0]	0	0	[0, 0]	0	0	0	4	-	[]	0	0
F9-bad-media-rw-forever	N3-keep-allocated	MMOFOFOFOFOFOFOFOFOFOFOFOFOFOFOFO	M:mount-err:Recovery(UnitUnreadable { slot: SlotNumber(50182) }) M:mount-err:Recovery(UnitUnreadable { slot: SlotNumber(50182) }) O:refused(not-writable) F:refused(not-writable) O:refused(not-writable) F:refused(not-writable) O:refused(not-writable) F:refused(not-writable) O:refused(not-writable) F:refused(not-writable) O:refused(not-writable) F:refused(not-writable) O:refused(not-writable) F:refused(not-writable) O:refused(not-writable) F:refused(not-writable) O:refused(not-writable) F:refused(not-writable) O:refused(not-writable) F:refused(not-writable) O:refused(not-writable) F:refused(not-writable) O:refused(not-writable) F:refused(not-writable) O:refused(not-writable) F:refused(not-writable) O:refused(not-writable) F:refused(not-writable) O:refused(not-writable) F:refused(not-writable) O:refused(not-writable) F:refused(not-writable) O:refused(not-writable)	mount-err:Recovery(UnitUnreadable { slot: SlotNumber(50182) })	same	-	[0, 0]	0	0	[0, 0]	0	0	0	6	-	[]	0	0
F9-bad-media-rw-forever	N3-keep-allocated	MMFFOFOFOFOFOFOFOFOFOFOFOFOFOFOFO	M:mount-err:Recovery(UnitUnreadable { slot: SlotNumber(50182) }) M:mount-err:Recovery(UnitUnreadable { slot: SlotNumber(50182) }) F:refused(not-writable) F:refused(not-writable) O:refused(not-writable) F:refused(not-writable) O:refused(not-writable) F:refused(not-writable) O:refused(not-writable) F:refused(not-writable) O:refused(not-writable) F:refused(not-writable) O:refused(not-writable) F:refused(not-writable) O:refused(not-writable) F:refused(not-writable) O:refused(not-writable) F:refused(not-writable) O:refused(not-writable) F:refused(not-writable) O:refused(not-writable) F:refused(not-writable) O:refused(not-writable) F:refused(not-writable) O:refused(not-writable) F:refused(not-writable) O:refused(not-writable) F:refused(not-writable) O:refused(not-writable) F:refused(not-writable) O:refused(not-writable) F:refused(not-writable) O:refused(not-writable)	mount-err:Recovery(UnitUnreadable { slot: SlotNumber(50182) })	same	-	[0, 0]	0	0	[0, 0]	0	0	0	6	-	[]	0	0
F9-bad-media-rw-forever	N3-keep-allocated	MMMFOFOFOFOFOFOFOFOFOFOFOFOFOFOFO	M:mount-err:Recovery(UnitUnreadable { slot: SlotNumber(50182) }) M:mount-err:Recovery(UnitUnreadable { slot: SlotNumber(50182) }) M:mount-err:Recovery(UnitUnreadable { slot: SlotNumber(50182) }) F:refused(not-writable) O:refused(not-writable) F:refused(not-writable) O:refused(not-writable) F:refused(not-writable) O:refused(not-writable) F:refused(not-writable) O:refused(not-writable) F:refused(not-writable) O:refused(not-writable) F:refused(not-writable) O:refused(not-writable) F:refused(not-writable) O:refused(not-writable) F:refused(not-writable) O:refused(not-writable) F:refused(not-writable) O:refused(not-writable) F:refused(not-writable) O:refused(not-writable) F:refused(not-writable) O:refused(not-writable) F:refused(not-writable) O:refused(not-writable) F:refused(not-writable) O:refused(not-writable) F:refused(not-writable) O:refused(not-writable) F:refused(not-writable) O:refused(not-writable)	mount-err:Recovery(UnitUnreadable { slot: SlotNumber(50182) })	same	-	[0, 0]	0	0	[0, 0]	0	0	0	8	-	[]	0	0
F9-bad-media-rw-forever	N3-keep-allocated	MOFFOFOFOFOFOFOFOFOFOFOFOFOFOFOFO	M:mount-err:Recovery(UnitUnreadable { slot: SlotNumber(50182) }) O:refused(not-writable) F:refused(not-writable) F:refused(not-writable) O:refused(not-writable) F:refused(not-writable) O:refused(not-writable) F:refused(not-writable) O:refused(not-writable) F:refused(not-writable) O:refused(not-writable) F:refused(not-writable) O:refused(not-writable) F:refused(not-writable) O:refused(not-writable) F:refused(not-writable) O:refused(not-writable) F:refused(not-writable) O:refused(not-writable) F:refused(not-writable) O:refused(not-writable) F:refused(not-writable) O:refused(not-writable) F:refused(not-writable) O:refused(not-writable) F:refused(not-writable) O:refused(not-writable) F:refused(not-writable) O:refused(not-writable) F:refused(not-writable) O:refused(not-writable) F:refused(not-writable) O:refused(not-writable)	mount-err:Recovery(UnitUnreadable { slot: SlotNumber(50182) })	same	-	[0, 0]	0	0	[0, 0]	0	0	0	4	-	[]	0	0
F9-bad-media-rw-forever	N3-keep-allocated	MOOFOFOFOFOFOFOFOFOFOFOFOFOFOFOFO	M:mount-err:Recovery(UnitUnreadable { slot: SlotNumber(50182) }) O:refused(not-writable) O:refused(not-writable) F:refused(not-writable) O:refused(not-writable) F:refused(not-writable) O:refused(not-writable) F:refused(not-writable) O:refused(not-writable) F:refused(not-writable) O:refused(not-writable) F:refused(not-writable) O:refused(not-writable) F:refused(not-writable) O:refused(not-writable) F:refused(not-writable) O:refused(not-writable) F:refused(not-writable) O:refused(not-writable) F:refused(not-writable) O:refused(not-writable) F:refused(not-writable) O:refused(not-writable) F:refused(not-writable) O:refused(not-writable) F:refused(not-writable) O:refused(not-writable) F:refused(not-writable) O:refused(not-writable) F:refused(not-writable) O:refused(not-writable) F:refused(not-writable) O:refused(not-writable)	mount-err:Recovery(UnitUnreadable { slot: SlotNumber(50182) })	same	-	[0, 0]	0	0	[0, 0]	0	0	0	4	-	[]	0	0
F9-bad-media-rw-forever	N3-keep-allocated	MOMFOFOFOFOFOFOFOFOFOFOFOFOFOFOFO	M:mount-err:Recovery(UnitUnreadable { slot: SlotNumber(50182) }) O:refused(not-writable) M:mount-err:Recovery(UnitUnreadable { slot: SlotNumber(50182) }) F:refused(not-writable) O:refused(not-writable) F:refused(not-writable) O:refused(not-writable) F:refused(not-writable) O:refused(not-writable) F:refused(not-writable) O:refused(not-writable) F:refused(not-writable) O:refused(not-writable) F:refused(not-writable) O:refused(not-writable) F:refused(not-writable) O:refused(not-writable) F:refused(not-writable) O:refused(not-writable) F:refused(not-writable) O:refused(not-writable) F:refused(not-writable) O:refused(not-writable) F:refused(not-writable) O:refused(not-writable) F:refused(not-writable) O:refused(not-writable) F:refused(not-writable) O:refused(not-writable) F:refused(not-writable) O:refused(not-writable) F:refused(not-writable) O:refused(not-writable)	mount-err:Recovery(UnitUnreadable { slot: SlotNumber(50182) })	same	-	[0, 0]	0	0	[0, 0]	0	0	0	6	-	[]	0	0
F9-bad-media-rw-forever	N3-keep-allocated	OFFFOFOFOFOFOFOFOFOFOFOFOFOFOFOFO	O:ok F:noop F:noop F:noop O:ok F:ok(F=3,reclaimed=1) O:ok F:ok(F=6,reclaimed=17) O:ok F:ok(F=7,reclaimed=7) O:ok F:ok(F=8,reclaimed=8) O:ok F:ok(F=11,reclaimed=16) O:ok F:ok(F=14,reclaimed=16) O:ok F:ok(F=17,reclaimed=16) O:ok F:ok(F=20,reclaimed=16) O:ok F:ok(F=23,reclaimed=16) O:ok F:ok(F=26,reclaimed=16) O:ok F:ok(F=29,reclaimed=16) O:ok F:ok(F=32,reclaimed=16) O:ok F:ok(F=35,reclaimed=16) O:ok F:ok(F=38,reclaimed=16) O:ok	ok	same	I-3.1	[0, 0]	0	0	[0, 0]	153	3047424	0	2	t1@50182:record-kept-allocated	[]	0	0
F9-bad-media-rw-forever	N3-keep-allocated	OFOFOFOFOFOFOFOFOFOFOFOFOFOFOFOFO	O:ok F:noop O:ok F:ok(F=3,reclaimed=1) O:ok F:ok(F=6,reclaimed=17) O:ok F:ok(F=7,reclaimed=7) O:ok F:ok(F=8,reclaimed=8) O:ok F:ok(F=11,reclaimed=16) O:ok F:ok(F=14,reclaimed=16) O:ok F:ok(F=17,reclaimed=16) O:ok F:ok(F=20,reclaimed=16) O:ok F:ok(F=23,reclaimed=16) O:ok F:ok(F=26,reclaimed=16) O:ok F:ok(F=29,reclaimed=16) O:ok F:ok(F=32,reclaimed=16) O:ok F:ok(F=35,reclaimed=16) O:ok F:ok(F=38,reclaimed=16) O:ok F:ok(F=41,reclaimed=16) O:ok	ok	same	I-3.1	[0, 0]	0	0	[0, 0]	163	3244032	0	2	t1@50182:record-kept-allocated	[]	0	0
F9-bad-media-rw-forever	N3-keep-allocated	OFMFOFOFOFOFOFOFOFOFOFOFOFOFOFOFO	O:ok F:noop M:ok F:noop O:ok F:ok(F=3,reclaimed=1) O:ok F:ok(F=6,reclaimed=17) O:ok F:ok(F=7,reclaimed=7) O:ok F:ok(F=11,reclaimed=21) O:ok F:ok(F=14,reclaimed=16) O:ok F:ok(F=17,reclaimed=16) O:ok F:ok(F=20,reclaimed=16) O:ok F:ok(F=23,reclaimed=16) O:ok F:ok(F=26,reclaimed=16) O:ok F:ok(F=29,reclaimed=16) O:ok F:ok(F=32,reclaimed=16) O:ok F:ok(F=35,reclaimed=16) O:ok F:ok(F=38,reclaimed=16) O:ok F:ok(F=41,reclaimed=16) O:ok	ok	same	I-3.1	[0, 0]	0	0	[0, 0]	159	3145728	0	2	t1@50182:record-kept-allocated	[]	0	0
F9-bad-media-rw-forever	N3-keep-allocated	OMFFOFOFOFOFOFOFOFOFOFOFOFOFOFOFO	O:ok M:ok F:noop F:noop O:ok F:ok(F=3,reclaimed=1) O:ok F:ok(F=6,reclaimed=17) O:ok F:ok(F=7,reclaimed=7) O:ok F:ok(F=11,reclaimed=21) O:ok F:ok(F=14,reclaimed=16) O:ok F:ok(F=17,reclaimed=16) O:ok F:ok(F=20,reclaimed=16) O:ok F:ok(F=23,reclaimed=16) O:ok F:ok(F=26,reclaimed=16) O:ok F:ok(F=29,reclaimed=16) O:ok F:ok(F=32,reclaimed=16) O:ok F:ok(F=35,reclaimed=16) O:ok F:ok(F=38,reclaimed=16) O:ok F:ok(F=41,reclaimed=16) O:ok	ok	same	I-3.1	[0, 0]	0	0	[0, 0]	159	3145728	0	2	t1@50182:record-kept-allocated	[]	0	0
F9-bad-media-rw-forever	N3-keep-allocated	OOFFOFOFOFOFOFOFOFOFOFOFOFOFOFOFO	O:ok O:ok F:ok(F=3,reclaimed=1) F:noop O:ok F:ok(F=6,reclaimed=17) O:ok F:ok(F=7,reclaimed=7) O:ok F:ok(F=8,reclaimed=8) O:ok F:ok(F=11,reclaimed=16) O:ok F:ok(F=14,reclaimed=16) O:ok F:ok(F=17,reclaimed=16) O:ok F:ok(F=20,reclaimed=16) O:ok F:ok(F=23,reclaimed=16) O:ok F:ok(F=26,reclaimed=16) O:ok F:ok(F=29,reclaimed=16) O:ok F:ok(F=32,reclaimed=16) O:ok F:ok(F=35,reclaimed=16) O:ok F:ok(F=38,reclaimed=16) O:ok F:ok(F=41,reclaimed=16) O:ok	ok	same	I-3.1	[0, 0]	0	0	[0, 0]	163	3244032	0	2	t1@50182:record-kept-allocated	[]	0	0
F9-bad-media-rw-forever	N3-keep-allocated	OMOFOFOFOFOFOFOFOFOFOFOFOFOFOFOFO	O:ok M:ok O:ok F:ok(F=3,reclaimed=1) O:ok F:ok(F=6,reclaimed=17) O:ok F:ok(F=7,reclaimed=7) O:ok F:ok(F=11,reclaimed=21) O:ok F:ok(F=14,reclaimed=16) O:ok F:ok(F=17,reclaimed=16) O:ok F:ok(F=20,reclaimed=16) O:ok F:ok(F=23,reclaimed=16) O:ok F:ok(F=26,reclaimed=16) O:ok F:ok(F=29,reclaimed=16) O:ok F:ok(F=32,reclaimed=16) O:ok F:ok(F=35,reclaimed=16) O:ok F:ok(F=38,reclaimed=16) O:ok F:ok(F=41,reclaimed=16) O:ok F:ok(F=44,reclaimed=16) O:ok	ok	same	I-3.1	[0, 0]	0	0	[0, 0]	169	3342336	0	2	t1@50182:record-kept-allocated	[]	0	0
F9-bad-media-rw-forever	N3-keep-allocated	OMMFOFOFOFOFOFOFOFOFOFOFOFOFOFOFO	O:ok M:ok M:ok F:noop O:ok F:ok(F=3,reclaimed=1) O:ok F:ok(F=6,reclaimed=17) O:ok F:ok(F=7,reclaimed=7) O:ok F:ok(F=14,reclaimed=34) O:ok F:ok(F=17,reclaimed=16) O:ok F:ok(F=20,reclaimed=16) O:ok F:ok(F=23,reclaimed=16) O:ok F:ok(F=26,reclaimed=16) O:ok F:ok(F=29,reclaimed=16) O:ok F:ok(F=32,reclaimed=16) O:ok F:ok(F=35,reclaimed=16) O:ok F:ok(F=38,reclaimed=16) O:ok F:ok(F=41,reclaimed=16) O:ok F:ok(F=44,reclaimed=16) O:ok	ok	same	I-3.1	[0, 0]	0	0	[0, 0]	165	3244032	0	2	t1@50182:record-kept-allocated	[]	0	0
F9-bad-media-rw-forever	N3-keep-allocated	OOMFOFOFOFOFOFOFOFOFOFOFOFOFOFOFO	O:ok O:ok M:ok F:ok(F=3,reclaimed=1) O:ok F:ok(F=6,reclaimed=17) O:ok F:ok(F=7,reclaimed=7) O:ok F:ok(F=8,reclaimed=8) O:ok F:ok(F=14,reclaimed=29) O:ok F:ok(F=17,reclaimed=16) O:ok F:ok(F=20,reclaimed=16) O:ok F:ok(F=23,reclaimed=16) O:ok F:ok(F=26,reclaimed=16) O:ok F:ok(F=29,reclaimed=16) O:ok F:ok(F=32,reclaimed=16) O:ok F:ok(F=35,reclaimed=16) O:ok F:ok(F=38,reclaimed=16) O:ok F:ok(F=41,reclaimed=16) O:ok F:ok(F=44,reclaimed=16) O:ok	ok	same	I-3.1	[0, 0]	0	0	[0, 0]	169	3342336	0	2	t1@50182:record-kept-allocated	[]	0	0
F9-bad-media-rw-forever	N3-keep-allocated	FMFOFOFOFOFOFOFOFOFOFOFOFOFOFOFO	F:noop M:mount-err:Recovery(UnitUnreadable { slot: SlotNumber(50182) }) F:refused(not-writable) O:refused(not-writable) F:refused(not-writable) O:refused(not-writable) F:refused(not-writable) O:refused(not-writable) F:refused(not-writable) O:refused(not-writable) F:refused(not-writable) O:refused(not-writable) F:refused(not-writable) O:refused(not-writable) F:refused(not-writable) O:refused(not-writable) F:refused(not-writable) O:refused(not-writable) F:refused(not-writable) O:refused(not-writable) F:refused(not-writable) O:refused(not-writable) F:refused(not-writable) O:refused(not-writable) F:refused(not-writable) O:refused(not-writable) F:refused(not-writable) O:refused(not-writable) F:refused(not-writable) O:refused(not-writable) F:refused(not-writable) O:refused(not-writable)	mount-err:Recovery(UnitUnreadable { slot: SlotNumber(50182) })	same	-	[0, 0]	0	0	[0, 0]	0	0	0	4	-	[]	0	0
F9-bad-media-rw-forever	N3-keep-allocated	OOOFOFOFOFOFOFOFOFOFOFOFOFOFOFOFO	O:ok O:ok O:ok F:ok(F=6,reclaimed=18) O:ok F:ok(F=7,reclaimed=7) O:ok F:ok(F=8,reclaimed=8) O:ok F:ok(F=9,reclaimed=8) O:ok F:ok(F=12,reclaimed=16) O:ok F:ok(F=15,reclaimed=16) O:ok F:ok(F=18,reclaimed=16) O:ok F:ok(F=21,reclaimed=16) O:ok F:ok(F=24,reclaimed=16) O:ok F:ok(F=27,reclaimed=16) O:ok F:ok(F=30,reclaimed=16) O:ok F:ok(F=33,reclaimed=16) O:ok F:ok(F=36,reclaimed=16) O:ok F:ok(F=39,reclaimed=16) O:ok F:ok(F=42,reclaimed=16) O:ok	ok	same	I-3.1	[0, 0]	0	0	[0, 0]	169	3375104	0	2	t1@50182:record-kept-allocated	[]	0	0
F9-bad-media-rw-forever	N3-keep-allocated	FFFOFOFOFOFOFOFOFOFOFOFOFOFOFOFO	F:noop F:noop F:noop O:ok F:noop O:ok F:ok(F=3,reclaimed=1) O:ok F:ok(F=6,reclaimed=17) O:ok F:ok(F=7,reclaimed=7) O:ok F:ok(F=8,reclaimed=8) O:ok F:ok(F=11,reclaimed=16) O:ok F:ok(F=14,reclaimed=16) O:ok F:ok(F=17,reclaimed=16) O:ok F:ok(F=20,reclaimed=16) O:ok F:ok(F=23,reclaimed=16) O:ok F:ok(F=26,reclaimed=16) O:ok F:ok(F=29,reclaimed=16) O:ok F:ok(F=32,reclaimed=16) O:ok F:ok(F=35,reclaimed=16) O:ok	ok	same	I-3.1	[0, 0]	0	0	[0, 0]	143	2850816	0	2	t1@50182:record-kept-allocated	[]	0	0
F9-bad-media-rw-forever	N3-keep-allocated	MFFOFOFOFOFOFOFOFOFOFOFOFOFOFOFO	M:mount-err:Recovery(UnitUnreadable { slot: SlotNumber(50182) }) F:refused(not-writable) F:refused(not-writable) O:refused(not-writable) F:refused(not-writable) O:refused(not-writable) F:refused(not-writable) O:refused(not-writable) F:refused(not-writable) O:refused(not-writable) F:refused(not-writable) O:refused(not-writable) F:refused(not-writable) O:refused(not-writable) F:refused(not-writable) O:refused(not-writable) F:refused(not-writable) O:refused(not-writable) F:refused(not-writable) O:refused(not-writable) F:refused(not-writable) O:refused(not-writable) F:refused(not-writable) O:refused(not-writable) F:refused(not-writable) O:refused(not-writable) F:refused(not-writable) O:refused(not-writable) F:refused(not-writable) O:refused(not-writable) F:refused(not-writable) O:refused(not-writable)	mount-err:Recovery(UnitUnreadable { slot: SlotNumber(50182) })	same	-	[0, 0]	0	0	[0, 0]	0	0	0	4	-	[]	0	0
F9-bad-media-rw-forever	N3-keep-allocated	MOFOFOFOFOFOFOFOFOFOFOFOFOFOFOFO	M:mount-err:Recovery(UnitUnreadable { slot: SlotNumber(50182) }) O:refused(not-writable) F:refused(not-writable) O:refused(not-writable) F:refused(not-writable) O:refused(not-writable) F:refused(not-writable) O:refused(not-writable) F:refused(not-writable) O:refused(not-writable) F:refused(not-writable) O:refused(not-writable) F:refused(not-writable) O:refused(not-writable) F:refused(not-writable) O:refused(not-writable) F:refused(not-writable) O:refused(not-writable) F:refused(not-writable) O:refused(not-writable) F:refused(not-writable) O:refused(not-writable) F:refused(not-writable) O:refused(not-writable) F:refused(not-writable) O:refused(not-writable) F:refused(not-writable) O:refused(not-writable) F:refused(not-writable) O:refused(not-writable) F:refused(not-writable) O:refused(not-writable)	mount-err:Recovery(UnitUnreadable { slot: SlotNumber(50182) })	same	-	[0, 0]	0	0	[0, 0]	0	0	0	4	-	[]	0	0
F9-bad-media-rw-forever	N3-keep-allocated	MMFOFOFOFOFOFOFOFOFOFOFOFOFOFOFO	M:mount-err:Recovery(UnitUnreadable { slot: SlotNumber(50182) }) M:mount-err:Recovery(UnitUnreadable { slot: SlotNumber(50182) }) F:refused(not-writable) O:refused(not-writable) F:refused(not-writable) O:refused(not-writable) F:refused(not-writable) O:refused(not-writable) F:refused(not-writable) O:refused(not-writable) F:refused(not-writable) O:refused(not-writable) F:refused(not-writable) O:refused(not-writable) F:refused(not-writable) O:refused(not-writable) F:refused(not-writable) O:refused(not-writable) F:refused(not-writable) O:refused(not-writable) F:refused(not-writable) O:refused(not-writable) F:refused(not-writable) O:refused(not-writable) F:refused(not-writable) O:refused(not-writable) F:refused(not-writable) O:refused(not-writable) F:refused(not-writable) O:refused(not-writable) F:refused(not-writable) O:refused(not-writable)	mount-err:Recovery(UnitUnreadable { slot: SlotNumber(50182) })	same	-	[0, 0]	0	0	[0, 0]	0	0	0	6	-	[]	0	0
F9-bad-media-rw-forever	N3-keep-allocated	FOFOFOFOFOFOFOFOFOFOFOFOFOFOFOFO	F:noop O:ok F:noop O:ok F:ok(F=3,reclaimed=1) O:ok F:ok(F=6,reclaimed=17) O:ok F:ok(F=7,reclaimed=7) O:ok F:ok(F=8,reclaimed=8) O:ok F:ok(F=11,reclaimed=16) O:ok F:ok(F=14,reclaimed=16) O:ok F:ok(F=17,reclaimed=16) O:ok F:ok(F=20,reclaimed=16) O:ok F:ok(F=23,reclaimed=16) O:ok F:ok(F=26,reclaimed=16) O:ok F:ok(F=29,reclaimed=16) O:ok F:ok(F=32,reclaimed=16) O:ok F:ok(F=35,reclaimed=16) O:ok F:ok(F=38,reclaimed=16) O:ok	ok	same	I-3.1	[0, 0]	0	0	[0, 0]	153	3047424	0	2	t1@50182:record-kept-allocated	[]	0	0
F9-bad-media-rw-forever	N3-keep-allocated	OFFOFOFOFOFOFOFOFOFOFOFOFOFOFOFO	O:ok F:noop F:noop O:ok F:ok(F=3,reclaimed=1) O:ok F:ok(F=6,reclaimed=17) O:ok F:ok(F=7,reclaimed=7) O:ok F:ok(F=8,reclaimed=8) O:ok F:ok(F=11,reclaimed=16) O:ok F:ok(F=14,reclaimed=16) O:ok F:ok(F=17,reclaimed=16) O:ok F:ok(F=20,reclaimed=16) O:ok F:ok(F=23,reclaimed=16) O:ok F:ok(F=26,reclaimed=16) O:ok F:ok(F=29,reclaimed=16) O:ok F:ok(F=32,reclaimed=16) O:ok F:ok(F=35,reclaimed=16) O:ok F:ok(F=38,reclaimed=16) O:ok	ok	same	I-3.1	[0, 0]	0	0	[0, 0]	153	3047424	0	2	t1@50182:record-kept-allocated	[]	0	0
F9-bad-media-rw-forever	N3-keep-allocated	MFOFOFOFOFOFOFOFOFOFOFOFOFOFOFO	M:mount-err:Recovery(UnitUnreadable { slot: SlotNumber(50182) }) F:refused(not-writable) O:refused(not-writable) F:refused(not-writable) O:refused(not-writable) F:refused(not-writable) O:refused(not-writable) F:refused(not-writable) O:refused(not-writable) F:refused(not-writable) O:refused(not-writable) F:refused(not-writable) O:refused(not-writable) F:refused(not-writable) O:refused(not-writable) F:refused(not-writable) O:refused(not-writable) F:refused(not-writable) O:refused(not-writable) F:refused(not-writable) O:refused(not-writable) F:refused(not-writable) O:refused(not-writable) F:refused(not-writable) O:refused(not-writable) F:refused(not-writable) O:refused(not-writable) F:refused(not-writable) O:refused(not-writable) F:refused(not-writable) O:refused(not-writable)	mount-err:Recovery(UnitUnreadable { slot: SlotNumber(50182) })	same	-	[0, 0]	0	0	[0, 0]	0	0	0	4	-	[]	0	0
F9-bad-media-rw-forever	N3-keep-allocated	FFOFOFOFOFOFOFOFOFOFOFOFOFOFOFO	F:noop F:noop O:ok F:noop O:ok F:ok(F=3,reclaimed=1) O:ok F:ok(F=6,reclaimed=17) O:ok F:ok(F=7,reclaimed=7) O:ok F:ok(F=8,reclaimed=8) O:ok F:ok(F=11,reclaimed=16) O:ok F:ok(F=14,reclaimed=16) O:ok F:ok(F=17,reclaimed=16) O:ok F:ok(F=20,reclaimed=16) O:ok F:ok(F=23,reclaimed=16) O:ok F:ok(F=26,reclaimed=16) O:ok F:ok(F=29,reclaimed=16) O:ok F:ok(F=32,reclaimed=16) O:ok F:ok(F=35,reclaimed=16) O:ok	ok	same	I-3.1	[0, 0]	0	0	[0, 0]	143	2850816	0	2	t1@50182:record-kept-allocated	[]	0	0
F9-bad-media-rw-forever	N3-keep-allocated	OFOFOFOFOFOFOFOFOFOFOFOFOFOFOFO	O:ok F:noop O:ok F:ok(F=3,reclaimed=1) O:ok F:ok(F=6,reclaimed=17) O:ok F:ok(F=7,reclaimed=7) O:ok F:ok(F=8,reclaimed=8) O:ok F:ok(F=11,reclaimed=16) O:ok F:ok(F=14,reclaimed=16) O:ok F:ok(F=17,reclaimed=16) O:ok F:ok(F=20,reclaimed=16) O:ok F:ok(F=23,reclaimed=16) O:ok F:ok(F=26,reclaimed=16) O:ok F:ok(F=29,reclaimed=16) O:ok F:ok(F=32,reclaimed=16) O:ok F:ok(F=35,reclaimed=16) O:ok F:ok(F=38,reclaimed=16) O:ok	ok	same	I-3.1	[0, 0]	0	0	[0, 0]	153	3047424	0	2	t1@50182:record-kept-allocated	[]	0	0
F9-bad-media-rw-forever	N3-keep-allocated	OOFOFOFOFOFOFOFOFOFOFOFOFOFOFOFO	O:ok O:ok F:ok(F=3,reclaimed=1) O:ok F:ok(F=6,reclaimed=17) O:ok F:ok(F=7,reclaimed=7) O:ok F:ok(F=8,reclaimed=8) O:ok F:ok(F=11,reclaimed=16) O:ok F:ok(F=14,reclaimed=16) O:ok F:ok(F=17,reclaimed=16) O:ok F:ok(F=20,reclaimed=16) O:ok F:ok(F=23,reclaimed=16) O:ok F:ok(F=26,reclaimed=16) O:ok F:ok(F=29,reclaimed=16) O:ok F:ok(F=32,reclaimed=16) O:ok F:ok(F=35,reclaimed=16) O:ok F:ok(F=38,reclaimed=16) O:ok F:ok(F=41,reclaimed=16) O:ok	ok	same	I-3.1	[0, 0]	0	0	[0, 0]	163	3244032	0	2	t1@50182:record-kept-allocated	[]	0	0
F9-bad-media-rw-forever	N3-keep-allocated	OMFOFOFOFOFOFOFOFOFOFOFOFOFOFOFO	O:ok M:ok F:noop O:ok F:ok(F=3,reclaimed=1) O:ok F:ok(F=6,reclaimed=17) O:ok F:ok(F=7,reclaimed=7) O:ok F:ok(F=11,reclaimed=21) O:ok F:ok(F=14,reclaimed=16) O:ok F:ok(F=17,reclaimed=16) O:ok F:ok(F=20,reclaimed=16) O:ok F:ok(F=23,reclaimed=16) O:ok F:ok(F=26,reclaimed=16) O:ok F:ok(F=29,reclaimed=16) O:ok F:ok(F=32,reclaimed=16) O:ok F:ok(F=35,reclaimed=16) O:ok F:ok(F=38,reclaimed=16) O:ok F:ok(F=41,reclaimed=16) O:ok	ok	same	I-3.1	[0, 0]	0	0	[0, 0]	159	3145728	0	2	t1@50182:record-kept-allocated	[]	0	0
