base	broad-96x30	exit 0	历史 96 段：跑完 45、以已知红收尾 {0: 50, 1: 1}、新发现 0；根环转过一圈的 62 段；最高 txg 37	红的种子 0 []	[]	内容长度 载荷容量：入口被调 70 次、发成 66 次	6s
base	reuse-48x30	exit 0	历史 48 段：跑完 20、以已知红收尾 {0: 27, 1: 1}、新发现 0；根环转过一圈的 45 段；最高 txg 41	红的种子 0 []	[]	内容长度 载荷容量：入口被调 58 次、发成 56 次	3s
base	broad-96x20	exit 0	历史 96 段：跑完 86、以已知红收尾 {0: 10}、新发现 0；根环转过一圈的 18 段；最高 txg 28	红的种子 0 []	[]	内容长度 载荷容量：入口被调 54 次、发成 51 次	4s
base	reuse-48x20	exit 0	历史 48 段：跑完 33、以已知红收尾 {0: 14, 1: 1}、新发现 0；根环转过一圈的 29 段；最高 txg 32	红的种子 0 []	[]	内容长度 载荷容量：入口被调 48 次、发成 46 次	2s
base	broad-96x40	exit 0	历史 96 段：跑完 29、以已知红收尾 {0: 66, 1: 1}、新发现 0；根环转过一圈的 69 段；最高 txg 41	红的种子 0 []	[]	内容长度 载荷容量：入口被调 76 次、发成 72 次	4s
base	reuse-48x40	exit 0	历史 48 段：跑完 7、以已知红收尾 {0: 40, 1: 1}、新发现 0；根环转过一圈的 46 段；最高 txg 51	红的种子 0 []	[]	内容长度 载荷容量：入口被调 62 次、发成 60 次	3s
base	reuse-96x30	exit 0	历史 96 段：跑完 33、以已知红收尾 {0: 62, 1: 1}、新发现 0；根环转过一圈的 92 段；最高 txg 41	红的种子 0 []	[]	内容长度 载荷容量：入口被调 106 次、发成 104 次	4s
base	broad-48x30	exit 0	历史 48 段：跑完 25、以已知红收尾 {0: 23}、新发现 0；根环转过一圈的 29 段；最高 txg 34	红的种子 0 []	[]	内容长度 载荷容量：入口被调 36 次、发成 35 次	2s
row129	broad-96x30	exit 101	历史 96 段：跑完 33、以已知红收尾 {0: 44, 1: 1}、新发现 18；根环转过一圈的 48 段；最高 txg 29	红的种子 18 [3, 7, 15, 20, 26, 27, 38, 46, 51, 54, 56, 57]	['CheckerViolations', 'Panic']	内容长度 载荷容量：入口被调 67 次、发成 63 次	3s
row129	reuse-48x30	exit 101	历史 48 段：跑完 2、以已知红收尾 {0: 17, 1: 1}、新发现 28；根环转过一圈的 27 段；最高 txg 28	红的种子 28 [2, 5, 6, 7, 8, 9, 10, 11, 12, 13, 15, 16]	['CheckerViolations', 'Panic']	内容长度 载荷容量：入口被调 40 次、发成 38 次	1s
row129	broad-96x20	exit 101	历史 96 段：跑完 74、以已知红收尾 {0: 10}、新发现 12；根环转过一圈的 14 段；最高 txg 28	红的种子 12 [7, 15, 20, 26, 46, 54, 56, 62, 66, 68, 69, 94]	['CheckerViolations']	内容长度 载荷容量：入口被调 53 次、发成 50 次	2s
row129	reuse-48x20	exit 101	历史 48 段：跑完 15、以已知红收尾 {0: 13, 1: 1}、新发现 19；根环转过一圈的 18 段；最高 txg 28	红的种子 19 [2, 5, 6, 7, 9, 11, 12, 15, 16, 17, 18, 21]	['CheckerViolations', 'Panic']	内容长度 载荷容量：入口被调 40 次、发成 38 次	1s
row129	broad-96x40	exit 101	历史 96 段：跑完 27、以已知红收尾 {0: 50, 1: 1}、新发现 18；根环转过一圈的 54 段；最高 txg 29	红的种子 18 [3, 7, 15, 20, 26, 27, 38, 46, 51, 54, 56, 57]	['CheckerViolations', 'Panic']	内容长度 载荷容量：入口被调 69 次、发成 65 次	2s
row129	reuse-48x40	exit 101	历史 48 段：跑完 1、以已知红收尾 {0: 18, 1: 1}、新发现 28；根环转过一圈的 28 段；最高 txg 28	红的种子 28 [2, 5, 6, 7, 8, 9, 10, 11, 12, 13, 15, 16]	['CheckerViolations', 'Panic']	内容长度 载荷容量：入口被调 40 次、发成 38 次	1s
row129	reuse-96x30	exit 101	历史 96 段：跑完 4、以已知红收尾 {0: 41, 1: 1}、新发现 50；根环转过一圈的 62 段；最高 txg 31	红的种子 50 [2, 5, 6, 7, 8, 9, 10, 11, 12, 13, 15, 16]	['CheckerViolations', 'Panic']	内容长度 载荷容量：入口被调 80 次、发成 78 次	2s
row129	broad-48x30	exit 101	历史 48 段：跑完 18、以已知红收尾 {0: 22}、新发现 8；根环转过一圈的 23 段；最高 txg 29	红的种子 8 [3, 7, 15, 20, 26, 27, 38, 46]	['CheckerViolations']	内容长度 载荷容量：入口被调 34 次、发成 33 次	1s
row130	broad-96x30	exit 101	历史 96 段：跑完 44、以已知红收尾 {0: 49, 1: 1}、新发现 2；根环转过一圈的 62 段；最高 txg 37	红的种子 2 [54, 69]	['CheckerViolations']	内容长度 载荷容量：入口被调 70 次、发成 66 次	2s
row130	reuse-48x30	exit 101	历史 48 段：跑完 15、以已知红收尾 {0: 25, 1: 1}、新发现 7；根环转过一圈的 45 段；最高 txg 41	红的种子 7 [8, 11, 12, 20, 21, 35, 46]	['CheckerViolations']	内容长度 载荷容量：入口被调 57 次、发成 55 次	1s
row130	broad-96x20	exit 0	历史 96 段：跑完 86、以已知红收尾 {0: 10}、新发现 0；根环转过一圈的 18 段；最高 txg 28	红的种子 0 []	[]	内容长度 载荷容量：入口被调 54 次、发成 51 次	2s
row130	reuse-48x20	exit 101	历史 48 段：跑完 32、以已知红收尾 {0: 14, 1: 1}、新发现 1；根环转过一圈的 29 段；最高 txg 30	红的种子 1 [12]	['CheckerViolations']	内容长度 载荷容量：入口被调 48 次、发成 46 次	1s
row130	broad-96x40	exit 101	历史 96 段：跑完 28、以已知红收尾 {0: 62, 1: 1}、新发现 5；根环转过一圈的 69 段；最高 txg 40	红的种子 5 [3, 51, 54, 69, 71]	['CheckerViolations']	内容长度 载荷容量：入口被调 75 次、发成 71 次	3s
row130	reuse-48x40	exit 101	历史 48 段：跑完 4、以已知红收尾 {0: 33, 1: 1}、新发现 10；根环转过一圈的 46 段；最高 txg 50	红的种子 10 [5, 8, 11, 12, 16, 20, 21, 24, 35, 46]	['CheckerViolations']	内容长度 载荷容量：入口被调 60 次、发成 58 次	2s
row130	reuse-96x30	exit 101	历史 96 段：跑完 21、以已知红收尾 {0: 60, 1: 1}、新发现 14；根环转过一圈的 92 段；最高 txg 41	红的种子 14 [8, 11, 12, 20, 21, 35, 46, 49, 55, 61, 69, 70]	['CheckerViolations']	内容长度 载荷容量：入口被调 102 次、发成 100 次	2s
row130	broad-48x30	exit 0	历史 48 段：跑完 25、以已知红收尾 {0: 23}、新发现 0；根环转过一圈的 29 段；最高 txg 34	红的种子 0 []	[]	内容长度 载荷容量：入口被调 36 次、发成 35 次	1s
row140	broad-96x30	exit 101	历史 96 段：跑完 33、以已知红收尾 {0: 44, 1: 1}、新发现 18；根环转过一圈的 49 段；最高 txg 29	红的种子 18 [3, 7, 15, 20, 26, 27, 38, 46, 51, 54, 56, 57]	['HarnessJudgement']	内容长度 载荷容量：入口被调 67 次、发成 63 次	2s
row140	reuse-48x30	exit 101	历史 48 段：跑完 2、以已知红收尾 {0: 17, 1: 1}、新发现 28；根环转过一圈的 27 段；最高 txg 28	红的种子 28 [2, 5, 6, 7, 8, 9, 10, 11, 12, 13, 15, 16]	['HarnessJudgement']	内容长度 载荷容量：入口被调 40 次、发成 38 次	1s
row140	broad-96x20	exit 101	历史 96 段：跑完 74、以已知红收尾 {0: 10}、新发现 12；根环转过一圈的 14 段；最高 txg 28	红的种子 12 [7, 15, 20, 26, 46, 54, 56, 62, 66, 68, 69, 94]	['HarnessJudgement']	内容长度 载荷容量：入口被调 53 次、发成 50 次	2s
row140	reuse-48x20	exit 101	历史 48 段：跑完 15、以已知红收尾 {0: 13, 1: 1}、新发现 19；根环转过一圈的 18 段；最高 txg 28	红的种子 19 [2, 5, 6, 7, 9, 11, 12, 15, 16, 17, 18, 21]	['HarnessJudgement']	内容长度 载荷容量：入口被调 40 次、发成 38 次	1s
row140	broad-96x40	exit 101	历史 96 段：跑完 27、以已知红收尾 {0: 50, 1: 1}、新发现 18；根环转过一圈的 55 段；最高 txg 29	红的种子 18 [3, 7, 15, 20, 26, 27, 38, 46, 51, 54, 56, 57]	['HarnessJudgement']	内容长度 载荷容量：入口被调 69 次、发成 65 次	2s
row140	reuse-48x40	exit 101	历史 48 段：跑完 1、以已知红收尾 {0: 18, 1: 1}、新发现 28；根环转过一圈的 28 段；最高 txg 28	红的种子 28 [2, 5, 6, 7, 8, 9, 10, 11, 12, 13, 15, 16]	['HarnessJudgement']	内容长度 载荷容量：入口被调 40 次、发成 38 次	1s
row140	reuse-96x30	exit 101	历史 96 段：跑完 4、以已知红收尾 {0: 41, 1: 1}、新发现 50；根环转过一圈的 63 段；最高 txg 31	红的种子 50 [2, 5, 6, 7, 8, 9, 10, 11, 12, 13, 15, 16]	['HarnessJudgement']	内容长度 载荷容量：入口被调 80 次、发成 78 次	2s
row140	broad-48x30	exit 101	历史 48 段：跑完 18、以已知红收尾 {0: 22}、新发现 8；根环转过一圈的 23 段；最高 txg 29	红的种子 8 [3, 7, 15, 20, 26, 27, 38, 46]	['HarnessJudgement']	内容长度 载荷容量：入口被调 34 次、发成 33 次	1s
row141	broad-96x30	exit 101	历史 96 段：跑完 32、以已知红收尾 {0: 18, 1: 1}、新发现 45；根环转过一圈的 23 段；最高 txg 37	红的种子 45 [0, 1, 2, 3, 7, 9, 11, 12, 13, 15, 17, 20]	['HarnessJudgement']	内容长度 载荷容量：入口被调 42 次、发成 41 次	2s
row141	reuse-48x30	exit 101	历史 48 段：跑完 17、以已知红收尾 {0: 26, 1: 1}、新发现 4；根环转过一圈的 41 段；最高 txg 41	红的种子 4 [2, 7, 12, 45]	['HarnessJudgement']	内容长度 载荷容量：入口被调 55 次、发成 53 次	1s
row141	broad-96x20	exit 101	历史 96 段：跑完 54、以已知红收尾 {0: 2}、新发现 40；根环转过一圈的 5 段；最高 txg 26	红的种子 40 [0, 1, 3, 7, 9, 11, 12, 13, 17, 20, 26, 27]	['HarnessJudgement']	内容长度 载荷容量：入口被调 35 次、发成 34 次	1s
row141	reuse-48x20	exit 101	历史 48 段：跑完 29、以已知红收尾 {0: 14, 1: 1}、新发现 4；根环转过一圈的 27 段；最高 txg 30	红的种子 4 [2, 7, 12, 45]	['HarnessJudgement']	内容长度 载荷容量：入口被调 46 次、发成 44 次	1s
row141	broad-96x40	exit 101	历史 96 段：跑完 26、以已知红收尾 {0: 23, 1: 1}、新发现 46；根环转过一圈的 26 段；最高 txg 40	红的种子 46 [0, 1, 2, 3, 7, 9, 11, 12, 13, 15, 17, 20]	['HarnessJudgement']	内容长度 载荷容量：入口被调 44 次、发成 43 次	2s
row141	reuse-48x40	exit 101	历史 48 段：跑完 6、以已知红收尾 {0: 35, 1: 1}、新发现 6；根环转过一圈的 42 段；最高 txg 51	红的种子 6 [2, 7, 12, 15, 39, 45]	['HarnessJudgement']	内容长度 载荷容量：入口被调 59 次、发成 57 次	2s
row141	reuse-96x30	exit 101	历史 96 段：跑完 28、以已知红收尾 {0: 55, 1: 1}、新发现 12；根环转过一圈的 80 段；最高 txg 41	红的种子 12 [2, 7, 12, 45, 48, 51, 59, 66, 68, 70, 71, 81]	['HarnessJudgement']	内容长度 载荷容量：入口被调 99 次、发成 97 次	2s
row141	broad-48x30	exit 101	历史 48 段：跑完 17、以已知红收尾 {0: 9}、新发现 22；根环转过一圈的 12 段；最高 txg 31	红的种子 22 [0, 1, 2, 3, 7, 9, 11, 12, 13, 15, 17, 20]	['HarnessJudgement']	内容长度 载荷容量：入口被调 24 次、发成 24 次	1s
b1	broad-96x30	exit 0	历史 96 段：跑完 53、以已知红收尾 {0: 43}、新发现 0；根环转过一圈的 59 段；最高 txg 37	红的种子 0 []	[]	内容长度 载荷容量：入口被调 71 次、发成 0 次	2s
b1	reuse-48x30	exit 0	历史 48 段：跑完 19、以已知红收尾 {0: 29}、新发现 0；根环转过一圈的 47 段；最高 txg 40	红的种子 0 []	[]	内容长度 载荷容量：入口被调 58 次、发成 0 次	1s
b1	broad-96x20	exit 0	历史 96 段：跑完 90、以已知红收尾 {0: 6}、新发现 0；根环转过一圈的 17 段；最高 txg 28	红的种子 0 []	[]	内容长度 载荷容量：入口被调 53 次、发成 0 次	2s
b1	reuse-48x20	exit 0	历史 48 段：跑完 37、以已知红收尾 {0: 11}、新发现 0；根环转过一圈的 23 段；最高 txg 30	红的种子 0 []	[]	内容长度 载荷容量：入口被调 48 次、发成 0 次	1s
b1	broad-96x40	exit 0	历史 96 段：跑完 33、以已知红收尾 {0: 63}、新发现 0；根环转过一圈的 68 段；最高 txg 41	红的种子 0 []	[]	内容长度 载荷容量：入口被调 80 次、发成 0 次	2s
b1	reuse-48x40	exit 0	历史 48 段：跑完 5、以已知红收尾 {0: 43}、新发现 0；根环转过一圈的 47 段；最高 txg 46	红的种子 0 []	[]	内容长度 载荷容量：入口被调 61 次、发成 0 次	2s
b1	reuse-96x30	exit 0	历史 96 段：跑完 35、以已知红收尾 {0: 61}、新发现 0；根环转过一圈的 93 段；最高 txg 40	红的种子 0 []	[]	内容长度 载荷容量：入口被调 107 次、发成 0 次	2s
b1	broad-48x30	exit 0	历史 48 段：跑完 30、以已知红收尾 {0: 18}、新发现 0；根环转过一圈的 26 段；最高 txg 37	红的种子 0 []	[]	内容长度 载荷容量：入口被调 34 次、发成 0 次	1s
a1	broad-96x30	exit 101	历史 96 段：跑完 33、以已知红收尾 {0: 45, 1: 1}、新发现 17；根环转过一圈的 46 段；最高 txg 28	红的种子 17 [7, 15, 20, 26, 27, 38, 46, 51, 54, 56, 57, 62]	['CheckerViolations']	内容长度 载荷容量：入口被调 67 次、发成 63 次	2s
a1	reuse-48x30	exit 101	历史 48 段：跑完 2、以已知红收尾 {0: 21, 1: 1}、新发现 24；根环转过一圈的 21 段；最高 txg 28	红的种子 24 [2, 5, 6, 7, 9, 11, 12, 15, 16, 17, 18, 20]	['CheckerViolations']	内容长度 载荷容量：入口被调 40 次、发成 38 次	1s
a1	broad-96x20	exit 101	历史 96 段：跑完 74、以已知红收尾 {0: 10}、新发现 12；根环转过一圈的 13 段；最高 txg 28	红的种子 12 [7, 15, 20, 26, 46, 54, 56, 62, 66, 68, 69, 94]	['CheckerViolations']	内容长度 载荷容量：入口被调 53 次、发成 50 次	2s
a1	reuse-48x20	exit 101	历史 48 段：跑完 13、以已知红收尾 {0: 14, 1: 1}、新发现 20；根环转过一圈的 14 段；最高 txg 28	红的种子 20 [2, 5, 6, 7, 9, 11, 12, 15, 16, 17, 18, 21]	['CheckerViolations']	内容长度 载荷容量：入口被调 40 次、发成 38 次	1s
a1	broad-96x40	exit 101	历史 96 段：跑完 27、以已知红收尾 {0: 51, 1: 1}、新发现 17；根环转过一圈的 52 段；最高 txg 28	红的种子 17 [7, 15, 20, 26, 27, 38, 46, 51, 54, 56, 57, 62]	['CheckerViolations']	内容长度 载荷容量：入口被调 69 次、发成 65 次	2s
a1	reuse-48x40	exit 101	历史 48 段：跑完 1、以已知红收尾 {0: 22, 1: 1}、新发现 24；根环转过一圈的 22 段；最高 txg 28	红的种子 24 [2, 5, 6, 7, 9, 11, 12, 15, 16, 17, 18, 20]	['CheckerViolations']	内容长度 载荷容量：入口被调 40 次、发成 38 次	1s
a1	reuse-96x30	exit 101	历史 96 段：跑完 3、以已知红收尾 {0: 49, 1: 1}、新发现 43；根环转过一圈的 49 段；最高 txg 28	红的种子 43 [2, 5, 6, 7, 9, 11, 12, 15, 16, 17, 18, 20]	['CheckerViolations']	内容长度 载荷容量：入口被调 78 次、发成 76 次	2s
a1	broad-48x30	exit 101	历史 48 段：跑完 18、以已知红收尾 {0: 23}、新发现 7；根环转过一圈的 23 段；最高 txg 28	红的种子 7 [7, 15, 20, 26, 27, 38, 46]	['CheckerViolations']	内容长度 载荷容量：入口被调 34 次、发成 33 次	1s
a1row139	broad-96x30	exit 0	历史 96 段：跑完 33、以已知红收尾 {0: 45, 1: 18}、新发现 0；根环转过一圈的 46 段；最高 txg 28	红的种子 0 []	[]	内容长度 载荷容量：入口被调 67 次、发成 63 次	2s
a1row139	reuse-48x30	exit 0	历史 48 段：跑完 2、以已知红收尾 {0: 21, 1: 25}、新发现 0；根环转过一圈的 21 段；最高 txg 28	红的种子 0 []	[]	内容长度 载荷容量：入口被调 40 次、发成 38 次	1s
a1row139	broad-96x20	exit 0	历史 96 段：跑完 74、以已知红收尾 {0: 10, 1: 12}、新发现 0；根环转过一圈的 13 段；最高 txg 28	红的种子 0 []	[]	内容长度 载荷容量：入口被调 53 次、发成 50 次	2s
a1row139	reuse-48x20	exit 0	历史 48 段：跑完 13、以已知红收尾 {0: 14, 1: 21}、新发现 0；根环转过一圈的 14 段；最高 txg 28	红的种子 0 []	[]	内容长度 载荷容量：入口被调 40 次、发成 38 次	1s
a1row139	broad-96x40	exit 0	历史 96 段：跑完 27、以已知红收尾 {0: 51, 1: 18}、新发现 0；根环转过一圈的 52 段；最高 txg 28	红的种子 0 []	[]	内容长度 载荷容量：入口被调 69 次、发成 65 次	2s
a1row139	reuse-48x40	exit 0	历史 48 段：跑完 1、以已知红收尾 {0: 22, 1: 25}、新发现 0；根环转过一圈的 22 段；最高 txg 28	红的种子 0 []	[]	内容长度 载荷容量：入口被调 40 次、发成 38 次	1s
a1row139	reuse-96x30	exit 0	历史 96 段：跑完 3、以已知红收尾 {0: 49, 1: 44}、新发现 0；根环转过一圈的 49 段；最高 txg 28	红的种子 0 []	[]	内容长度 载荷容量：入口被调 78 次、发成 76 次	2s
a1row139	broad-48x30	exit 0	历史 48 段：跑完 18、以已知红收尾 {0: 23, 1: 7}、新发现 0；根环转过一圈的 23 段；最高 txg 28	红的种子 0 []	[]	内容长度 载荷容量：入口被调 34 次、发成 33 次	1s
== done ['base', 'row129', 'row130', 'row140', 'row141', 'b1', 'a1', 'a1row139']
