S1ROW	240	18	control	-	-	ok#3	burned=true	target_in_ring=true
S1ROW	240	19	control	-	-	ok#3	burned=true	target_in_ring=true
S1ROW	240	20	control	-	-	ok#3	burned=true	target_in_ring=true
S1ROW	240	21	control	-	-	ok#3	burned=true	target_in_ring=true
S1ROW	240	22	control	-	-	ok#3	burned=true	target_in_ring=true
S1ROW	240	23	control	-	-	ok#3	burned=true	target_in_ring=true
S1ROW	240	24	control	-	-	ok#3	burned=true	target_in_ring=true
S1ROW	240	25	control	-	-	ok#3	burned=true	target_in_ring=true
S1ROW	240	26	control	-	-	ok#3	burned=true	target_in_ring=true
S1ROW	240	27	control	-	-	ok#3	burned=true	target_in_ring=true
S1ROW	240	28	control	-	-	ok#3	burned=true	target_in_ring=true
S1ROW	240	29	control	-	-	ok#3	burned=true	target_in_ring=true
S1ROW	240	30	control	-	-	ok#3	burned=true	target_in_ring=true
S1ROW	240	31	control	-	-	ok#3	burned=true	target_in_ring=true
S1ROW	240	32	control	-	-	ok#3	burned=true	target_in_ring=true
S1ROW	240	33	control	-	-	ok#3	burned=true	target_in_ring=true
S1ROW	240	34	control	-	-	ok#3	burned=true	target_in_ring=true
S1ROW	240	35	control	-	-	ok#3	burned=true	target_in_ring=true
S1ROW	244	18	control	-	-	ok#3	burned=true	target_in_ring=true
S1ROW	244	19	control	-	-	ok#3	burned=true	target_in_ring=true
S1ROW	244	20	control	-	-	ok#3	burned=true	target_in_ring=true
S1ROW	244	21	control	-	-	ok#3	burned=true	target_in_ring=true
S1ROW	244	22	control	-	-	ok#3	burned=true	target_in_ring=true
S1ROW	244	23	control	-	-	ok#3	burned=true	target_in_ring=true
S1ROW	244	24	control	-	-	ok#3	burned=true	target_in_ring=true
S1ROW	244	25	control	-	-	ok#3	burned=true	target_in_ring=true
S1ROW	244	26	control	-	-	ok#3	burned=true	target_in_ring=true
S1ROW	244	27	control	-	-	ok#3	burned=true	target_in_ring=true
S1ROW	244	28	control	-	-	ok#3	burned=true	target_in_ring=true
S1ROW	244	29	control	-	-	ok#3	burned=true	target_in_ring=true
S1ROW	244	30	control	-	-	ok#3	burned=true	target_in_ring=true
S1ROW	244	31	control	-	-	ok#3	burned=true	target_in_ring=true
S1ROW	244	32	control	-	-	ok#3	burned=true	target_in_ring=true
S1ROW	244	33	control	-	-	ok#3	burned=true	target_in_ring=true
S1ROW	244	34	control	-	-	ok#3	burned=true	target_in_ring=true
S1ROW	244	35	control	-	-	ok#3	burned=true	target_in_ring=true
S1ROW	248	18	control	-	-	ok#3	burned=true	target_in_ring=true
S1ROW	248	19	control	-	-	ok#3	burned=true	target_in_ring=true
S1ROW	248	20	control	-	-	ok#3	burned=true	target_in_ring=true
S1ROW	248	21	control	-	-	ok#3	burned=true	target_in_ring=true
S1ROW	248	22	control	-	-	ok#3	burned=true	target_in_ring=true
S1ROW	248	23	control	-	-	ok#3	burned=true	target_in_ring=true
S1ROW	248	24	control	-	-	ok#3	burned=true	target_in_ring=true
S1ROW	248	25	control	-	-	ok#3	burned=true	target_in_ring=true
S1ROW	248	26	control	-	-	ok#3	burned=true	target_in_ring=true
S1ROW	248	27	control	-	-	ok#3	burned=true	target_in_ring=true
S1ROW	248	28	control	-	-	ok#3	burned=true	target_in_ring=true
S1ROW	248	29	control	-	-	ok#3	burned=true	target_in_ring=true
S1ROW	248	30	control	-	-	ok#3	burned=true	target_in_ring=true
S1ROW	248	31	control	-	-	ok#3	burned=true	target_in_ring=true
S1ROW	248	32	control	-	-	ok#3	burned=true	target_in_ring=true
S1ROW	248	33	control	-	-	ok#3	burned=true	target_in_ring=true
S1ROW	248	34	control	-	-	ok#3	burned=true	target_in_ring=true
S1ROW	248	35	control	-	-	ok#3	burned=true	target_in_ring=true
S1ROW	252	18	control	-	-	ok#3	burned=true	target_in_ring=true
S1ROW	252	19	control	-	-	ok#3	burned=true	target_in_ring=true
S1ROW	252	20	control	-	-	ok#3	burned=true	target_in_ring=true
S1ROW	252	21	control	-	-	ok#3	burned=true	target_in_ring=true
S1ROW	252	22	control	-	-	ok#3	burned=true	target_in_ring=true
S1ROW	252	23	control	-	-	ok#3	burned=true	target_in_ring=true
S1ROW	252	24	control	-	-	ok#3	burned=true	target_in_ring=true
S1ROW	252	25	control	-	-	ok#3	burned=true	target_in_ring=true
S1ROW	252	26	control	-	-	ok#3	burned=true	target_in_ring=true
S1ROW	252	27	control	-	-	ok#3	burned=true	target_in_ring=true
S1ROW	252	28	control	-	-	ok#3	burned=true	target_in_ring=true
S1ROW	252	29	control	-	-	ok#3	burned=true	target_in_ring=true
S1ROW	252	30	control	-	-	ok#3	burned=true	target_in_ring=true
S1ROW	252	31	control	-	-	ok#3	burned=true	target_in_ring=true
S1ROW	252	32	control	-	-	ok#3	burned=true	target_in_ring=true
S1ROW	252	33	control	-	-	ok#3	burned=true	target_in_ring=true
S1ROW	252	34	control	-	-	ok#3	burned=true	target_in_ring=true
S1ROW	252	35	control	-	-	ok#3	burned=true	target_in_ring=true
S1ROW	256	18	control	-	-	ok#3	burned=true	target_in_ring=true
S1ROW	256	19	control	-	-	ok#3	burned=true	target_in_ring=true
S1ROW	256	20	control	-	-	ok#3	burned=true	target_in_ring=true
S1ROW	256	21	control	-	-	ok#3	burned=true	target_in_ring=true
S1ROW	256	22	control	-	-	ok#3	burned=true	target_in_ring=true
S1ROW	256	23	control	-	-	ok#3	burned=true	target_in_ring=true
S1ROW	256	24	control	-	-	ok#3	burned=true	target_in_ring=true
S1ROW	256	25	control	-	-	ok#3	burned=true	target_in_ring=true
S1ROW	256	26	control	-	-	ok#3	burned=true	target_in_ring=true
S1ROW	256	27	control	-	-	ok#3	burned=true	target_in_ring=true
S1ROW	256	28	control	-	-	ok#3	burned=true	target_in_ring=true
S1ROW	256	29	control	-	-	ok#3	burned=true	target_in_ring=true
S1ROW	256	30	control	-	-	ok#3	burned=true	target_in_ring=true
S1ROW	256	31	control	-	-	ok#3	burned=true	target_in_ring=true
S1ROW	256	32	control	-	-	ok#3	burned=true	target_in_ring=true
S1ROW	256	33	control	-	-	ok#3	burned=true	target_in_ring=true
S1ROW	256	34	control	-	-	ok#3	burned=true	target_in_ring=true
S1ROW	256	35	control	-	-	ok#3	burned=true	target_in_ring=true
S1ROW	260	18	control	-	-	ok#3	burned=true	target_in_ring=true
S1ROW	260	19	control	-	-	ok#3	burned=true	target_in_ring=true
S1ROW	260	20	control	-	-	ok#3	burned=true	target_in_ring=true
S1ROW	260	21	control	-	-	ok#3	burned=true	target_in_ring=true
S1ROW	260	22	control	-	-	ok#3	burned=true	target_in_ring=true
S1ROW	260	23	control	-	-	ok#3	burned=true	target_in_ring=true
S1ROW	260	24	control	-	-	ok#3	burned=true	target_in_ring=true
S1ROW	260	25	control	-	-	ok#3	burned=true	target_in_ring=true
S1ROW	260	26	control	-	-	ok#3	burned=true	target_in_ring=true
S1ROW	260	27	control	-	-	ok#3	burned=true	target_in_ring=true
S1ROW	260	28	control	-	-	ok#3	burned=true	target_in_ring=true
S1ROW	260	29	control	-	-	ok#3	burned=true	target_in_ring=true
S1ROW	260	30	control	-	-	ok#3	burned=true	target_in_ring=true
S1ROW	260	31	control	-	-	ok#3	burned=true	target_in_ring=true
S1ROW	260	32	control	-	-	ok#3	burned=true	target_in_ring=true
S1ROW	260	33	control	-	-	ok#3	burned=true	target_in_ring=true
S1ROW	260	34	control	-	-	ok#3	burned=true	target_in_ring=true
S1ROW	260	35	control	-	-	ok#3	burned=true	target_in_ring=true
S1ROW	264	18	control	-	-	ok#3	burned=true	target_in_ring=true
S1ROW	264	19	control	-	-	ok#3	burned=true	target_in_ring=true
S1ROW	264	20	control	-	-	ok#3	burned=true	target_in_ring=true
S1ROW	264	21	control	-	-	ok#3	burned=true	target_in_ring=true
S1ROW	264	22	control	-	-	ok#3	burned=true	target_in_ring=true
S1ROW	264	23	control	-	-	ok#3	burned=true	target_in_ring=true
S1ROW	264	24	control	-	-	ok#3	burned=true	target_in_ring=true
S1ROW	264	25	control	-	-	ok#3	burned=true	target_in_ring=true
S1ROW	264	26	control	-	-	ok#3	burned=true	target_in_ring=true
S1ROW	264	27	control	-	-	ok#3	burned=true	target_in_ring=true
S1ROW	264	28	control	-	-	ok#3	burned=true	target_in_ring=true
S1ROW	264	29	control	-	-	ok#3	burned=true	target_in_ring=true
S1ROW	264	30	control	-	-	ok#3	burned=true	target_in_ring=true
S1ROW	264	31	control	-	-	ok#3	burned=true	target_in_ring=true
S1ROW	264	32	control	-	-	ok#3	burned=true	target_in_ring=true
S1ROW	264	33	control	-	-	ok#3	burned=true	target_in_ring=true
S1ROW	264	34	control	-	-	ok#3	burned=true	target_in_ring=true
S1ROW	264	35	control	-	-	ok#3	burned=true	target_in_ring=true
S1ROW	268	18	control	-	-	ok#3	burned=true	target_in_ring=true
S1ROW	268	19	control	-	-	ok#3	burned=true	target_in_ring=true
S1ROW	268	20	control	-	-	ok#3	burned=true	target_in_ring=true
S1ROW	268	21	control	-	-	ok#3	burned=true	target_in_ring=true
S1ROW	268	22	control	-	-	ok#3	burned=true	target_in_ring=true
S1ROW	268	23	control	-	-	ok#3	burned=true	target_in_ring=true
S1ROW	268	24	control	-	-	ok#3	burned=true	target_in_ring=true
S1ROW	268	25	control	-	-	ok#3	burned=true	target_in_ring=true
S1ROW	268	26	control	-	-	ok#3	burned=true	target_in_ring=true
S1ROW	268	27	control	-	-	ok#3	burned=true	target_in_ring=true
S1ROW	268	28	control	-	-	ok#3	burned=true	target_in_ring=true
S1ROW	268	29	control	-	-	ok#3	burned=true	target_in_ring=true
S1ROW	268	30	control	-	-	ok#3	burned=true	target_in_ring=true
S1ROW	268	31	control	-	-	ok#3	burned=true	target_in_ring=true
S1ROW	268	32	control	-	-	ok#3	burned=true	target_in_ring=true
S1ROW	268	33	control	-	-	ok#3	burned=true	target_in_ring=true
S1ROW	268	34	control	-	-	ok#3	burned=true	target_in_ring=true
S1ROW	268	35	control	-	-	ok#3	burned=true	target_in_ring=true
S1ROW	272	18	control	-	-	ok#3	burned=true	target_in_ring=true
S1ROW	272	19	control	-	-	ok#3	burned=true	target_in_ring=true
S1ROW	272	20	control	-	-	ok#3	burned=true	target_in_ring=true
S1ROW	272	21	control	-	-	ok#3	burned=true	target_in_ring=true
S1ROW	272	22	control	-	-	ok#3	burned=true	target_in_ring=true
S1ROW	272	23	control	-	-	ok#3	burned=true	target_in_ring=true
S1ROW	272	24	control	-	-	ok#3	burned=true	target_in_ring=true
S1ROW	272	25	control	-	-	ok#3	burned=true	target_in_ring=true
S1ROW	272	26	control	-	-	ok#3	burned=true	target_in_ring=true
S1ROW	272	27	control	-	-	ok#3	burned=true	target_in_ring=true
S1ROW	272	28	control	-	-	ok#3	burned=true	target_in_ring=true
S1ROW	272	29	control	-	-	ok#3	burned=true	target_in_ring=true
S1ROW	272	30	control	-	-	ok#3	burned=true	target_in_ring=true
S1ROW	272	31	control	-	-	ok#3	burned=true	target_in_ring=true
S1ROW	272	32	control	-	-	ok#3	burned=true	target_in_ring=true
S1ROW	272	33	control	-	-	ok#3	burned=true	target_in_ring=true
S1ROW	272	34	control	-	-	ok#3	burned=true	target_in_ring=true
S1ROW	272	35	control	-	-	ok#3	burned=true	target_in_ring=true
S1ROW	276	18	control	-	-	ok#3	burned=true	target_in_ring=true
S1ROW	276	19	control	-	-	ok#3	burned=true	target_in_ring=true
S1ROW	276	20	control	-	-	ok#3	burned=true	target_in_ring=true
S1ROW	276	21	control	-	-	ok#3	burned=true	target_in_ring=true
S1ROW	276	22	control	-	-	ok#3	burned=true	target_in_ring=true
S1ROW	276	23	control	-	-	ok#3	burned=true	target_in_ring=true
S1ROW	276	24	control	-	-	ok#3	burned=true	target_in_ring=true
S1ROW	276	25	control	-	-	ok#3	burned=true	target_in_ring=true
S1ROW	276	26	control	-	-	ok#3	burned=true	target_in_ring=true
S1ROW	276	27	control	-	-	ok#3	burned=true	target_in_ring=true
S1ROW	276	28	control	-	-	ok#3	burned=true	target_in_ring=true
S1ROW	276	29	control	-	-	ok#3	burned=true	target_in_ring=true
S1ROW	276	30	control	-	-	ok#3	burned=true	target_in_ring=true
S1ROW	276	31	control	-	-	ok#3	burned=true	target_in_ring=true
S1ROW	276	32	control	-	-	ok#3	burned=true	target_in_ring=true
S1ROW	276	33	control	-	-	ok#3	burned=true	target_in_ring=true
S1ROW	276	34	control	-	-	ok#3	burned=true	target_in_ring=true
S1ROW	276	35	control	-	-	ok#3	burned=true	target_in_ring=true
S1ROW	280	18	control	-	-	ok#3	burned=true	target_in_ring=true
S1ROW	280	19	control	-	-	ok#3	burned=true	target_in_ring=true
S1ROW	280	20	control	-	-	ok#3	burned=true	target_in_ring=true
S1ROW	280	21	control	-	-	ok#3	burned=true	target_in_ring=true
S1ROW	280	22	control	-	-	ok#3	burned=true	target_in_ring=true
S1ROW	280	23	control	-	-	ok#3	burned=true	target_in_ring=true
S1ROW	280	24	control	-	-	ok#3	burned=true	target_in_ring=true
S1ROW	280	25	control	-	-	ok#3	burned=true	target_in_ring=true
S1ROW	280	26	control	-	-	ok#3	burned=true	target_in_ring=true
S1ROW	280	27	control	-	-	ok#3	burned=true	target_in_ring=true
S1ROW	280	28	control	-	-	ok#3	burned=true	target_in_ring=true
S1ROW	280	29	control	-	-	ok#3	burned=true	target_in_ring=true
S1ROW	280	30	control	-	-	ok#3	burned=true	target_in_ring=true
S1ROW	280	31	control	-	-	ok#3	burned=true	target_in_ring=true
S1ROW	280	32	control	-	-	ok#3	burned=true	target_in_ring=true
S1ROW	280	33	control	-	-	ok#3	burned=true	target_in_ring=true
S1ROW	280	34	control	-	-	ok#3	burned=true	target_in_ring=true
S1ROW	280	35	control	-	-	ok#3	burned=true	target_in_ring=true
S1ROW	284	18	control	-	-	ok#3	burned=true	target_in_ring=true
S1ROW	284	19	control	-	-	ok#3	burned=true	target_in_ring=true
S1ROW	284	20	control	-	-	ok#3	burned=true	target_in_ring=true
S1ROW	284	21	control	-	-	ok#3	burned=true	target_in_ring=true
S1ROW	284	22	control	-	-	ok#3	burned=true	target_in_ring=true
S1ROW	284	23	control	-	-	ok#3	burned=true	target_in_ring=true
S1ROW	284	24	control	-	-	ok#3	burned=true	target_in_ring=true
S1ROW	284	25	control	-	-	ok#3	burned=true	target_in_ring=true
S1ROW	284	26	control	-	-	ok#3	burned=true	target_in_ring=true
S1ROW	284	27	control	-	-	ok#3	burned=true	target_in_ring=true
S1ROW	284	28	control	-	-	ok#3	burned=true	target_in_ring=true
S1ROW	284	29	control	-	-	ok#3	burned=true	target_in_ring=true
S1ROW	284	30	control	-	-	ok#3	burned=true	target_in_ring=true
S1ROW	284	31	control	-	-	ok#3	burned=true	target_in_ring=true
S1ROW	284	32	control	-	-	ok#3	burned=true	target_in_ring=true
S1ROW	284	33	control	-	-	ok#3	burned=true	target_in_ring=true
S1ROW	284	34	control	-	-	ok#3	burned=true	target_in_ring=true
S1ROW	284	35	control	-	-	ok#3	burned=true	target_in_ring=true
S1ROW	288	18	control	-	-	ok#3	burned=true	target_in_ring=true
S1ROW	288	19	control	-	-	ok#3	burned=true	target_in_ring=true
S1ROW	288	20	control	-	-	ok#3	burned=true	target_in_ring=true
S1ROW	288	21	control	-	-	ok#3	burned=true	target_in_ring=true
S1ROW	288	22	control	-	-	ok#3	burned=true	target_in_ring=true
S1ROW	288	23	control	-	-	ok#3	burned=true	target_in_ring=true
S1ROW	288	24	control	-	-	ok#3	burned=true	target_in_ring=true
S1ROW	288	25	control	-	-	ok#3	burned=true	target_in_ring=true
S1ROW	288	26	control	-	-	ok#3	burned=true	target_in_ring=true
S1ROW	288	27	control	-	-	ok#3	burned=true	target_in_ring=true
S1ROW	288	28	control	-	-	ok#3	burned=true	target_in_ring=true
S1ROW	288	29	control	-	-	ok#3	burned=true	target_in_ring=true
S1ROW	288	30	control	-	-	ok#3	burned=true	target_in_ring=true
S1ROW	288	31	control	-	-	ok#3	burned=true	target_in_ring=true
S1ROW	288	32	control	-	-	ok#3	burned=true	target_in_ring=true
S1ROW	288	33	control	-	-	ok#3	burned=true	target_in_ring=true
S1ROW	288	34	control	-	-	ok#3	burned=true	target_in_ring=true
S1ROW	288	35	control	-	-	ok#3	burned=true	target_in_ring=true
S1ROW	292	18	control	-	-	ok#3	burned=true	target_in_ring=true
S1ROW	292	19	control	-	-	ok#3	burned=true	target_in_ring=true
S1ROW	292	20	control	-	-	ok#3	burned=true	target_in_ring=true
S1ROW	292	21	control	-	-	ok#3	burned=true	target_in_ring=true
S1ROW	292	22	control	-	-	ok#3	burned=true	target_in_ring=true
S1ROW	292	23	control	-	-	ok#3	burned=true	target_in_ring=true
S1ROW	292	24	control	-	-	ok#3	burned=true	target_in_ring=true
S1ROW	292	25	control	-	-	ok#3	burned=true	target_in_ring=true
S1ROW	292	26	control	-	-	ok#3	burned=true	target_in_ring=true
S1ROW	292	27	control	-	-	ok#3	burned=true	target_in_ring=true
S1ROW	292	28	control	-	-	ok#3	burned=true	target_in_ring=true
S1ROW	292	29	control	-	-	ok#3	burned=true	target_in_ring=true
S1ROW	292	30	control	-	-	ok#3	burned=true	target_in_ring=true
S1ROW	292	31	control	-	-	ok#3	burned=true	target_in_ring=true
S1ROW	292	32	control	-	-	ok#3	burned=true	target_in_ring=true
S1ROW	292	33	control	-	-	ok#3	burned=true	target_in_ring=true
S1ROW	292	34	control	-	-	ok#3	burned=true	target_in_ring=true
S1ROW	292	35	control	-	-	ok#3	burned=true	target_in_ring=true
S1ROW	296	18	control	-	-	ok#3	burned=true	target_in_ring=true
S1ROW	296	19	control	-	-	ok#3	burned=true	target_in_ring=true
S1ROW	296	20	control	-	-	ok#3	burned=true	target_in_ring=true
S1ROW	296	21	control	-	-	ok#3	burned=true	target_in_ring=true
S1ROW	296	22	control	-	-	ok#3	burned=true	target_in_ring=true
S1ROW	296	23	control	-	-	ok#3	burned=true	target_in_ring=true
S1ROW	296	24	control	-	-	ok#3	burned=true	target_in_ring=true
S1ROW	296	25	control	-	-	ok#3	burned=true	target_in_ring=true
S1ROW	296	26	control	-	-	ok#3	burned=true	target_in_ring=true
S1ROW	296	27	control	-	-	ok#3	burned=true	target_in_ring=true
S1ROW	296	28	control	-	-	ok#3	burned=true	target_in_ring=true
S1ROW	296	29	control	-	-	ok#3	burned=true	target_in_ring=true
S1ROW	296	30	control	-	-	ok#3	burned=true	target_in_ring=true
S1ROW	296	31	control	-	-	ok#3	burned=true	target_in_ring=true
S1ROW	296	32	control	-	-	ok#3	burned=true	target_in_ring=true
S1ROW	296	33	control	-	-	ok#3	burned=true	target_in_ring=true
S1ROW	296	34	control	-	-	ok#3	burned=true	target_in_ring=true
S1ROW	296	35	control	-	-	ok#3	burned=true	target_in_ring=true
S1ROW	300	18	control	-	-	ok#3	burned=true	target_in_ring=true
S1ROW	300	19	control	-	-	ok#3	burned=true	target_in_ring=true
S1ROW	300	20	control	-	-	ok#3	burned=true	target_in_ring=true
S1ROW	300	21	control	-	-	ok#3	burned=true	target_in_ring=true
S1ROW	300	22	control	-	-	ok#3	burned=true	target_in_ring=true
S1ROW	300	23	control	-	-	ok#3	burned=true	target_in_ring=true
S1ROW	300	24	control	-	-	ok#3	burned=true	target_in_ring=true
S1ROW	300	25	control	-	-	ok#3	burned=true	target_in_ring=true
S1ROW	300	26	control	-	-	ok#3	burned=true	target_in_ring=true
S1ROW	300	27	control	-	-	ok#3	burned=true	target_in_ring=true
S1ROW	300	28	control	-	-	ok#3	burned=true	target_in_ring=true
S1ROW	300	29	control	-	-	ok#3	burned=true	target_in_ring=true
S1ROW	300	30	control	-	-	ok#3	burned=true	target_in_ring=true
S1ROW	300	31	control	-	-	ok#3	burned=true	target_in_ring=true
S1ROW	300	32	control	-	-	ok#3	burned=true	target_in_ring=true
S1ROW	300	33	control	-	-	ok#3	burned=true	target_in_ring=true
S1ROW	300	34	control	-	-	ok#3	burned=true	target_in_ring=true
S1ROW	300	35	control	-	-	ok#3	burned=true	target_in_ring=true
S1ROW	304	18	control	-	-	ok#3	burned=true	target_in_ring=true
S1ROW	304	19	control	-	-	ok#3	burned=true	target_in_ring=true
S1ROW	304	20	control	-	-	ok#3	burned=true	target_in_ring=true
S1ROW	304	21	control	-	-	ok#3	burned=true	target_in_ring=true
S1ROW	304	22	control	-	-	ok#3	burned=true	target_in_ring=true
S1ROW	304	23	control	-	-	ok#3	burned=true	target_in_ring=true
S1ROW	304	24	control	-	-	ok#3	burned=true	target_in_ring=true
S1ROW	304	25	control	-	-	ok#3	burned=true	target_in_ring=true
S1ROW	304	26	control	-	-	ok#3	burned=true	target_in_ring=true
S1ROW	304	27	control	-	-	ok#3	burned=true	target_in_ring=true
S1ROW	304	28	control	-	-	ok#3	burned=true	target_in_ring=true
S1ROW	304	29	control	-	-	ok#3	burned=true	target_in_ring=true
S1ROW	304	30	control	-	-	ok#3	burned=true	target_in_ring=true
S1ROW	304	31	control	-	-	ok#3	burned=true	target_in_ring=true
S1ROW	304	32	control	-	-	ok#3	burned=true	target_in_ring=true
S1ROW	304	33	control	-	-	ok#3	burned=true	target_in_ring=true
S1ROW	304	34	control	-	-	ok#3	burned=true	target_in_ring=true
S1ROW	304	35	control	-	-	ok#3	burned=true	target_in_ring=true
S1ROW	308	18	control	-	-	ok#3	burned=true	target_in_ring=true
S1ROW	308	19	control	-	-	ok#3	burned=true	target_in_ring=true
S1ROW	308	20	control	-	-	ok#3	burned=true	target_in_ring=true
S1ROW	308	21	control	-	-	ok#3	burned=true	target_in_ring=true
S1ROW	308	22	control	-	-	ok#3	burned=true	target_in_ring=true
S1ROW	308	23	control	-	-	ok#3	burned=true	target_in_ring=true
S1ROW	308	24	control	-	-	ok#3	burned=true	target_in_ring=true
S1ROW	308	25	control	-	-	ok#3	burned=true	target_in_ring=true
S1ROW	308	26	control	-	-	ok#3	burned=true	target_in_ring=true
S1ROW	308	27	control	-	-	ok#3	burned=true	target_in_ring=true
S1ROW	308	28	control	-	-	ok#3	burned=true	target_in_ring=true
S1ROW	308	29	control	-	-	ok#3	burned=true	target_in_ring=true
S1ROW	308	30	control	-	-	ok#3	burned=true	target_in_ring=true
S1ROW	308	31	control	-	-	ok#3	burned=true	target_in_ring=true
S1ROW	308	32	control	-	-	ok#3	burned=true	target_in_ring=true
S1ROW	308	33	control	-	-	ok#3	burned=true	target_in_ring=true
S1ROW	308	34	control	-	-	ok#3	burned=true	target_in_ring=true
S1ROW	308	35	control	-	-	ok#3	burned=true	target_in_ring=true
S1ROW	312	18	control	-	-	ok#3	burned=true	target_in_ring=true
S1ROW	312	19	control	-	-	ok#3	burned=true	target_in_ring=true
S1ROW	312	20	control	-	-	ok#3	burned=true	target_in_ring=true
S1ROW	312	21	control	-	-	ok#3	burned=true	target_in_ring=true
S1ROW	312	22	control	-	-	ok#3	burned=true	target_in_ring=true
S1ROW	312	23	control	-	-	ok#3	burned=true	target_in_ring=true
S1ROW	312	24	control	-	-	ok#3	burned=true	target_in_ring=true
S1ROW	312	25	control	-	-	ok#3	burned=true	target_in_ring=true
S1ROW	312	26	control	-	-	ok#3	burned=true	target_in_ring=true
S1ROW	312	27	control	-	-	ok#3	burned=true	target_in_ring=true
S1ROW	312	28	control	-	-	ok#3	burned=true	target_in_ring=true
S1ROW	312	29	control	-	-	ok#3	burned=true	target_in_ring=true
S1ROW	312	30	control	-	-	ok#3	burned=true	target_in_ring=true
S1ROW	312	31	control	-	-	ok#3	burned=true	target_in_ring=true
S1ROW	312	32	control	-	-	ok#3	burned=true	target_in_ring=true
S1ROW	312	33	control	-	-	ok#3	burned=true	target_in_ring=true
S1ROW	312	34	control	-	-	ok#3	burned=true	target_in_ring=true
S1ROW	312	35	control	-	-	ok#3	burned=true	target_in_ring=true
S1ROW	316	18	control	-	-	ok#3	burned=true	target_in_ring=true
S1ROW	316	19	control	-	-	ok#3	burned=true	target_in_ring=true
S1ROW	316	20	control	-	-	ok#3	burned=true	target_in_ring=true
S1ROW	316	21	control	-	-	ok#3	burned=true	target_in_ring=true
S1ROW	316	22	control	-	-	ok#3	burned=true	target_in_ring=true
S1ROW	316	23	control	-	-	ok#3	burned=true	target_in_ring=true
S1ROW	316	24	control	-	-	ok#3	burned=true	target_in_ring=true
S1ROW	316	25	control	-	-	ok#3	burned=true	target_in_ring=true
S1ROW	316	26	control	-	-	ok#3	burned=true	target_in_ring=true
S1ROW	316	27	control	-	-	ok#3	burned=true	target_in_ring=true
S1ROW	316	28	control	-	-	ok#3	burned=true	target_in_ring=true
S1ROW	316	29	control	-	-	ok#3	burned=true	target_in_ring=true
S1ROW	316	30	control	-	-	ok#3	burned=true	target_in_ring=true
S1ROW	316	31	control	-	-	ok#3	burned=true	target_in_ring=true
S1ROW	316	32	control	-	-	ok#3	burned=true	target_in_ring=true
S1ROW	316	33	control	-	-	ok#3	burned=true	target_in_ring=true
S1ROW	316	34	control	-	-	ok#3	burned=true	target_in_ring=true
S1ROW	316	35	control	-	-	ok#3	burned=true	target_in_ring=true
S1ROW	320	18	control	-	-	ok#3	burned=true	target_in_ring=true
S1ROW	320	19	control	-	-	ok#3	burned=true	target_in_ring=true
S1ROW	320	20	control	-	-	ok#3	burned=true	target_in_ring=true
S1ROW	320	21	control	-	-	ok#3	burned=true	target_in_ring=true
S1ROW	320	22	control	-	-	ok#3	burned=true	target_in_ring=true
S1ROW	320	23	control	-	-	ok#3	burned=true	target_in_ring=true
S1ROW	320	24	control	-	-	ok#3	burned=true	target_in_ring=true
S1ROW	320	25	control	-	-	ok#3	burned=true	target_in_ring=true
S1ROW	320	26	control	-	-	ok#3	burned=true	target_in_ring=true
S1ROW	320	27	control	-	-	ok#3	burned=true	target_in_ring=true
S1ROW	320	28	control	-	-	ok#3	burned=true	target_in_ring=true
S1ROW	320	29	control	-	-	ok#3	burned=true	target_in_ring=true
S1ROW	320	30	control	-	-	ok#3	burned=true	target_in_ring=true
S1ROW	320	31	control	-	-	ok#3	burned=true	target_in_ring=true
S1ROW	320	32	control	-	-	ok#3	burned=true	target_in_ring=true
S1ROW	320	33	control	-	-	ok#3	burned=true	target_in_ring=true
S1ROW	320	34	control	-	-	ok#3	burned=true	target_in_ring=true
S1ROW	320	35	control	-	-	ok#3	burned=true	target_in_ring=true
S1ROW	324	18	control	-	-	ok#3	burned=true	target_in_ring=true
S1ROW	324	19	control	-	-	ok#3	burned=true	target_in_ring=true
S1ROW	324	20	control	-	-	ok#3	burned=true	target_in_ring=true
S1ROW	324	21	control	-	-	ok#3	burned=true	target_in_ring=true
S1ROW	324	22	control	-	-	ok#3	burned=true	target_in_ring=true
S1ROW	324	23	control	-	-	ok#3	burned=true	target_in_ring=true
S1ROW	324	24	control	-	-	ok#3	burned=true	target_in_ring=true
S1ROW	324	25	control	-	-	ok#3	burned=true	target_in_ring=true
S1ROW	324	26	control	-	-	ok#3	burned=true	target_in_ring=true
S1ROW	324	27	control	-	-	ok#3	burned=true	target_in_ring=true
S1ROW	324	28	control	-	-	ok#3	burned=true	target_in_ring=true
S1ROW	324	29	control	-	-	ok#3	burned=true	target_in_ring=true
S1ROW	324	30	control	-	-	ok#3	burned=true	target_in_ring=true
S1ROW	324	31	control	-	-	ok#3	burned=true	target_in_ring=true
S1ROW	324	32	control	-	-	ok#3	burned=true	target_in_ring=true
S1ROW	324	33	control	-	-	ok#3	burned=true	target_in_ring=true
S1ROW	324	34	control	-	-	ok#3	burned=true	target_in_ring=true
S1ROW	324	35	control	-	-	ok#3	burned=true	target_in_ring=true
S1ROW	328	18	control	-	-	ok#3	burned=true	target_in_ring=true
S1ROW	328	19	control	-	-	ok#3	burned=true	target_in_ring=true
S1ROW	328	20	control	-	-	ok#3	burned=true	target_in_ring=true
S1ROW	328	21	control	-	-	ok#3	burned=true	target_in_ring=true
S1ROW	328	22	control	-	-	ok#3	burned=true	target_in_ring=true
S1ROW	328	23	control	-	-	ok#3	burned=true	target_in_ring=true
S1ROW	328	24	control	-	-	ok#3	burned=true	target_in_ring=true
S1ROW	328	25	control	-	-	ok#3	burned=true	target_in_ring=true
S1ROW	328	26	control	-	-	ok#3	burned=true	target_in_ring=true
S1ROW	328	27	control	-	-	ok#3	burned=true	target_in_ring=true
S1ROW	328	28	control	-	-	ok#3	burned=true	target_in_ring=true
S1ROW	328	29	control	-	-	ok#3	burned=true	target_in_ring=true
S1ROW	328	30	control	-	-	ok#3	burned=true	target_in_ring=true
S1ROW	328	31	control	-	-	ok#3	burned=true	target_in_ring=true
S1ROW	328	32	control	-	-	ok#3	burned=true	target_in_ring=true
S1ROW	328	33	control	-	-	ok#3	burned=true	target_in_ring=true
S1ROW	328	34	control	-	-	ok#3	burned=true	target_in_ring=true
S1ROW	328	35	control	-	-	ok#3	burned=true	target_in_ring=true
S1ROW	332	18	control	-	-	ok#3	burned=true	target_in_ring=true
S1ROW	332	19	control	-	-	ok#3	burned=true	target_in_ring=true
S1ROW	332	20	control	-	-	ok#3	burned=true	target_in_ring=true
S1ROW	332	21	control	-	-	ok#3	burned=true	target_in_ring=true
S1ROW	332	22	control	-	-	ok#3	burned=true	target_in_ring=true
S1ROW	332	23	control	-	-	ok#3	burned=true	target_in_ring=true
S1ROW	332	24	control	-	-	ok#3	burned=true	target_in_ring=true
S1ROW	332	25	control	-	-	ok#3	burned=true	target_in_ring=true
S1ROW	332	26	control	-	-	ok#3	burned=true	target_in_ring=true
S1ROW	332	27	control	-	-	ok#3	burned=true	target_in_ring=true
S1ROW	332	28	control	-	-	ok#3	burned=true	target_in_ring=true
S1ROW	332	29	control	-	-	ok#3	burned=true	target_in_ring=true
S1ROW	332	30	control	-	-	ok#3	burned=true	target_in_ring=true
S1ROW	332	31	control	-	-	ok#3	burned=true	target_in_ring=true
S1ROW	332	32	control	-	-	ok#3	burned=true	target_in_ring=true
S1ROW	332	33	control	-	-	ok#3	burned=true	target_in_ring=true
S1ROW	332	34	control	-	-	ok#3	burned=true	target_in_ring=true
S1ROW	332	35	control	-	-	ok#3	burned=true	target_in_ring=true
S1ROW	336	18	control	-	-	ok#3	burned=true	target_in_ring=true
S1ROW	336	19	control	-	-	ok#3	burned=true	target_in_ring=true
S1ROW	336	20	control	-	-	ok#3	burned=true	target_in_ring=true
S1ROW	336	21	control	-	-	ok#3	burned=true	target_in_ring=true
S1ROW	336	22	control	-	-	ok#3	burned=true	target_in_ring=true
S1ROW	336	23	control	-	-	ok#3	burned=true	target_in_ring=true
S1ROW	336	24	control	-	-	ok#3	burned=true	target_in_ring=true
S1ROW	336	25	control	-	-	ok#3	burned=true	target_in_ring=true
S1ROW	336	26	control	-	-	ok#3	burned=true	target_in_ring=true
S1ROW	336	27	control	-	-	ok#3	burned=true	target_in_ring=true
S1ROW	336	28	control	-	-	ok#3	burned=true	target_in_ring=true
S1ROW	336	29	control	-	-	ok#3	burned=true	target_in_ring=true
S1ROW	336	30	control	-	-	ok#3	burned=true	target_in_ring=true
S1ROW	336	31	control	-	-	ok#3	burned=true	target_in_ring=true
S1ROW	336	32	control	-	-	ok#3	burned=true	target_in_ring=true
S1ROW	336	33	control	-	-	ok#3	burned=true	target_in_ring=true
S1ROW	336	34	control	-	-	ok#3	burned=true	target_in_ring=true
S1ROW	336	35	control	-	-	ok#3	burned=true	target_in_ring=true
S1ROW	340	18	control	-	-	ok#3	burned=true	target_in_ring=true
S1ROW	340	19	control	-	-	ok#3	burned=true	target_in_ring=true
S1ROW	340	20	control	-	-	ok#3	burned=true	target_in_ring=true
S1ROW	340	21	control	-	-	ok#3	burned=true	target_in_ring=true
S1ROW	340	22	control	-	-	ok#3	burned=true	target_in_ring=true
S1ROW	340	23	control	-	-	ok#3	burned=true	target_in_ring=true
S1ROW	340	24	control	-	-	ok#3	burned=true	target_in_ring=true
S1ROW	340	25	control	-	-	ok#3	burned=true	target_in_ring=true
S1ROW	340	26	control	-	-	ok#3	burned=true	target_in_ring=true
S1ROW	340	27	control	-	-	ok#3	burned=true	target_in_ring=true
S1ROW	340	28	control	-	-	ok#3	burned=true	target_in_ring=true
S1ROW	340	29	control	-	-	ok#3	burned=true	target_in_ring=true
S1ROW	340	30	control	-	-	ok#3	burned=true	target_in_ring=true
S1ROW	340	31	control	-	-	ok#3	burned=true	target_in_ring=true
S1ROW	340	32	control	-	-	ok#3	burned=true	target_in_ring=true
S1ROW	340	33	control	-	-	ok#3	burned=true	target_in_ring=true
S1ROW	340	34	control	-	-	ok#3	burned=true	target_in_ring=true
S1ROW	340	35	control	-	-	ok#3	burned=true	target_in_ring=true
S1ROW	344	18	control	-	-	ok#3	burned=true	target_in_ring=true
S1ROW	344	19	control	-	-	ok#3	burned=true	target_in_ring=true
S1ROW	344	20	control	-	-	ok#3	burned=true	target_in_ring=true
S1ROW	344	21	control	-	-	ok#3	burned=true	target_in_ring=true
S1ROW	344	22	control	-	-	ok#3	burned=true	target_in_ring=true
S1ROW	344	23	control	-	-	ok#3	burned=true	target_in_ring=true
S1ROW	344	24	control	-	-	ok#3	burned=true	target_in_ring=true
S1ROW	344	25	control	-	-	ok#3	burned=true	target_in_ring=true
S1ROW	344	26	control	-	-	ok#3	burned=true	target_in_ring=true
S1ROW	344	27	control	-	-	ok#3	burned=true	target_in_ring=true
S1ROW	344	28	control	-	-	ok#3	burned=true	target_in_ring=true
S1ROW	344	29	control	-	-	ok#3	burned=true	target_in_ring=true
S1ROW	344	30	control	-	-	ok#3	burned=true	target_in_ring=true
S1ROW	344	31	control	-	-	ok#3	burned=true	target_in_ring=true
S1ROW	344	32	control	-	-	ok#3	burned=true	target_in_ring=true
S1ROW	344	33	control	-	-	ok#3	burned=true	target_in_ring=true
S1ROW	344	34	control	-	-	ok#3	burned=true	target_in_ring=true
S1ROW	344	35	control	-	-	ok#3	burned=true	target_in_ring=true
S1ROW	348	18	control	-	-	ok#3	burned=true	target_in_ring=true
S1ROW	348	19	control	-	-	ok#3	burned=true	target_in_ring=true
S1ROW	348	20	control	-	-	ok#3	burned=true	target_in_ring=true
S1ROW	348	21	control	-	-	ok#3	burned=true	target_in_ring=true
S1ROW	348	22	control	-	-	ok#3	burned=true	target_in_ring=true
S1ROW	348	23	control	-	-	ok#3	burned=true	target_in_ring=true
S1ROW	348	24	control	-	-	ok#3	burned=true	target_in_ring=true
S1ROW	348	25	control	-	-	ok#3	burned=true	target_in_ring=true
S1ROW	348	26	control	-	-	ok#3	burned=true	target_in_ring=true
S1ROW	348	27	control	-	-	ok#3	burned=true	target_in_ring=true
S1ROW	348	28	control	-	-	ok#3	burned=true	target_in_ring=true
S1ROW	348	29	control	-	-	ok#3	burned=true	target_in_ring=true
S1ROW	348	30	control	-	-	ok#3	burned=true	target_in_ring=true
S1ROW	348	31	control	-	-	ok#3	burned=true	target_in_ring=true
S1ROW	348	32	control	-	-	ok#3	burned=true	target_in_ring=true
S1ROW	348	33	control	-	-	ok#3	burned=true	target_in_ring=true
S1ROW	348	34	control	-	-	ok#3	burned=true	target_in_ring=true
S1ROW	348	35	control	-	-	ok#3	burned=true	target_in_ring=true
S1ROW	352	18	control	-	-	ok#3	burned=true	target_in_ring=true
S1ROW	352	19	control	-	-	ok#3	burned=true	target_in_ring=true
S1ROW	352	20	control	-	-	ok#3	burned=true	target_in_ring=true
S1ROW	352	21	control	-	-	ok#3	burned=true	target_in_ring=true
S1ROW	352	22	control	-	-	ok#3	burned=true	target_in_ring=true
S1ROW	352	23	control	-	-	ok#3	burned=true	target_in_ring=true
S1ROW	352	24	control	-	-	ok#3	burned=true	target_in_ring=true
S1ROW	352	25	control	-	-	ok#3	burned=true	target_in_ring=true
S1ROW	352	26	control	-	-	ok#3	burned=true	target_in_ring=true
S1ROW	352	27	control	-	-	ok#3	burned=true	target_in_ring=true
S1ROW	352	28	control	-	-	ok#3	burned=true	target_in_ring=true
S1ROW	352	29	control	-	-	ok#3	burned=true	target_in_ring=true
S1ROW	352	30	control	-	-	ok#3	burned=true	target_in_ring=true
S1ROW	352	31	control	-	-	ok#3	burned=true	target_in_ring=true
S1ROW	352	32	control	-	-	ok#3	burned=true	target_in_ring=true
S1ROW	352	33	control	-	-	ok#3	burned=true	target_in_ring=true
S1ROW	352	34	control	-	-	ok#3	burned=true	target_in_ring=true
S1ROW	352	35	control	-	-	ok#3	burned=true	target_in_ring=true
S1ROW	356	18	control	-	-	ok#3	burned=true	target_in_ring=true
S1ROW	356	19	control	-	-	ok#3	burned=true	target_in_ring=true
S1ROW	356	20	control	-	-	ok#3	burned=true	target_in_ring=true
S1ROW	356	21	control	-	-	ok#3	burned=true	target_in_ring=true
S1ROW	356	22	control	-	-	ok#3	burned=true	target_in_ring=true
S1ROW	356	23	control	-	-	ok#3	burned=true	target_in_ring=true
S1ROW	356	24	control	-	-	ok#3	burned=true	target_in_ring=true
S1ROW	356	25	control	-	-	ok#3	burned=true	target_in_ring=true
S1ROW	356	26	control	-	-	ok#3	burned=true	target_in_ring=true
S1ROW	356	27	control	-	-	ok#3	burned=true	target_in_ring=true
S1ROW	356	28	control	-	-	ok#3	burned=true	target_in_ring=true
S1ROW	356	29	control	-	-	ok#3	burned=true	target_in_ring=true
S1ROW	356	30	control	-	-	ok#3	burned=true	target_in_ring=true
S1ROW	356	31	control	-	-	ok#3	burned=true	target_in_ring=true
S1ROW	356	32	control	-	-	ok#3	burned=true	target_in_ring=true
S1ROW	356	33	control	-	-	ok#3	burned=true	target_in_ring=true
S1ROW	356	34	control	-	-	ok#3	burned=true	target_in_ring=true
S1ROW	356	35	control	-	-	ok#3	burned=true	target_in_ring=true
S1ROW	360	18	control	-	-	ok#3	burned=true	target_in_ring=true
S1ROW	360	19	control	-	-	ok#3	burned=true	target_in_ring=true
S1ROW	360	20	control	-	-	ok#3	burned=true	target_in_ring=true
S1ROW	360	21	control	-	-	ok#3	burned=true	target_in_ring=true
S1ROW	360	22	control	-	-	ok#3	burned=true	target_in_ring=true
S1ROW	360	23	control	-	-	ok#3	burned=true	target_in_ring=true
S1ROW	360	24	control	-	-	ok#3	burned=true	target_in_ring=true
S1ROW	360	25	control	-	-	ok#3	burned=true	target_in_ring=true
S1ROW	360	26	control	-	-	ok#3	burned=true	target_in_ring=true
S1ROW	360	27	control	-	-	ok#3	burned=true	target_in_ring=true
S1ROW	360	28	control	-	-	ok#3	burned=true	target_in_ring=true
S1ROW	360	29	control	-	-	ok#3	burned=true	target_in_ring=true
S1ROW	360	30	control	-	-	ok#3	burned=true	target_in_ring=true
S1ROW	360	31	control	-	-	ok#3	burned=true	target_in_ring=true
S1ROW	360	32	control	-	-	ok#3	burned=true	target_in_ring=true
S1ROW	360	33	control	-	-	ok#3	burned=true	target_in_ring=true
S1ROW	360	35	control	-	-	ok#3	burned=true	target_in_ring=true
S1ROW	364	18	control	-	-	ok#3	burned=true	target_in_ring=true
S1ROW	364	19	control	-	-	ok#3	burned=true	target_in_ring=true
S1ROW	364	20	control	-	-	ok#3	burned=true	target_in_ring=true
S1ROW	364	21	control	-	-	ok#3	burned=true	target_in_ring=true
S1ROW	364	22	control	-	-	ok#3	burned=true	target_in_ring=true
S1ROW	364	23	control	-	-	ok#3	burned=true	target_in_ring=true
S1ROW	364	24	control	-	-	ok#3	burned=true	target_in_ring=true
S1ROW	364	25	control	-	-	ok#3	burned=true	target_in_ring=true
S1ROW	364	26	control	-	-	ok#3	burned=true	target_in_ring=true
S1ROW	364	27	control	-	-	ok#3	burned=true	target_in_ring=true
S1ROW	364	28	control	-	-	ok#3	burned=true	target_in_ring=true
S1ROW	364	29	control	-	-	ok#3	burned=true	target_in_ring=true
S1ROW	364	30	control	-	-	ok#3	burned=true	target_in_ring=true
S1ROW	364	31	control	-	-	ok#3	burned=true	target_in_ring=true
S1ROW	364	32	control	-	-	ok#3	burned=true	target_in_ring=true
S1ROW	364	33	control	-	-	ok#3	burned=true	target_in_ring=true
S1ROW	364	34	control	-	-	ok#3	burned=true	target_in_ring=true
S1ROW	364	35	control	-	-	ok#3	burned=true	target_in_ring=true
S1ROW	368	18	control	-	-	ok#3	burned=true	target_in_ring=true
S1ROW	368	19	control	-	-	ok#3	burned=true	target_in_ring=true
S1ROW	368	20	control	-	-	ok#3	burned=true	target_in_ring=true
S1ROW	368	21	control	-	-	ok#3	burned=true	target_in_ring=true
S1ROW	368	22	control	-	-	ok#3	burned=true	target_in_ring=true
S1ROW	368	23	control	-	-	ok#3	burned=true	target_in_ring=true
S1ROW	368	24	control	-	-	ok#3	burned=true	target_in_ring=true
S1ROW	368	25	control	-	-	ok#3	burned=true	target_in_ring=true
S1ROW	368	26	control	-	-	ok#3	burned=true	target_in_ring=true
S1ROW	368	27	control	-	-	ok#3	burned=true	target_in_ring=true
S1ROW	368	28	control	-	-	ok#3	burned=true	target_in_ring=true
S1ROW	368	29	control	-	-	ok#3	burned=true	target_in_ring=true
S1ROW	368	30	control	-	-	ok#3	burned=true	target_in_ring=true
S1ROW	368	31	control	-	-	ok#3	burned=true	target_in_ring=true
S1ROW	368	32	control	-	-	ok#3	burned=true	target_in_ring=true
S1ROW	368	33	control	-	-	ok#3	burned=true	target_in_ring=true
S1ROW	368	34	control	-	-	ok#3	burned=true	target_in_ring=true
S1ROW	368	35	control	-	-	ok#3	burned=true	target_in_ring=true
S1ROW	372	18	control	-	-	ok#3	burned=true	target_in_ring=true
S1ROW	372	19	control	-	-	ok#3	burned=true	target_in_ring=true
S1ROW	372	20	control	-	-	ok#3	burned=true	target_in_ring=true
S1ROW	372	21	control	-	-	ok#3	burned=true	target_in_ring=true
S1ROW	372	22	control	-	-	ok#3	burned=true	target_in_ring=true
S1ROW	372	23	control	-	-	ok#3	burned=true	target_in_ring=true
S1ROW	372	24	control	-	-	ok#3	burned=true	target_in_ring=true
S1ROW	372	25	control	-	-	ok#3	burned=true	target_in_ring=true
S1ROW	372	26	control	-	-	ok#3	burned=true	target_in_ring=true
S1ROW	372	27	control	-	-	ok#3	burned=true	target_in_ring=true
S1ROW	372	28	control	-	-	ok#3	burned=true	target_in_ring=true
S1ROW	372	29	control	-	-	ok#3	burned=true	target_in_ring=true
S1ROW	372	30	control	-	-	ok#3	burned=true	target_in_ring=true
S1ROW	372	31	control	-	-	ok#3	burned=true	target_in_ring=true
S1ROW	372	32	control	-	-	ok#3	burned=true	target_in_ring=true
S1ROW	372	33	control	-	-	ok#3	burned=true	target_in_ring=true
S1ROW	372	34	control	-	-	ok#3	burned=true	target_in_ring=true
S1ROW	372	35	control	-	-	ok#3	burned=true	target_in_ring=true
S1ROW	376	18	control	-	-	ok#3	burned=true	target_in_ring=true
S1ROW	376	19	control	-	-	ok#3	burned=true	target_in_ring=true
S1ROW	376	20	control	-	-	ok#3	burned=true	target_in_ring=true
S1ROW	376	21	control	-	-	ok#3	burned=true	target_in_ring=true
S1ROW	376	22	control	-	-	ok#3	burned=true	target_in_ring=true
S1ROW	376	23	control	-	-	ok#3	burned=true	target_in_ring=true
S1ROW	376	24	control	-	-	ok#3	burned=true	target_in_ring=true
S1ROW	376	25	control	-	-	ok#3	burned=true	target_in_ring=true
S1ROW	376	26	control	-	-	ok#3	burned=true	target_in_ring=true
S1ROW	376	27	control	-	-	ok#3	burned=true	target_in_ring=true
S1ROW	376	28	control	-	-	ok#3	burned=true	target_in_ring=true
S1ROW	376	29	control	-	-	ok#3	burned=true	target_in_ring=true
S1ROW	376	30	control	-	-	ok#3	burned=true	target_in_ring=true
S1ROW	376	31	control	-	-	ok#3	burned=true	target_in_ring=true
S1ROW	376	32	control	-	-	ok#3	burned=true	target_in_ring=true
S1ROW	376	33	control	-	-	ok#3	burned=true	target_in_ring=true
S1ROW	376	34	control	-	-	ok#3	burned=true	target_in_ring=true
S1ROW	376	35	control	-	-	ok#3	burned=true	target_in_ring=true
S1ROW	380	18	control	-	-	ok#3	burned=true	target_in_ring=true
S1ROW	380	19	control	-	-	ok#3	burned=true	target_in_ring=true
S1ROW	380	20	control	-	-	ok#3	burned=true	target_in_ring=true
S1ROW	380	21	control	-	-	ok#3	burned=true	target_in_ring=true
S1ROW	380	22	control	-	-	ok#3	burned=true	target_in_ring=true
S1ROW	380	23	control	-	-	ok#3	burned=true	target_in_ring=true
S1ROW	380	24	control	-	-	ok#3	burned=true	target_in_ring=true
S1ROW	380	25	control	-	-	ok#3	burned=true	target_in_ring=true
S1ROW	380	26	control	-	-	ok#3	burned=true	target_in_ring=true
S1ROW	380	27	control	-	-	ok#3	burned=true	target_in_ring=true
S1ROW	380	28	control	-	-	ok#3	burned=true	target_in_ring=true
S1ROW	380	29	control	-	-	ok#3	burned=true	target_in_ring=true
S1ROW	380	30	control	-	-	ok#3	burned=true	target_in_ring=true
S1ROW	380	31	control	-	-	ok#3	burned=true	target_in_ring=true
S1ROW	380	32	control	-	-	ok#3	burned=true	target_in_ring=true
S1ROW	380	33	control	-	-	ok#3	burned=true	target_in_ring=true
S1ROW	380	34	control	-	-	ok#3	burned=true	target_in_ring=true
S1ROW	380	35	control	-	-	ok#3	burned=true	target_in_ring=true
S1ROW	384	18	control	-	-	ok#3	burned=true	target_in_ring=true
S1ROW	384	19	control	-	-	ok#3	burned=true	target_in_ring=true
S1ROW	384	20	control	-	-	ok#3	burned=true	target_in_ring=true
S1ROW	384	21	control	-	-	ok#3	burned=true	target_in_ring=true
S1ROW	384	22	control	-	-	ok#3	burned=true	target_in_ring=true
S1ROW	384	23	control	-	-	ok#3	burned=true	target_in_ring=true
S1ROW	384	24	control	-	-	ok#3	burned=true	target_in_ring=true
S1ROW	384	25	control	-	-	ok#3	burned=true	target_in_ring=true
S1ROW	384	26	control	-	-	ok#3	burned=true	target_in_ring=true
S1ROW	384	27	control	-	-	ok#3	burned=true	target_in_ring=true
S1ROW	384	28	control	-	-	ok#3	burned=true	target_in_ring=true
S1ROW	384	29	control	-	-	ok#3	burned=true	target_in_ring=true
S1ROW	384	30	control	-	-	ok#3	burned=true	target_in_ring=true
S1ROW	384	31	control	-	-	ok#3	burned=true	target_in_ring=true
S1ROW	384	32	control	-	-	ok#3	burned=true	target_in_ring=true
S1ROW	384	33	control	-	-	ok#3	burned=true	target_in_ring=true
S1ROW	384	34	control	-	-	ok#3	burned=true	target_in_ring=true
S1ROW	384	35	control	-	-	ok#3	burned=true	target_in_ring=true
