BASE	fast	0	历史 96 段：跑完 45、以已知红收尾 {0: 50, 1: 1}、新发现 0；根环转过一圈的 62 段；最高 txg 37	已知红第 0 条（增补 2 收口表第 ② 行（一次挂载转过一整圈根环时 checker 在合法状态上判 I-3.1 红））：50 段 ; 已知红第 1 条（增补 2 收口表第 43 行）：1 段		19.6s
BASE	large 1000x60	0	历史 1000 段：跑完 282、以已知红收尾 {0: 705, 1: 13}、新发现 0；根环转过一圈的 711 段；最高 txg 61	已知红第 0 条（增补 2 收口表第 ② 行（一次挂载转过一整圈根环时 checker 在合法状态上判 I-3.1 红））：705 段 ; 已知红第 1 条（增补 2 收口表第 43 行）：13 段		217.2s
BASE	large 3000x40	0	历史 3000 段：跑完 1041、以已知红收尾 {0: 1929, 1: 30}、新发现 0；根环转过一圈的 2102 段；最高 txg 50	已知红第 0 条（增补 2 收口表第 ② 行（一次挂载转过一整圈根环时 checker 在合法状态上判 I-3.1 红））：1929 段 ; 已知红第 1 条（增补 2 收口表第 43 行）：30 段		556.3s
A1	fast	101	历史 96 段：跑完 33、以已知红收尾 {0: 45, 1: 1}、新发现 17；根环转过一圈的 46 段；最高 txg 28	已知红第 0 条（增补 2 收口表第 ② 行（一次挂载转过一整圈根环时 checker 在合法状态上判 I-3.1 红））：45 段 ; 已知红第 1 条（增补 2 收口表第 43 行）：1 段 ; 已知红第 0 条（增补 2 收口表第 ② 行（一次挂载转过一整圈根环时 checker 在合法状态上判 I-3.1 红））：45 段 ; 已知红第 1 条（增补 2 收口表第 43 行）：1 段	新发现 CheckerViolations { invariants: ["I-3.1"] }：第一个种子 7（同签名的种子 [7, 15, 20, 26, 27, 38, 46, 51, 54, 56, 57, 62, 66, 68, 69, 71, 94]），在 Operation(15)（Some(RaiseRollbackFloor)）之后 ; 新发现 CheckerViolations { invariants: ["I-3.1"] }：第一个种子 7（同签名的种子 [7, 15, 20, 26, 27, 38, 46, 51, 54, 56, 57, 62, 66, 68, 69, 71, 94]），在 Operation(15)（Some(RaiseRollbackFloor)）之后	33.9s
A1	large 1000x60	101	历史 1000 段：跑完 277、以已知红收尾 {0: 513, 1: 12}、新发现 198；根环转过一圈的 514 段；最高 txg 28	已知红第 0 条（增补 2 收口表第 ② 行（一次挂载转过一整圈根环时 checker 在合法状态上判 I-3.1 红））：513 段 ; 已知红第 1 条（增补 2 收口表第 43 行）：12 段 ; 已知红第 0 条（增补 2 收口表第 ② 行（一次挂载转过一整圈根环时 checker 在合法状态上判 I-3.1 红））：513 段 ; 已知红第 1 条（增补 2 收口表第 43 行）：12 段	新发现 CheckerViolations { invariants: ["I-3.1"] }：第一个种子 7（同签名的种子 [7, 15, 20, 26, 27, 38, 46, 51, 54, 56, 57, 62, 66, 68, 69, 71, 94, 97, 101, 114, 116, 117, 118, 122, 124, 130, 132, 136, 137, 140, 145, 154, 158, 162, 167, 168, 175, 176, 187, 191, 198, 211, 212, 214, 219, 222, 228, 231, 233, 234, 236, 238, 242, 244, 249, 255, 256, 259, 261, 262, 268, 280, 284, 288, 294, 306, 325, 326, 331, 332, 339, 340, 344, 372, 373, 376, 380, 381, 384, 385, 387, 391, 404, 409, 412, 422, 440, 448, 451, 470, 475, 476, 493, 494, 498, 505, 506, 509, 510, 520, 522, 530, 536, 543, 545, 547, 548, 560, 564, 568, 569, 571, 575, 576, 579, 589, 608, 616, 619, 622, 624, 630, 633, 636, 637, 645, 648, 653, 661, 664, 671, 672, 678, 680, 682, 694, 706, 707, 708, 711, 716, 721, 724, 725, 726, 728, 736, 758, 759, 761, 765, 768, 772, 774, 779, 794, 796, 805, 809, 816, 825, 827, 831, 838, 846, 851, 855, 857, 859, 860, 876, 879, 880, 881, 882, 894, 896, 898, 899, 907, 919, 920, 924, 938, 949, 952, 953, 955, 957, 959, 966, 973, 976, 980, 983, 985, 994, 998]），在 Operation(15)（Some(RaiseRollbackFloor)）之后 ; 新发现 CheckerViolations { invariants: ["I-3.1"] }：第一个种子 7（同签名的种子 [7, 15, 20, 26, 27, 38, 46, 51, 54, 56, 57, 62, 66, 68, 69, 71, 94, 97, 101, 114, 116, 117, 118, 122, 124, 130, 132, 136, 137, 140, 145, 154, 158, 162, 167, 168, 175, 176, 187, 191, 198, 211, 212, 214, 219, 222, 228, 231, 233, 234, 236, 238, 242, 244, 249, 255, 256, 259, 261, 262, 268, 280, 284, 288, 294, 306, 325, 326, 331, 332, 339, 340, 344, 372, 373, 376, 380, 381, 384, 385, 387, 391, 404, 409, 412, 422, 440, 448, 451, 470, 475, 476, 493, 494, 498, 505, 506, 509, 510, 520, 522, 530, 536, 543, 545, 547, 548, 560, 564, 568, 569, 571, 575, 576, 579, 589, 608, 616, 619, 622, 624, 630, 633, 636, 637, 645, 648, 653, 661, 664, 671, 672, 678, 680, 682, 694, 706, 707, 708, 711, 716, 721, 724, 725, 726, 728, 736, 758, 759, 761, 765, 768, 772, 774, 779, 794, 796, 805, 809, 816, 825, 827, 831, 838, 846, 851, 855, 857, 859, 860, 876, 879, 880, 881, 882, 894, 896, 898, 899, 907, 919, 920, 924, 938, 949, 952, 953, 955, 957, 959, 966, 973, 976, 980, 983, 985, 994, 998]），在 Operation(15)（Some(RaiseRollbackFloor)）之后	160.6s
A1	large 3000x40	101	历史 3000 段：跑完 876、以已知红收尾 {0: 1485, 1: 28}、新发现 611；根环转过一圈的 1498 段；最高 txg 28	已知红第 0 条（增补 2 收口表第 ② 行（一次挂载转过一整圈根环时 checker 在合法状态上判 I-3.1 红））：1485 段 ; 已知红第 1 条（增补 2 收口表第 43 行）：28 段 ; 已知红第 0 条（增补 2 收口表第 ② 行（一次挂载转过一整圈根环时 checker 在合法状态上判 I-3.1 红））：1485 段 ; 已知红第 1 条（增补 2 收口表第 43 行）：28 段	新发现 CheckerViolations { invariants: ["I-3.1"] }：第一个种子 7（同签名的种子 [7, 15, 20, 26, 27, 38, 46, 51, 54, 56, 57, 62, 66, 68, 69, 71, 94, 97, 101, 114, 116, 118, 122, 124, 130, 132, 136, 137, 140, 145, 154, 158, 162, 167, 168, 175, 176, 187, 191, 198, 211, 212, 214, 219, 222, 228, 231, 233, 234, 236, 238, 242, 244, 249, 255, 256, 259, 261, 262, 268, 280, 284, 288, 294, 306, 325, 326, 331, 332, 339, 340, 344, 372, 373, 376, 380, 381, 384, 385, 387, 391, 404, 409, 412, 422, 440, 448, 451, 470, 475, 476, 493, 494, 498, 505, 506, 509, 510, 520, 522, 530, 536, 543, 545, 547, 548, 560, 564, 568, 569, 571, 575, 576, 579, 589, 608, 616, 619, 622, 624, 630, 633, 636, 637, 645, 648, 653, 661, 664, 671, 672, 678, 680, 682, 694, 706, 707, 708, 711, 716, 721, 724, 725, 726, 728, 736, 758, 759, 761, 765, 768, 772, 774, 779, 794, 796, 805, 809, 816, 825, 827, 831, 838, 846, 851, 855, 857, 859, 860, 876, 879, 880, 881, 882, 894, 896, 898, 899, 907, 919, 920, 938, 949, 952, 953, 955, 957, 959, 966, 973, 976, 980, 983, 985, 994, 998, 1006, 1007, 1015, 1017, 1020, 1021, 1024, 1032, 1038, 1043, 1054, 1056, 1059, 1061, 1062, 1076, 1083, 1090, 1096, 1102, 1109, 1111, 1114, 1115, 1117, 1118, 1123, 1124, 1130, 1134, 1138, 1140, 1155, 1165, 1166, 1168, 1181, 1182, 1189, 1190, 1198, 1207, 1213, 1221, 1222, 1225, 1227, 1228, 1230, 1231, 1238, 1241, 1250, 1265, 1266, 1280, 1298, 1313, 1315, 1320, 1323, 1325, 1337, 1341, 1342, 1343, 1344, 1351, 1355, 1356, 1358, 1376, 1377, 1378, 1387, 1390, 1392, 1396, 1400, 1404, 1409, 1410, 1412, 1421, 1422, 1430, 1431, 1432, 1436, 1442, 1443, 1446, 1458, 1466, 1484, 1486, 1489, 1490, 1493, 1498, 1500, 1502, 1504, 1505, 1509, 1516, 1524, 1528, 1533, 1536, 1539, 1541, 1543, 1550, 1557, 1569, 1570, 1582, 1589, 1597, 1599, 1612, 1614, 1617, 1618, 1622, 1638, 1639, 1648, 1650, 1660, 1666, 1672, 1685, 1694, 1695, 1701, 1712, 1720, 1727, 1732, 1733, 1734, 1735, 1739, 1740, 1742, 1744, 1746, 1752, 1754, 1760, 1768, 1769, 1773, 1777, 1783, 1785, 1790, 1797, 1805, 1813, 1817, 1819, 1822, 1826, 1833, 1834, 1835, 1837, 1841, 1850, 1867, 1877, 1885, 1887, 1891, 1892, 1894, 1901, 1905, 1907, 1913, 1914, 1917, 1920, 1926, 1930, 1931, 1945, 1946, 1959, 1963, 1965, 1976, 1977, 1979, 1980, 1981, 1984, 1989, 1994, 1997, 1998, 2008, 2011, 2012, 2016, 2022, 2023, 2029, 2031, 2032, 2038, 2039, 2040, 2042, 2043, 2049, 2062, 2066, 2079, 2086, 2087, 2090, 2096, 2106, 2108, 2110, 2112, 2113, 2120, 2124, 2126, 2128, 2143, 2144, 2146, 2151, 2158, 2159, 2165, 2178, 2180, 2182, 2183, 2189, 2194, 2200, 2203, 2208, 2209, 2212, 2215, 2229, 2231, 2234, 2243, 2246, 2252, 2260, 2264, 2265, 2269, 2277, 2280, 2281, 2293, 2294, 2299, 2300, 2303, 2313, 2317, 2318, 2319, 2323, 2324, 2326, 2330, 2340, 2341, 2343, 2355, 2358, 2359, 2360, 2361, 2375, 2382, 2391, 2395, 2401, 2410, 2415, 2422, 2427, 2439, 2446, 2455, 2458, 2464, 2468, 2473, 2484, 2486, 2492, 2496, 2498, 2500, 2509, 2516, 2517, 2520, 2535, 2541, 2544, 2549, 2552, 2556, 2573, 2578, 2587, 2592, 2594, 2595, 2601, 2610, 2611, 2617, 2621, 2625, 2628, 2629, 2633, 2636, 2641, 2643, 2645, 2656, 2658, 2659, 2671, 2678, 2679, 2682, 2689, 2692, 2696, 2700, 2701, 2703, 2706, 2711, 2714, 2717, 2723, 2724, 2726, 2732, 2733, 2735, 2745, 2747, 2752, 2755, 2760, 2762, 2767, 2768, 2785, 2787, 2795, 2799, 2803, 2810, 2817, 2821, 2827, 2828, 2836, 2839, 2846, 2847, 2857, 2868, 2873, 2877, 2878, 2886, 2888, 2894, 2895, 2897, 2902, 2909, 2920, 2925, 2927, 2929, 2939, 2941, 2948, 2953, 2957, 2958, 2960, 2965, 2975, 2980, 2982, 2983, 2989, 2992, 2994]），在 Operation(15)（Some(RaiseRollbackFloor)）之后 ; 新发现 CheckerViolations { invariants: ["I-3.1"] }：第一个种子 7（同签名的种子 [7, 15, 20, 26, 27, 38, 46, 51, 54, 56, 57, 62, 66, 68, 69, 71, 94, 97, 101, 114, 116, 118, 122, 124, 130, 132, 136, 137, 140, 145, 154, 158, 162, 167, 168, 175, 176, 187, 191, 198, 211, 212, 214, 219, 222, 228, 231, 233, 234, 236, 238, 242, 244, 249, 255, 256, 259, 261, 262, 268, 280, 284, 288, 294, 306, 325, 326, 331, 332, 339, 340, 344, 372, 373, 376, 380, 381, 384, 385, 387, 391, 404, 409, 412, 422, 440, 448, 451, 470, 475, 476, 493, 494, 498, 505, 506, 509, 510, 520, 522, 530, 536, 543, 545, 547, 548, 560, 564, 568, 569, 571, 575, 576, 579, 589, 608, 616, 619, 622, 624, 630, 633, 636, 637, 645, 648, 653, 661, 664, 671, 672, 678, 680, 682, 694, 706, 707, 708, 711, 716, 721, 724, 725, 726, 728, 736, 758, 759, 761, 765, 768, 772, 774, 779, 794, 796, 805, 809, 816, 825, 827, 831, 838, 846, 851, 855, 857, 859, 860, 876, 879, 880, 881, 882, 894, 896, 898, 899, 907, 919, 920, 938, 949, 952, 953, 955, 957, 959, 966, 973, 976, 980, 983, 985, 994, 998, 1006, 1007, 1015, 1017, 1020, 1021, 1024, 1032, 1038, 1043, 1054, 1056, 1059, 1061, 1062, 1076, 1083, 1090, 1096, 1102, 1109, 1111, 1114, 1115, 1117, 1118, 1123, 1124, 1130, 1134, 1138, 1140, 1155, 1165, 1166, 1168, 1181, 1182, 1189, 1190, 1198, 1207, 1213, 1221, 1222, 1225, 1227, 1228, 1230, 1231, 1238, 1241, 1250, 1265, 1266, 1280, 1298, 1313, 1315, 1320, 1323, 1325, 1337, 1341, 1342, 1343, 1344, 1351, 1355, 1356, 1358, 1376, 1377, 1378, 1387, 1390, 1392, 1396, 1400, 1404, 1409, 1410, 1412, 1421, 1422, 1430, 1431, 1432, 1436, 1442, 1443, 1446, 1458, 1466, 1484, 1486, 1489, 1490, 1493, 1498, 1500, 1502, 1504, 1505, 1509, 1516, 1524, 1528, 1533, 1536, 1539, 1541, 1543, 1550, 1557, 1569, 1570, 1582, 1589, 1597, 1599, 1612, 1614, 1617, 1618, 1622, 1638, 1639, 1648, 1650, 1660, 1666, 1672, 1685, 1694, 1695, 1701, 1712, 1720, 1727, 1732, 1733, 1734, 1735, 1739, 1740, 1742, 1744, 1746, 1752, 1754, 1760, 1768, 1769, 1773, 1777, 1783, 1785, 1790, 1797, 1805, 1813, 1817, 1819, 1822, 1826, 1833, 1834, 1835, 1837, 1841, 1850, 1867, 1877, 1885, 1887, 1891, 1892, 1894, 1901, 1905, 1907, 1913, 1914, 1917, 1920, 1926, 1930, 1931, 1945, 1946, 1959, 1963, 1965, 1976, 1977, 1979, 1980, 1981, 1984, 1989, 1994, 1997, 1998, 2008, 2011, 2012, 2016, 2022, 2023, 2029, 2031, 2032, 2038, 2039, 2040, 2042, 2043, 2049, 2062, 2066, 2079, 2086, 2087, 2090, 2096, 2106, 2108, 2110, 2112, 2113, 2120, 2124, 2126, 2128, 2143, 2144, 2146, 2151, 2158, 2159, 2165, 2178, 2180, 2182, 2183, 2189, 2194, 2200, 2203, 2208, 2209, 2212, 2215, 2229, 2231, 2234, 2243, 2246, 2252, 2260, 2264, 2265, 2269, 2277, 2280, 2281, 2293, 2294, 2299, 2300, 2303, 2313, 2317, 2318, 2319, 2323, 2324, 2326, 2330, 2340, 2341, 2343, 2355, 2358, 2359, 2360, 2361, 2375, 2382, 2391, 2395, 2401, 2410, 2415, 2422, 2427, 2439, 2446, 2455, 2458, 2464, 2468, 2473, 2484, 2486, 2492, 2496, 2498, 2500, 2509, 2516, 2517, 2520, 2535, 2541, 2544, 2549, 2552, 2556, 2573, 2578, 2587, 2592, 2594, 2595, 2601, 2610, 2611, 2617, 2621, 2625, 2628, 2629, 2633, 2636, 2641, 2643, 2645, 2656, 2658, 2659, 2671, 2678, 2679, 2682, 2689, 2692, 2696, 2700, 2701, 2703, 2706, 2711, 2714, 2717, 2723, 2724, 2726, 2732, 2733, 2735, 2745, 2747, 2752, 2755, 2760, 2762, 2767, 2768, 2785, 2787, 2795, 2799, 2803, 2810, 2817, 2821, 2827, 2828, 2836, 2839, 2846, 2847, 2857, 2868, 2873, 2877, 2878, 2886, 2888, 2894, 2895, 2897, 2902, 2909, 2920, 2925, 2927, 2929, 2939, 2941, 2948, 2953, 2957, 2958, 2960, 2965, 2975, 2980, 2982, 2983, 2989, 2992, 2994]），在 Operation(15)（Some(RaiseRollbackFloor)）之后	277.8s
A2	fast	101	历史 96 段：跑完 33、以已知红收尾 {0: 45, 1: 1}、新发现 17；根环转过一圈的 46 段；最高 txg 28	已知红第 0 条（增补 2 收口表第 ② 行（一次挂载转过一整圈根环时 checker 在合法状态上判 I-3.1 红））：45 段 ; 已知红第 1 条（增补 2 收口表第 43 行）：1 段 ; 已知红第 0 条（增补 2 收口表第 ② 行（一次挂载转过一整圈根环时 checker 在合法状态上判 I-3.1 红））：45 段 ; 已知红第 1 条（增补 2 收口表第 43 行）：1 段	新发现 CheckerViolations { invariants: ["I-3.1"] }：第一个种子 7（同签名的种子 [7, 15, 20, 26, 27, 38, 46, 51, 54, 56, 57, 62, 66, 68, 69, 71, 94]），在 Operation(15)（Some(RaiseRollbackFloor)）之后 ; 新发现 CheckerViolations { invariants: ["I-3.1"] }：第一个种子 7（同签名的种子 [7, 15, 20, 26, 27, 38, 46, 51, 54, 56, 57, 62, 66, 68, 69, 71, 94]），在 Operation(15)（Some(RaiseRollbackFloor)）之后	9.1s
A2	large 1000x60	101	历史 1000 段：跑完 277、以已知红收尾 {0: 513, 1: 12}、新发现 198；根环转过一圈的 514 段；最高 txg 28	已知红第 0 条（增补 2 收口表第 ② 行（一次挂载转过一整圈根环时 checker 在合法状态上判 I-3.1 红））：513 段 ; 已知红第 1 条（增补 2 收口表第 43 行）：12 段 ; 已知红第 0 条（增补 2 收口表第 ② 行（一次挂载转过一整圈根环时 checker 在合法状态上判 I-3.1 红））：513 段 ; 已知红第 1 条（增补 2 收口表第 43 行）：12 段	新发现 CheckerViolations { invariants: ["I-3.1"] }：第一个种子 7（同签名的种子 [7, 15, 20, 26, 27, 38, 46, 51, 54, 56, 57, 62, 66, 68, 69, 71, 94, 97, 101, 114, 116, 117, 118, 122, 124, 130, 132, 136, 137, 140, 145, 154, 158, 162, 167, 168, 175, 176, 187, 191, 198, 211, 212, 214, 219, 222, 228, 231, 233, 234, 236, 238, 242, 244, 249, 255, 256, 259, 261, 262, 268, 280, 284, 288, 294, 306, 325, 326, 331, 332, 339, 340, 344, 372, 373, 376, 380, 381, 384, 385, 387, 391, 404, 409, 412, 422, 440, 448, 451, 470, 475, 476, 493, 494, 498, 505, 506, 509, 510, 520, 522, 530, 536, 543, 545, 547, 548, 560, 564, 568, 569, 571, 575, 576, 579, 589, 608, 616, 619, 622, 624, 630, 633, 636, 637, 645, 648, 653, 661, 664, 671, 672, 678, 680, 682, 694, 706, 707, 708, 711, 716, 721, 724, 725, 726, 728, 736, 758, 759, 761, 765, 768, 772, 774, 779, 794, 796, 805, 809, 816, 825, 827, 831, 838, 846, 851, 855, 857, 859, 860, 876, 879, 880, 881, 882, 894, 896, 898, 899, 907, 919, 920, 924, 938, 949, 952, 953, 955, 957, 959, 966, 973, 976, 980, 983, 985, 994, 998]），在 Operation(15)（Some(RaiseRollbackFloor)）之后 ; 新发现 CheckerViolations { invariants: ["I-3.1"] }：第一个种子 7（同签名的种子 [7, 15, 20, 26, 27, 38, 46, 51, 54, 56, 57, 62, 66, 68, 69, 71, 94, 97, 101, 114, 116, 117, 118, 122, 124, 130, 132, 136, 137, 140, 145, 154, 158, 162, 167, 168, 175, 176, 187, 191, 198, 211, 212, 214, 219, 222, 228, 231, 233, 234, 236, 238, 242, 244, 249, 255, 256, 259, 261, 262, 268, 280, 284, 288, 294, 306, 325, 326, 331, 332, 339, 340, 344, 372, 373, 376, 380, 381, 384, 385, 387, 391, 404, 409, 412, 422, 440, 448, 451, 470, 475, 476, 493, 494, 498, 505, 506, 509, 510, 520, 522, 530, 536, 543, 545, 547, 548, 560, 564, 568, 569, 571, 575, 576, 579, 589, 608, 616, 619, 622, 624, 630, 633, 636, 637, 645, 648, 653, 661, 664, 671, 672, 678, 680, 682, 694, 706, 707, 708, 711, 716, 721, 724, 725, 726, 728, 736, 758, 759, 761, 765, 768, 772, 774, 779, 794, 796, 805, 809, 816, 825, 827, 831, 838, 846, 851, 855, 857, 859, 860, 876, 879, 880, 881, 882, 894, 896, 898, 899, 907, 919, 920, 924, 938, 949, 952, 953, 955, 957, 959, 966, 973, 976, 980, 983, 985, 994, 998]），在 Operation(15)（Some(RaiseRollbackFloor)）之后	39.9s
A2	large 3000x40	101	历史 3000 段：跑完 876、以已知红收尾 {0: 1485, 1: 28}、新发现 611；根环转过一圈的 1498 段；最高 txg 28	已知红第 0 条（增补 2 收口表第 ② 行（一次挂载转过一整圈根环时 checker 在合法状态上判 I-3.1 红））：1485 段 ; 已知红第 1 条（增补 2 收口表第 43 行）：28 段 ; 已知红第 0 条（增补 2 收口表第 ② 行（一次挂载转过一整圈根环时 checker 在合法状态上判 I-3.1 红））：1485 段 ; 已知红第 1 条（增补 2 收口表第 43 行）：28 段	新发现 CheckerViolations { invariants: ["I-3.1"] }：第一个种子 7（同签名的种子 [7, 15, 20, 26, 27, 38, 46, 51, 54, 56, 57, 62, 66, 68, 69, 71, 94, 97, 101, 114, 116, 118, 122, 124, 130, 132, 136, 137, 140, 145, 154, 158, 162, 167, 168, 175, 176, 187, 191, 198, 211, 212, 214, 219, 222, 228, 231, 233, 234, 236, 238, 242, 244, 249, 255, 256, 259, 261, 262, 268, 280, 284, 288, 294, 306, 325, 326, 331, 332, 339, 340, 344, 372, 373, 376, 380, 381, 384, 385, 387, 391, 404, 409, 412, 422, 440, 448, 451, 470, 475, 476, 493, 494, 498, 505, 506, 509, 510, 520, 522, 530, 536, 543, 545, 547, 548, 560, 564, 568, 569, 571, 575, 576, 579, 589, 608, 616, 619, 622, 624, 630, 633, 636, 637, 645, 648, 653, 661, 664, 671, 672, 678, 680, 682, 694, 706, 707, 708, 711, 716, 721, 724, 725, 726, 728, 736, 758, 759, 761, 765, 768, 772, 774, 779, 794, 796, 805, 809, 816, 825, 827, 831, 838, 846, 851, 855, 857, 859, 860, 876, 879, 880, 881, 882, 894, 896, 898, 899, 907, 919, 920, 938, 949, 952, 953, 955, 957, 959, 966, 973, 976, 980, 983, 985, 994, 998, 1006, 1007, 1015, 1017, 1020, 1021, 1024, 1032, 1038, 1043, 1054, 1056, 1059, 1061, 1062, 1076, 1083, 1090, 1096, 1102, 1109, 1111, 1114, 1115, 1117, 1118, 1123, 1124, 1130, 1134, 1138, 1140, 1155, 1165, 1166, 1168, 1181, 1182, 1189, 1190, 1198, 1207, 1213, 1221, 1222, 1225, 1227, 1228, 1230, 1231, 1238, 1241, 1250, 1265, 1266, 1280, 1298, 1313, 1315, 1320, 1323, 1325, 1337, 1341, 1342, 1343, 1344, 1351, 1355, 1356, 1358, 1376, 1377, 1378, 1387, 1390, 1392, 1396, 1400, 1404, 1409, 1410, 1412, 1421, 1422, 1430, 1431, 1432, 1436, 1442, 1443, 1446, 1458, 1466, 1484, 1486, 1489, 1490, 1493, 1498, 1500, 1502, 1504, 1505, 1509, 1516, 1524, 1528, 1533, 1536, 1539, 1541, 1543, 1550, 1557, 1569, 1570, 1582, 1589, 1597, 1599, 1612, 1614, 1617, 1618, 1622, 1638, 1639, 1648, 1650, 1660, 1666, 1672, 1685, 1694, 1695, 1701, 1712, 1720, 1727, 1732, 1733, 1734, 1735, 1739, 1740, 1742, 1744, 1746, 1752, 1754, 1760, 1768, 1769, 1773, 1777, 1783, 1785, 1790, 1797, 1805, 1813, 1817, 1819, 1822, 1826, 1833, 1834, 1835, 1837, 1841, 1850, 1867, 1877, 1885, 1887, 1891, 1892, 1894, 1901, 1905, 1907, 1913, 1914, 1917, 1920, 1926, 1930, 1931, 1945, 1946, 1959, 1963, 1965, 1976, 1977, 1979, 1980, 1981, 1984, 1989, 1994, 1997, 1998, 2008, 2011, 2012, 2016, 2022, 2023, 2029, 2031, 2032, 2038, 2039, 2040, 2042, 2043, 2049, 2062, 2066, 2079, 2086, 2087, 2090, 2096, 2106, 2108, 2110, 2112, 2113, 2120, 2124, 2126, 2128, 2143, 2144, 2146, 2151, 2158, 2159, 2165, 2178, 2180, 2182, 2183, 2189, 2194, 2200, 2203, 2208, 2209, 2212, 2215, 2229, 2231, 2234, 2243, 2246, 2252, 2260, 2264, 2265, 2269, 2277, 2280, 2281, 2293, 2294, 2299, 2300, 2303, 2313, 2317, 2318, 2319, 2323, 2324, 2326, 2330, 2340, 2341, 2343, 2355, 2358, 2359, 2360, 2361, 2375, 2382, 2391, 2395, 2401, 2410, 2415, 2422, 2427, 2439, 2446, 2455, 2458, 2464, 2468, 2473, 2484, 2486, 2492, 2496, 2498, 2500, 2509, 2516, 2517, 2520, 2535, 2541, 2544, 2549, 2552, 2556, 2573, 2578, 2587, 2592, 2594, 2595, 2601, 2610, 2611, 2617, 2621, 2625, 2628, 2629, 2633, 2636, 2641, 2643, 2645, 2656, 2658, 2659, 2671, 2678, 2679, 2682, 2689, 2692, 2696, 2700, 2701, 2703, 2706, 2711, 2714, 2717, 2723, 2724, 2726, 2732, 2733, 2735, 2745, 2747, 2752, 2755, 2760, 2762, 2767, 2768, 2785, 2787, 2795, 2799, 2803, 2810, 2817, 2821, 2827, 2828, 2836, 2839, 2846, 2847, 2857, 2868, 2873, 2877, 2878, 2886, 2888, 2894, 2895, 2897, 2902, 2909, 2920, 2925, 2927, 2929, 2939, 2941, 2948, 2953, 2957, 2958, 2960, 2965, 2975, 2980, 2982, 2983, 2989, 2992, 2994]），在 Operation(15)（Some(RaiseRollbackFloor)）之后 ; 新发现 CheckerViolations { invariants: ["I-3.1"] }：第一个种子 7（同签名的种子 [7, 15, 20, 26, 27, 38, 46, 51, 54, 56, 57, 62, 66, 68, 69, 71, 94, 97, 101, 114, 116, 118, 122, 124, 130, 132, 136, 137, 140, 145, 154, 158, 162, 167, 168, 175, 176, 187, 191, 198, 211, 212, 214, 219, 222, 228, 231, 233, 234, 236, 238, 242, 244, 249, 255, 256, 259, 261, 262, 268, 280, 284, 288, 294, 306, 325, 326, 331, 332, 339, 340, 344, 372, 373, 376, 380, 381, 384, 385, 387, 391, 404, 409, 412, 422, 440, 448, 451, 470, 475, 476, 493, 494, 498, 505, 506, 509, 510, 520, 522, 530, 536, 543, 545, 547, 548, 560, 564, 568, 569, 571, 575, 576, 579, 589, 608, 616, 619, 622, 624, 630, 633, 636, 637, 645, 648, 653, 661, 664, 671, 672, 678, 680, 682, 694, 706, 707, 708, 711, 716, 721, 724, 725, 726, 728, 736, 758, 759, 761, 765, 768, 772, 774, 779, 794, 796, 805, 809, 816, 825, 827, 831, 838, 846, 851, 855, 857, 859, 860, 876, 879, 880, 881, 882, 894, 896, 898, 899, 907, 919, 920, 938, 949, 952, 953, 955, 957, 959, 966, 973, 976, 980, 983, 985, 994, 998, 1006, 1007, 1015, 1017, 1020, 1021, 1024, 1032, 1038, 1043, 1054, 1056, 1059, 1061, 1062, 1076, 1083, 1090, 1096, 1102, 1109, 1111, 1114, 1115, 1117, 1118, 1123, 1124, 1130, 1134, 1138, 1140, 1155, 1165, 1166, 1168, 1181, 1182, 1189, 1190, 1198, 1207, 1213, 1221, 1222, 1225, 1227, 1228, 1230, 1231, 1238, 1241, 1250, 1265, 1266, 1280, 1298, 1313, 1315, 1320, 1323, 1325, 1337, 1341, 1342, 1343, 1344, 1351, 1355, 1356, 1358, 1376, 1377, 1378, 1387, 1390, 1392, 1396, 1400, 1404, 1409, 1410, 1412, 1421, 1422, 1430, 1431, 1432, 1436, 1442, 1443, 1446, 1458, 1466, 1484, 1486, 1489, 1490, 1493, 1498, 1500, 1502, 1504, 1505, 1509, 1516, 1524, 1528, 1533, 1536, 1539, 1541, 1543, 1550, 1557, 1569, 1570, 1582, 1589, 1597, 1599, 1612, 1614, 1617, 1618, 1622, 1638, 1639, 1648, 1650, 1660, 1666, 1672, 1685, 1694, 1695, 1701, 1712, 1720, 1727, 1732, 1733, 1734, 1735, 1739, 1740, 1742, 1744, 1746, 1752, 1754, 1760, 1768, 1769, 1773, 1777, 1783, 1785, 1790, 1797, 1805, 1813, 1817, 1819, 1822, 1826, 1833, 1834, 1835, 1837, 1841, 1850, 1867, 1877, 1885, 1887, 1891, 1892, 1894, 1901, 1905, 1907, 1913, 1914, 1917, 1920, 1926, 1930, 1931, 1945, 1946, 1959, 1963, 1965, 1976, 1977, 1979, 1980, 1981, 1984, 1989, 1994, 1997, 1998, 2008, 2011, 2012, 2016, 2022, 2023, 2029, 2031, 2032, 2038, 2039, 2040, 2042, 2043, 2049, 2062, 2066, 2079, 2086, 2087, 2090, 2096, 2106, 2108, 2110, 2112, 2113, 2120, 2124, 2126, 2128, 2143, 2144, 2146, 2151, 2158, 2159, 2165, 2178, 2180, 2182, 2183, 2189, 2194, 2200, 2203, 2208, 2209, 2212, 2215, 2229, 2231, 2234, 2243, 2246, 2252, 2260, 2264, 2265, 2269, 2277, 2280, 2281, 2293, 2294, 2299, 2300, 2303, 2313, 2317, 2318, 2319, 2323, 2324, 2326, 2330, 2340, 2341, 2343, 2355, 2358, 2359, 2360, 2361, 2375, 2382, 2391, 2395, 2401, 2410, 2415, 2422, 2427, 2439, 2446, 2455, 2458, 2464, 2468, 2473, 2484, 2486, 2492, 2496, 2498, 2500, 2509, 2516, 2517, 2520, 2535, 2541, 2544, 2549, 2552, 2556, 2573, 2578, 2587, 2592, 2594, 2595, 2601, 2610, 2611, 2617, 2621, 2625, 2628, 2629, 2633, 2636, 2641, 2643, 2645, 2656, 2658, 2659, 2671, 2678, 2679, 2682, 2689, 2692, 2696, 2700, 2701, 2703, 2706, 2711, 2714, 2717, 2723, 2724, 2726, 2732, 2733, 2735, 2745, 2747, 2752, 2755, 2760, 2762, 2767, 2768, 2785, 2787, 2795, 2799, 2803, 2810, 2817, 2821, 2827, 2828, 2836, 2839, 2846, 2847, 2857, 2868, 2873, 2877, 2878, 2886, 2888, 2894, 2895, 2897, 2902, 2909, 2920, 2925, 2927, 2929, 2939, 2941, 2948, 2953, 2957, 2958, 2960, 2965, 2975, 2980, 2982, 2983, 2989, 2992, 2994]），在 Operation(15)（Some(RaiseRollbackFloor)）之后	119.0s
B6	fast	101	历史 96 段：跑完 32、以已知红收尾 {0: 18, 1: 1}、新发现 45；根环转过一圈的 23 段；最高 txg 37	已知红第 0 条（增补 2 收口表第 ② 行（一次挂载转过一整圈根环时 checker 在合法状态上判 I-3.1 红））：18 段 ; 已知红第 1 条（增补 2 收口表第 43 行）：1 段 ; 已知红第 0 条（增补 2 收口表第 ② 行（一次挂载转过一整圈根环时 checker 在合法状态上判 I-3.1 红））：18 段 ; 已知红第 1 条（增补 2 收口表第 43 行）：1 段	新发现 CheckerViolations { invariants: ["冷启动读回"] }：第一个种子 0（同签名的种子 [0, 1, 2, 3, 7, 9, 11, 12, 13, 15, 17, 20, 25, 26, 27, 32, 36, 37, 38, 41, 42, 44, 48, 51, 54, 57, 61, 62, 63, 64, 66, 68, 69, 70, 73, 74, 77, 79, 81, 84, 86, 88, 89, 92, 93]），在 Operation(1)（Some(ColdStartRecover)）之后 ; 新发现 CheckerViolations { invariants: ["冷启动读回"] }：第一个种子 0（同签名的种子 [0, 1, 2, 3, 7, 9, 11, 12, 13, 15, 17, 20, 25, 26, 27, 32, 36, 37, 38, 41, 42, 44, 48, 51, 54, 57, 61, 62, 63, 64, 66, 68, 69, 70, 73, 74, 77, 79, 81, 84, 86, 88, 89, 92, 93]），在 Operation(1)（Some(ColdStartRecover)）之后	7.8s
B6	large 1000x60	101	历史 1000 段：跑完 277、以已知红收尾 {0: 271, 1: 7}、新发现 445；根环转过一圈的 305 段；最高 txg 52	已知红第 0 条（增补 2 收口表第 ② 行（一次挂载转过一整圈根环时 checker 在合法状态上判 I-3.1 红））：271 段 ; 已知红第 1 条（增补 2 收口表第 43 行）：7 段 ; 已知红第 0 条（增补 2 收口表第 ② 行（一次挂载转过一整圈根环时 checker 在合法状态上判 I-3.1 红））：271 段 ; 已知红第 1 条（增补 2 收口表第 43 行）：7 段	新发现 CheckerViolations { invariants: ["冷启动读回"] }：第一个种子 0（同签名的种子 [0, 1, 2, 3, 7, 9, 11, 12, 13, 15, 17, 20, 25, 26, 27, 32, 36, 37, 38, 41, 42, 44, 48, 51, 54, 56, 57, 61, 62, 63, 64, 66, 68, 69, 70, 73, 74, 77, 79, 81, 84, 85, 86, 88, 89, 92, 93, 96, 97, 98, 99, 101, 119, 122, 124, 127, 130, 132, 138, 139, 140, 142, 144, 146, 148, 154, 158, 164, 165, 166, 168, 169, 174, 176, 177, 180, 181, 187, 188, 189, 190, 191, 192, 193, 194, 195, 196, 198, 199, 201, 203, 204, 207, 209, 211, 212, 213, 214, 215, 217, 218, 220, 222, 224, 225, 228, 229, 230, 231, 232, 233, 234, 237, 238, 239, 240, 243, 244, 245, 252, 255, 256, 260, 261, 264, 265, 267, 271, 272, 275, 278, 279, 281, 282, 292, 293, 294, 296, 297, 298, 303, 306, 308, 313, 314, 315, 317, 322, 323, 326, 327, 328, 330, 331, 332, 334, 336, 337, 338, 339, 341, 343, 344, 345, 347, 350, 352, 355, 360, 367, 369, 371, 377, 380, 382, 385, 387, 388, 389, 391, 392, 394, 395, 399, 405, 406, 408, 411, 418, 420, 421, 422, 423, 430, 432, 433, 437, 439, 440, 441, 443, 444, 446, 449, 451, 452, 453, 455, 457, 458, 460, 461, 462, 464, 465, 466, 469, 470, 472, 473, 476, 481, 483, 484, 486, 487, 488, 490, 498, 500, 501, 505, 506, 507, 508, 509, 510, 513, 514, 516, 517, 519, 520, 521, 522, 524, 526, 528, 530, 531, 538, 540, 541, 542, 545, 547, 548, 549, 550, 551, 552, 556, 557, 558, 560, 561, 562, 564, 567, 575, 576, 580, 581, 582, 585, 586, 589, 591, 598, 605, 606, 607, 608, 613, 619, 622, 623, 624, 625, 628, 630, 634, 637, 642, 645, 649, 650, 651, 653, 655, 657, 661, 662, 664, 666, 667, 671, 672, 674, 675, 676, 678, 682, 685, 688, 689, 690, 691, 694, 696, 697, 698, 700, 703, 704, 705, 708, 711, 713, 714, 721, 724, 726, 727, 728, 729, 732, 733, 736, 740, 741, 743, 744, 749, 752, 759, 760, 761, 762, 765, 767, 769, 770, 772, 775, 776, 779, 780, 782, 790, 793, 794, 797, 798, 799, 803, 804, 806, 808, 809, 810, 812, 817, 827, 832, 835, 837, 838, 839, 842, 843, 849, 851, 855, 856, 857, 864, 865, 869, 875, 876, 878, 879, 880, 881, 882, 883, 886, 887, 889, 890, 894, 895, 896, 898, 899, 904, 905, 906, 911, 913, 918, 919, 920, 921, 931, 937, 938, 945, 948, 951, 953, 954, 955, 957, 958, 961, 966, 967, 968, 971, 972, 973, 976, 977, 979, 980, 981, 982, 986, 988, 990, 992, 994, 995]），在 Operation(1)（Some(ColdStartRecover)）之后 ; 新发现 CheckerViolations { invariants: ["冷启动读回"] }：第一个种子 0（同签名的种子 [0, 1, 2, 3, 7, 9, 11, 12, 13, 15, 17, 20, 25, 26, 27, 32, 36, 37, 38, 41, 42, 44, 48, 51, 54, 56, 57, 61, 62, 63, 64, 66, 68, 69, 70, 73, 74, 77, 79, 81, 84, 85, 86, 88, 89, 92, 93, 96, 97, 98, 99, 101, 119, 122, 124, 127, 130, 132, 138, 139, 140, 142, 144, 146, 148, 154, 158, 164, 165, 166, 168, 169, 174, 176, 177, 180, 181, 187, 188, 189, 190, 191, 192, 193, 194, 195, 196, 198, 199, 201, 203, 204, 207, 209, 211, 212, 213, 214, 215, 217, 218, 220, 222, 224, 225, 228, 229, 230, 231, 232, 233, 234, 237, 238, 239, 240, 243, 244, 245, 252, 255, 256, 260, 261, 264, 265, 267, 271, 272, 275, 278, 279, 281, 282, 292, 293, 294, 296, 297, 298, 303, 306, 308, 313, 314, 315, 317, 322, 323, 326, 327, 328, 330, 331, 332, 334, 336, 337, 338, 339, 341, 343, 344, 345, 347, 350, 352, 355, 360, 367, 369, 371, 377, 380, 382, 385, 387, 388, 389, 391, 392, 394, 395, 399, 405, 406, 408, 411, 418, 420, 421, 422, 423, 430, 432, 433, 437, 439, 440, 441, 443, 444, 446, 449, 451, 452, 453, 455, 457, 458, 460, 461, 462, 464, 465, 466, 469, 470, 472, 473, 476, 481, 483, 484, 486, 487, 488, 490, 498, 500, 501, 505, 506, 507, 508, 509, 510, 513, 514, 516, 517, 519, 520, 521, 522, 524, 526, 528, 530, 531, 538, 540, 541, 542, 545, 547, 548, 549, 550, 551, 552, 556, 557, 558, 560, 561, 562, 564, 567, 575, 576, 580, 581, 582, 585, 586, 589, 591, 598, 605, 606, 607, 608, 613, 619, 622, 623, 624, 625, 628, 630, 634, 637, 642, 645, 649, 650, 651, 653, 655, 657, 661, 662, 664, 666, 667, 671, 672, 674, 675, 676, 678, 682, 685, 688, 689, 690, 691, 694, 696, 697, 698, 700, 703, 704, 705, 708, 711, 713, 714, 721, 724, 726, 727, 728, 729, 732, 733, 736, 740, 741, 743, 744, 749, 752, 759, 760, 761, 762, 765, 767, 769, 770, 772, 775, 776, 779, 780, 782, 790, 793, 794, 797, 798, 799, 803, 804, 806, 808, 809, 810, 812, 817, 827, 832, 835, 837, 838, 839, 842, 843, 849, 851, 855, 856, 857, 864, 865, 869, 875, 876, 878, 879, 880, 881, 882, 883, 886, 887, 889, 890, 894, 895, 896, 898, 899, 904, 905, 906, 911, 913, 918, 919, 920, 921, 931, 937, 938, 945, 948, 951, 953, 954, 955, 957, 958, 961, 966, 967, 968, 971, 972, 973, 976, 977, 979, 980, 981, 982, 986, 988, 990, 992, 994, 995]），在 Operation(1)（Some(ColdStartRecover)）之后	32.0s
B6	large 3000x40	101	历史 3000 段：跑完 886、以已知红收尾 {0: 762, 1: 19}、新发现 1333；根环转过一圈的 934 段；最高 txg 50	已知红第 0 条（增补 2 收口表第 ② 行（一次挂载转过一整圈根环时 checker 在合法状态上判 I-3.1 红））：762 段 ; 已知红第 1 条（增补 2 收口表第 43 行）：19 段 ; 已知红第 0 条（增补 2 收口表第 ② 行（一次挂载转过一整圈根环时 checker 在合法状态上判 I-3.1 红））：762 段 ; 已知红第 1 条（增补 2 收口表第 43 行）：19 段	新发现 CheckerViolations { invariants: ["冷启动读回"] }：第一个种子 0（同签名的种子 [0, 1, 2, 3, 7, 9, 11, 12, 13, 15, 17, 20, 25, 26, 27, 32, 36, 37, 38, 41, 42, 44, 48, 51, 54, 57, 61, 62, 63, 64, 66, 68, 69, 70, 73, 74, 77, 79, 81, 84, 85, 86, 88, 89, 92, 93, 96, 97, 98, 99, 101, 119, 122, 124, 127, 130, 132, 138, 139, 140, 142, 144, 146, 148, 154, 158, 164, 165, 166, 168, 169, 174, 176, 177, 180, 181, 187, 188, 189, 190, 191, 192, 193, 194, 195, 196, 198, 199, 201, 203, 204, 207, 209, 211, 212, 213, 214, 215, 217, 218, 220, 222, 224, 225, 228, 229, 230, 231, 232, 233, 234, 237, 238, 239, 240, 243, 244, 245, 252, 255, 256, 260, 261, 264, 265, 267, 271, 272, 275, 278, 279, 281, 282, 292, 293, 294, 296, 297, 298, 303, 306, 308, 313, 314, 315, 317, 322, 323, 326, 327, 328, 330, 331, 332, 334, 336, 337, 338, 339, 341, 343, 344, 345, 347, 350, 352, 355, 360, 367, 369, 371, 377, 380, 382, 385, 387, 388, 389, 391, 392, 394, 395, 399, 405, 406, 408, 411, 418, 420, 421, 422, 423, 430, 432, 433, 437, 439, 440, 441, 443, 444, 446, 449, 451, 452, 453, 455, 457, 458, 460, 461, 462, 464, 465, 466, 469, 470, 473, 476, 481, 483, 484, 486, 487, 488, 490, 498, 500, 501, 505, 506, 507, 508, 509, 510, 513, 514, 516, 517, 519, 520, 521, 522, 524, 526, 528, 530, 531, 538, 540, 541, 542, 545, 547, 548, 549, 550, 551, 552, 556, 557, 558, 560, 561, 562, 564, 567, 575, 576, 580, 581, 582, 585, 586, 591, 598, 605, 606, 607, 608, 613, 619, 622, 623, 624, 625, 628, 630, 634, 637, 642, 645, 649, 650, 651, 653, 655, 657, 661, 662, 664, 666, 667, 671, 672, 674, 675, 676, 678, 682, 685, 688, 689, 690, 691, 694, 696, 697, 698, 700, 703, 704, 705, 708, 711, 713, 714, 721, 724, 726, 727, 728, 729, 732, 733, 736, 740, 741, 743, 744, 749, 752, 759, 760, 761, 762, 765, 767, 769, 770, 772, 775, 776, 779, 780, 782, 790, 793, 794, 797, 798, 799, 803, 804, 806, 808, 809, 810, 812, 817, 827, 832, 835, 837, 838, 839, 842, 843, 849, 851, 855, 856, 857, 864, 865, 869, 875, 876, 878, 879, 880, 881, 882, 883, 886, 887, 889, 890, 894, 895, 896, 898, 899, 904, 905, 906, 911, 913, 918, 919, 920, 921, 931, 937, 945, 948, 951, 953, 954, 955, 957, 958, 961, 966, 967, 968, 971, 972, 973, 976, 977, 979, 980, 981, 982, 986, 988, 990, 992, 994, 995, 1001, 1002, 1004, 1005, 1006, 1007, 1013, 1014, 1015, 1017, 1019, 1021, 1022, 1023, 1026, 1029, 1030, 1031, 1032, 1033, 1035, 1040, 1042, 1045, 1047, 1049, 1054, 1056, 1059, 1060, 1061, 1068, 1069, 1070, 1071, 1078, 1080, 1084, 1085, 1089, 1090, 1092, 1096, 1101, 1102, 1103, 1105, 1106, 1108, 1109, 1110, 1113, 1117, 1119, 1120, 1121, 1123, 1124, 1125, 1127, 1130, 1134, 1135, 1138, 1143, 1150, 1152, 1154, 1155, 1156, 1157, 1162, 1166, 1168, 1170, 1172, 1173, 1174, 1175, 1176, 1179, 1181, 1184, 1185, 1187, 1188, 1189, 1190, 1191, 1192, 1193, 1194, 1198, 1201, 1207, 1209, 1212, 1213, 1216, 1217, 1222, 1225, 1228, 1229, 1231, 1232, 1234, 1235, 1236, 1237, 1238, 1240, 1242, 1244, 1248, 1249, 1253, 1255, 1258, 1259, 1260, 1264, 1265, 1266, 1269, 1270, 1272, 1275, 1276, 1277, 1280, 1289, 1290, 1291, 1293, 1294, 1296, 1298, 1299, 1303, 1305, 1309, 1310, 1311, 1312, 1314, 1315, 1317, 1320, 1322, 1325, 1328, 1329, 1332, 1333, 1336, 1337, 1338, 1340, 1342, 1346, 1347, 1348, 1349, 1351, 1353, 1355, 1356, 1357, 1362, 1363, 1364, 1365, 1369, 1370, 1371, 1374, 1375, 1376, 1378, 1380, 1381, 1382, 1383, 1384, 1387, 1392, 1395, 1397, 1398, 1400, 1401, 1402, 1406, 1410, 1411, 1412, 1415, 1421, 1422, 1423, 1424, 1430, 1433, 1434, 1436, 1438, 1441, 1443, 1448, 1452, 1453, 1458, 1460, 1462, 1464, 1465, 1474, 1477, 1480, 1482, 1485, 1487, 1489, 1491, 1493, 1494, 1497, 1498, 1500, 1502, 1508, 1509, 1510, 1511, 1512, 1513, 1516, 1518, 1523, 1527, 1533, 1534, 1535, 1539, 1542, 1543, 1546, 1548, 1550, 1551, 1554, 1556, 1557, 1558, 1559, 1560, 1563, 1569, 1570, 1573, 1575, 1578, 1579, 1583, 1584, 1585, 1586, 1590, 1591, 1593, 1594, 1601, 1606, 1608, 1610, 1611, 1614, 1616, 1617, 1622, 1623, 1624, 1625, 1627, 1629, 1636, 1639, 1641, 1642, 1643, 1646, 1649, 1652, 1656, 1657, 1660, 1662, 1664, 1669, 1671, 1674, 1676, 1678, 1679, 1686, 1688, 1689, 1690, 1691, 1692, 1694, 1695, 1696, 1699, 1701, 1703, 1704, 1706, 1709, 1710, 1712, 1713, 1716, 1717, 1719, 1723, 1724, 1725, 1727, 1730, 1731, 1732, 1734, 1735, 1736, 1737, 1740, 1742, 1743, 1746, 1748, 1752, 1753, 1754, 1760, 1767, 1768, 1770, 1773, 1776, 1777, 1780, 1783, 1785, 1786, 1787, 1792, 1793, 1795, 1796, 1802, 1803, 1805, 1807, 1808, 1818, 1819, 1822, 1825, 1828, 1831, 1833, 1836, 1840, 1841, 1842, 1846, 1849, 1850, 1853, 1856, 1859, 1860, 1862, 1865, 1866, 1870, 1871, 1876, 1877, 1882, 1886, 1889, 1891, 1892, 1900, 1901, 1902, 1904, 1907, 1908, 1912, 1913, 1915, 1917, 1920, 1921, 1922, 1923, 1926, 1927, 1933, 1934, 1937, 1940, 1941, 1942, 1949, 1951, 1953, 1956, 1959, 1962, 1965, 1968, 1969, 1972, 1974, 1975, 1976, 1977, 1978, 1979, 1981, 1984, 1986, 1987, 1990, 1992, 1993, 1995, 1997, 1998, 2000, 2003, 2006, 2008, 2009, 2010, 2011, 2015, 2021, 2023, 2025, 2026, 2027, 2029, 2032, 2034, 2038, 2040, 2042, 2043, 2044, 2045, 2050, 2051, 2054, 2060, 2064, 2066, 2072, 2077, 2079, 2080, 2081, 2088, 2089, 2091, 2096, 2098, 2100, 2102, 2103, 2107, 2109, 2110, 2112, 2113, 2114, 2115, 2119, 2120, 2125, 2126, 2128, 2129, 2131, 2133, 2134, 2135, 2136, 2137, 2142, 2143, 2144, 2146, 2147, 2155, 2157, 2158, 2164, 2165, 2169, 2172, 2173, 2176, 2179, 2180, 2192, 2194, 2195, 2198, 2199, 2203, 2205, 2209, 2210, 2212, 2213, 2215, 2216, 2217, 2219, 2222, 2229, 2230, 2231, 2232, 2235, 2238, 2241, 2242, 2243, 2245, 2246, 2252, 2256, 2259, 2260, 2262, 2266, 2269, 2273, 2276, 2277, 2279, 2280, 2281, 2282, 2284, 2285, 2286, 2287, 2292, 2294, 2296, 2299, 2300, 2301, 2303, 2305, 2306, 2307, 2308, 2309, 2312, 2317, 2318, 2319, 2320, 2322, 2324, 2329, 2332, 2334, 2337, 2340, 2341, 2342, 2343, 2345, 2349, 2352, 2353, 2358, 2361, 2362, 2363, 2365, 2366, 2367, 2370, 2371, 2372, 2377, 2384, 2385, 2386, 2387, 2388, 2389, 2391, 2392, 2394, 2395, 2396, 2398, 2400, 2401, 2405, 2407, 2408, 2412, 2413, 2414, 2416, 2417, 2418, 2420, 2421, 2426, 2434, 2436, 2437, 2438, 2440, 2442, 2445, 2446, 2448, 2450, 2454, 2456, 2458, 2465, 2469, 2472, 2473, 2475, 2478, 2480, 2481, 2483, 2484, 2485, 2486, 2487, 2488, 2492, 2495, 2496, 2497, 2498, 2500, 2505, 2507, 2510, 2511, 2512, 2514, 2515, 2516, 2518, 2522, 2526, 2530, 2534, 2535, 2538, 2539, 2541, 2542, 2543, 2548, 2549, 2551, 2552, 2556, 2562, 2564, 2566, 2569, 2570, 2572, 2573, 2575, 2578, 2579, 2580, 2581, 2587, 2589, 2590, 2594, 2595, 2597, 2601, 2604, 2605, 2606, 2608, 2611, 2612, 2614, 2617, 2618, 2621, 2624, 2625, 2627, 2633, 2636, 2637, 2638, 2639, 2640, 2641, 2642, 2643, 2645, 2646, 2647, 2650, 2651, 2658, 2659, 2662, 2663, 2671, 2673, 2674, 2675, 2676, 2679, 2682, 2683, 2686, 2688, 2689, 2690, 2691, 2692, 2695, 2699, 2700, 2703, 2705, 2710, 2713, 2715, 2718, 2719, 2725, 2726, 2727, 2729, 2730, 2734, 2735, 2736, 2740, 2744, 2745, 2750, 2751, 2752, 2758, 2759, 2760, 2762, 2765, 2767, 2768, 2778, 2780, 2785, 2786, 2787, 2789, 2790, 2791, 2792, 2794, 2796, 2797, 2799, 2800, 2801, 2802, 2803, 2804, 2806, 2815, 2816, 2817, 2819, 2824, 2826, 2827, 2828, 2837, 2839, 2841, 2842, 2843, 2844, 2847, 2849, 2851, 2857, 2859, 2862, 2864, 2867, 2869, 2871, 2873, 2874, 2875, 2876, 2879, 2881, 2882, 2884, 2887, 2890, 2891, 2892, 2894, 2895, 2896, 2897, 2900, 2901, 2905, 2906, 2907, 2908, 2909, 2911, 2916, 2917, 2918, 2920, 2921, 2923, 2924, 2925, 2928, 2929, 2930, 2932, 2934, 2935, 2939, 2944, 2946, 2948, 2951, 2957, 2958, 2959, 2962, 2963, 2967, 2969, 2971, 2972, 2973, 2974, 2980, 2983, 2984, 2986, 2989, 2990, 2991, 2993, 2997, 2999]），在 Operation(1)（Some(ColdStartRecover)）之后 ; 新发现 CheckerViolations { invariants: ["冷启动读回"] }：第一个种子 0（同签名的种子 [0, 1, 2, 3, 7, 9, 11, 12, 13, 15, 17, 20, 25, 26, 27, 32, 36, 37, 38, 41, 42, 44, 48, 51, 54, 57, 61, 62, 63, 64, 66, 68, 69, 70, 73, 74, 77, 79, 81, 84, 85, 86, 88, 89, 92, 93, 96, 97, 98, 99, 101, 119, 122, 124, 127, 130, 132, 138, 139, 140, 142, 144, 146, 148, 154, 158, 164, 165, 166, 168, 169, 174, 176, 177, 180, 181, 187, 188, 189, 190, 191, 192, 193, 194, 195, 196, 198, 199, 201, 203, 204, 207, 209, 211, 212, 213, 214, 215, 217, 218, 220, 222, 224, 225, 228, 229, 230, 231, 232, 233, 234, 237, 238, 239, 240, 243, 244, 245, 252, 255, 256, 260, 261, 264, 265, 267, 271, 272, 275, 278, 279, 281, 282, 292, 293, 294, 296, 297, 298, 303, 306, 308, 313, 314, 315, 317, 322, 323, 326, 327, 328, 330, 331, 332, 334, 336, 337, 338, 339, 341, 343, 344, 345, 347, 350, 352, 355, 360, 367, 369, 371, 377, 380, 382, 385, 387, 388, 389, 391, 392, 394, 395, 399, 405, 406, 408, 411, 418, 420, 421, 422, 423, 430, 432, 433, 437, 439, 440, 441, 443, 444, 446, 449, 451, 452, 453, 455, 457, 458, 460, 461, 462, 464, 465, 466, 469, 470, 473, 476, 481, 483, 484, 486, 487, 488, 490, 498, 500, 501, 505, 506, 507, 508, 509, 510, 513, 514, 516, 517, 519, 520, 521, 522, 524, 526, 528, 530, 531, 538, 540, 541, 542, 545, 547, 548, 549, 550, 551, 552, 556, 557, 558, 560, 561, 562, 564, 567, 575, 576, 580, 581, 582, 585, 586, 591, 598, 605, 606, 607, 608, 613, 619, 622, 623, 624, 625, 628, 630, 634, 637, 642, 645, 649, 650, 651, 653, 655, 657, 661, 662, 664, 666, 667, 671, 672, 674, 675, 676, 678, 682, 685, 688, 689, 690, 691, 694, 696, 697, 698, 700, 703, 704, 705, 708, 711, 713, 714, 721, 724, 726, 727, 728, 729, 732, 733, 736, 740, 741, 743, 744, 749, 752, 759, 760, 761, 762, 765, 767, 769, 770, 772, 775, 776, 779, 780, 782, 790, 793, 794, 797, 798, 799, 803, 804, 806, 808, 809, 810, 812, 817, 827, 832, 835, 837, 838, 839, 842, 843, 849, 851, 855, 856, 857, 864, 865, 869, 875, 876, 878, 879, 880, 881, 882, 883, 886, 887, 889, 890, 894, 895, 896, 898, 899, 904, 905, 906, 911, 913, 918, 919, 920, 921, 931, 937, 945, 948, 951, 953, 954, 955, 957, 958, 961, 966, 967, 968, 971, 972, 973, 976, 977, 979, 980, 981, 982, 986, 988, 990, 992, 994, 995, 1001, 1002, 1004, 1005, 1006, 1007, 1013, 1014, 1015, 1017, 1019, 1021, 1022, 1023, 1026, 1029, 1030, 1031, 1032, 1033, 1035, 1040, 1042, 1045, 1047, 1049, 1054, 1056, 1059, 1060, 1061, 1068, 1069, 1070, 1071, 1078, 1080, 1084, 1085, 1089, 1090, 1092, 1096, 1101, 1102, 1103, 1105, 1106, 1108, 1109, 1110, 1113, 1117, 1119, 1120, 1121, 1123, 1124, 1125, 1127, 1130, 1134, 1135, 1138, 1143, 1150, 1152, 1154, 1155, 1156, 1157, 1162, 1166, 1168, 1170, 1172, 1173, 1174, 1175, 1176, 1179, 1181, 1184, 1185, 1187, 1188, 1189, 1190, 1191, 1192, 1193, 1194, 1198, 1201, 1207, 1209, 1212, 1213, 1216, 1217, 1222, 1225, 1228, 1229, 1231, 1232, 1234, 1235, 1236, 1237, 1238, 1240, 1242, 1244, 1248, 1249, 1253, 1255, 1258, 1259, 1260, 1264, 1265, 1266, 1269, 1270, 1272, 1275, 1276, 1277, 1280, 1289, 1290, 1291, 1293, 1294, 1296, 1298, 1299, 1303, 1305, 1309, 1310, 1311, 1312, 1314, 1315, 1317, 1320, 1322, 1325, 1328, 1329, 1332, 1333, 1336, 1337, 1338, 1340, 1342, 1346, 1347, 1348, 1349, 1351, 1353, 1355, 1356, 1357, 1362, 1363, 1364, 1365, 1369, 1370, 1371, 1374, 1375, 1376, 1378, 1380, 1381, 1382, 1383, 1384, 1387, 1392, 1395, 1397, 1398, 1400, 1401, 1402, 1406, 1410, 1411, 1412, 1415, 1421, 1422, 1423, 1424, 1430, 1433, 1434, 1436, 1438, 1441, 1443, 1448, 1452, 1453, 1458, 1460, 1462, 1464, 1465, 1474, 1477, 1480, 1482, 1485, 1487, 1489, 1491, 1493, 1494, 1497, 1498, 1500, 1502, 1508, 1509, 1510, 1511, 1512, 1513, 1516, 1518, 1523, 1527, 1533, 1534, 1535, 1539, 1542, 1543, 1546, 1548, 1550, 1551, 1554, 1556, 1557, 1558, 1559, 1560, 1563, 1569, 1570, 1573, 1575, 1578, 1579, 1583, 1584, 1585, 1586, 1590, 1591, 1593, 1594, 1601, 1606, 1608, 1610, 1611, 1614, 1616, 1617, 1622, 1623, 1624, 1625, 1627, 1629, 1636, 1639, 1641, 1642, 1643, 1646, 1649, 1652, 1656, 1657, 1660, 1662, 1664, 1669, 1671, 1674, 1676, 1678, 1679, 1686, 1688, 1689, 1690, 1691, 1692, 1694, 1695, 1696, 1699, 1701, 1703, 1704, 1706, 1709, 1710, 1712, 1713, 1716, 1717, 1719, 1723, 1724, 1725, 1727, 1730, 1731, 1732, 1734, 1735, 1736, 1737, 1740, 1742, 1743, 1746, 1748, 1752, 1753, 1754, 1760, 1767, 1768, 1770, 1773, 1776, 1777, 1780, 1783, 1785, 1786, 1787, 1792, 1793, 1795, 1796, 1802, 1803, 1805, 1807, 1808, 1818, 1819, 1822, 1825, 1828, 1831, 1833, 1836, 1840, 1841, 1842, 1846, 1849, 1850, 1853, 1856, 1859, 1860, 1862, 1865, 1866, 1870, 1871, 1876, 1877, 1882, 1886, 1889, 1891, 1892, 1900, 1901, 1902, 1904, 1907, 1908, 1912, 1913, 1915, 1917, 1920, 1921, 1922, 1923, 1926, 1927, 1933, 1934, 1937, 1940, 1941, 1942, 1949, 1951, 1953, 1956, 1959, 1962, 1965, 1968, 1969, 1972, 1974, 1975, 1976, 1977, 1978, 1979, 1981, 1984, 1986, 1987, 1990, 1992, 1993, 1995, 1997, 1998, 2000, 2003, 2006, 2008, 2009, 2010, 2011, 2015, 2021, 2023, 2025, 2026, 2027, 2029, 2032, 2034, 2038, 2040, 2042, 2043, 2044, 2045, 2050, 2051, 2054, 2060, 2064, 2066, 2072, 2077, 2079, 2080, 2081, 2088, 2089, 2091, 2096, 2098, 2100, 2102, 2103, 2107, 2109, 2110, 2112, 2113, 2114, 2115, 2119, 2120, 2125, 2126, 2128, 2129, 2131, 2133, 2134, 2135, 2136, 2137, 2142, 2143, 2144, 2146, 2147, 2155, 2157, 2158, 2164, 2165, 2169, 2172, 2173, 2176, 2179, 2180, 2192, 2194, 2195, 2198, 2199, 2203, 2205, 2209, 2210, 2212, 2213, 2215, 2216, 2217, 2219, 2222, 2229, 2230, 2231, 2232, 2235, 2238, 2241, 2242, 2243, 2245, 2246, 2252, 2256, 2259, 2260, 2262, 2266, 2269, 2273, 2276, 2277, 2279, 2280, 2281, 2282, 2284, 2285, 2286, 2287, 2292, 2294, 2296, 2299, 2300, 2301, 2303, 2305, 2306, 2307, 2308, 2309, 2312, 2317, 2318, 2319, 2320, 2322, 2324, 2329, 2332, 2334, 2337, 2340, 2341, 2342, 2343, 2345, 2349, 2352, 2353, 2358, 2361, 2362, 2363, 2365, 2366, 2367, 2370, 2371, 2372, 2377, 2384, 2385, 2386, 2387, 2388, 2389, 2391, 2392, 2394, 2395, 2396, 2398, 2400, 2401, 2405, 2407, 2408, 2412, 2413, 2414, 2416, 2417, 2418, 2420, 2421, 2426, 2434, 2436, 2437, 2438, 2440, 2442, 2445, 2446, 2448, 2450, 2454, 2456, 2458, 2465, 2469, 2472, 2473, 2475, 2478, 2480, 2481, 2483, 2484, 2485, 2486, 2487, 2488, 2492, 2495, 2496, 2497, 2498, 2500, 2505, 2507, 2510, 2511, 2512, 2514, 2515, 2516, 2518, 2522, 2526, 2530, 2534, 2535, 2538, 2539, 2541, 2542, 2543, 2548, 2549, 2551, 2552, 2556, 2562, 2564, 2566, 2569, 2570, 2572, 2573, 2575, 2578, 2579, 2580, 2581, 2587, 2589, 2590, 2594, 2595, 2597, 2601, 2604, 2605, 2606, 2608, 2611, 2612, 2614, 2617, 2618, 2621, 2624, 2625, 2627, 2633, 2636, 2637, 2638, 2639, 2640, 2641, 2642, 2643, 2645, 2646, 2647, 2650, 2651, 2658, 2659, 2662, 2663, 2671, 2673, 2674, 2675, 2676, 2679, 2682, 2683, 2686, 2688, 2689, 2690, 2691, 2692, 2695, 2699, 2700, 2703, 2705, 2710, 2713, 2715, 2718, 2719, 2725, 2726, 2727, 2729, 2730, 2734, 2735, 2736, 2740, 2744, 2745, 2750, 2751, 2752, 2758, 2759, 2760, 2762, 2765, 2767, 2768, 2778, 2780, 2785, 2786, 2787, 2789, 2790, 2791, 2792, 2794, 2796, 2797, 2799, 2800, 2801, 2802, 2803, 2804, 2806, 2815, 2816, 2817, 2819, 2824, 2826, 2827, 2828, 2837, 2839, 2841, 2842, 2843, 2844, 2847, 2849, 2851, 2857, 2859, 2862, 2864, 2867, 2869, 2871, 2873, 2874, 2875, 2876, 2879, 2881, 2882, 2884, 2887, 2890, 2891, 2892, 2894, 2895, 2896, 2897, 2900, 2901, 2905, 2906, 2907, 2908, 2909, 2911, 2916, 2917, 2918, 2920, 2921, 2923, 2924, 2925, 2928, 2929, 2930, 2932, 2934, 2935, 2939, 2944, 2946, 2948, 2951, 2957, 2958, 2959, 2962, 2963, 2967, 2969, 2971, 2972, 2973, 2974, 2980, 2983, 2984, 2986, 2989, 2990, 2991, 2993, 2997, 2999]），在 Operation(1)（Some(ColdStartRecover)）之后	82.8s
B1	fast	101	历史 96 段：跑完 53、以已知红收尾 {0: 43}、新发现 0；根环转过一圈的 59 段；最高 txg 37	已知红第 0 条（增补 2 收口表第 ② 行（一次挂载转过一整圈根环时 checker 在合法状态上判 I-3.1 红））：43 段 ; 已知红第 1 条（增补 2 收口表第 43 行）：0 段		6.6s
B1	large 1000x60	0	历史 1000 段：跑完 303、以已知红收尾 {0: 685, 1: 12}、新发现 0；根环转过一圈的 692 段；最高 txg 59	已知红第 0 条（增补 2 收口表第 ② 行（一次挂载转过一整圈根环时 checker 在合法状态上判 I-3.1 红））：685 段 ; 已知红第 1 条（增补 2 收口表第 43 行）：12 段		48.8s
B1	large 3000x40	0	历史 3000 段：跑完 1137、以已知红收尾 {0: 1832, 1: 31}、新发现 0；根环转过一圈的 2017 段；最高 txg 49	已知红第 0 条（增补 2 收口表第 ② 行（一次挂载转过一整圈根环时 checker 在合法状态上判 I-3.1 红））：1832 段 ; 已知红第 1 条（增补 2 收口表第 43 行）：31 段		136.9s
A5	fast	101	历史 96 段：跑完 33、以已知红收尾 {0: 43, 1: 1}、新发现 19；根环转过一圈的 44 段；最高 txg 28	已知红第 0 条（增补 2 收口表第 ② 行（一次挂载转过一整圈根环时 checker 在合法状态上判 I-3.1 红））：43 段 ; 已知红第 1 条（增补 2 收口表第 43 行）：1 段 ; 已知红第 0 条（增补 2 收口表第 ② 行（一次挂载转过一整圈根环时 checker 在合法状态上判 I-3.1 红））：43 段 ; 已知红第 1 条（增补 2 收口表第 43 行）：1 段	新发现 CheckerViolations { invariants: ["I-3.1"] }：第一个种子 7（同签名的种子 [7, 15, 20, 26, 27, 38, 46, 51, 54, 56, 57, 62, 64, 65, 66, 68, 69, 71, 94]），在 Operation(15)（Some(RaiseRollbackFloor)）之后 ; 新发现 CheckerViolations { invariants: ["I-3.1"] }：第一个种子 7（同签名的种子 [7, 15, 20, 26, 27, 38, 46, 51, 54, 56, 57, 62, 64, 65, 66, 68, 69, 71, 94]），在 Operation(15)（Some(RaiseRollbackFloor)）之后	8.5s
A5	large 1000x60	101	历史 1000 段：跑完 277、以已知红收尾 {0: 480, 1: 12}、新发现 231；根环转过一圈的 481 段；最高 txg 28	已知红第 0 条（增补 2 收口表第 ② 行（一次挂载转过一整圈根环时 checker 在合法状态上判 I-3.1 红））：480 段 ; 已知红第 1 条（增补 2 收口表第 43 行）：12 段 ; 已知红第 0 条（增补 2 收口表第 ② 行（一次挂载转过一整圈根环时 checker 在合法状态上判 I-3.1 红））：480 段 ; 已知红第 1 条（增补 2 收口表第 43 行）：12 段	新发现 CheckerViolations { invariants: ["I-3.1"] }：第一个种子 7（同签名的种子 [7, 15, 20, 26, 27, 38, 46, 51, 54, 56, 57, 62, 64, 65, 66, 68, 69, 71, 94, 97, 101, 102, 114, 116, 117, 118, 122, 124, 130, 132, 136, 137, 140, 145, 154, 155, 158, 160, 162, 165, 167, 168, 175, 176, 183, 187, 191, 198, 201, 211, 212, 214, 219, 222, 228, 231, 233, 234, 236, 238, 242, 244, 249, 255, 256, 259, 261, 262, 268, 280, 284, 288, 294, 306, 318, 325, 326, 328, 331, 332, 339, 340, 344, 372, 373, 376, 380, 381, 384, 385, 387, 391, 404, 405, 409, 412, 422, 429, 440, 448, 451, 470, 475, 476, 485, 488, 489, 493, 494, 498, 505, 506, 509, 510, 520, 522, 530, 536, 543, 545, 547, 548, 558, 560, 564, 568, 569, 571, 574, 575, 576, 579, 583, 587, 589, 608, 611, 614, 616, 619, 622, 624, 630, 633, 636, 637, 645, 648, 653, 661, 662, 664, 668, 671, 672, 674, 678, 680, 682, 694, 706, 707, 708, 711, 716, 721, 724, 725, 726, 728, 736, 758, 759, 761, 765, 768, 772, 774, 779, 784, 794, 796, 805, 809, 816, 825, 827, 831, 837, 838, 846, 851, 852, 855, 857, 859, 860, 864, 867, 876, 879, 880, 881, 882, 894, 896, 898, 899, 907, 919, 920, 924, 938, 948, 949, 952, 953, 955, 957, 958, 959, 966, 973, 976, 978, 980, 983, 985, 994, 997, 998]），在 Operation(15)（Some(RaiseRollbackFloor)）之后 ; 新发现 CheckerViolations { invariants: ["I-3.1"] }：第一个种子 7（同签名的种子 [7, 15, 20, 26, 27, 38, 46, 51, 54, 56, 57, 62, 64, 65, 66, 68, 69, 71, 94, 97, 101, 102, 114, 116, 117, 118, 122, 124, 130, 132, 136, 137, 140, 145, 154, 155, 158, 160, 162, 165, 167, 168, 175, 176, 183, 187, 191, 198, 201, 211, 212, 214, 219, 222, 228, 231, 233, 234, 236, 238, 242, 244, 249, 255, 256, 259, 261, 262, 268, 280, 284, 288, 294, 306, 318, 325, 326, 328, 331, 332, 339, 340, 344, 372, 373, 376, 380, 381, 384, 385, 387, 391, 404, 405, 409, 412, 422, 429, 440, 448, 451, 470, 475, 476, 485, 488, 489, 493, 494, 498, 505, 506, 509, 510, 520, 522, 530, 536, 543, 545, 547, 548, 558, 560, 564, 568, 569, 571, 574, 575, 576, 579, 583, 587, 589, 608, 611, 614, 616, 619, 622, 624, 630, 633, 636, 637, 645, 648, 653, 661, 662, 664, 668, 671, 672, 674, 678, 680, 682, 694, 706, 707, 708, 711, 716, 721, 724, 725, 726, 728, 736, 758, 759, 761, 765, 768, 772, 774, 779, 784, 794, 796, 805, 809, 816, 825, 827, 831, 837, 838, 846, 851, 852, 855, 857, 859, 860, 864, 867, 876, 879, 880, 881, 882, 894, 896, 898, 899, 907, 919, 920, 924, 938, 948, 949, 952, 953, 955, 957, 958, 959, 966, 973, 976, 978, 980, 983, 985, 994, 997, 998]），在 Operation(15)（Some(RaiseRollbackFloor)）之后	36.9s
A5	large 3000x40	101	历史 3000 段：跑完 875、以已知红收尾 {0: 1370, 1: 28}、新发现 727；根环转过一圈的 1383 段；最高 txg 28	已知红第 0 条（增补 2 收口表第 ② 行（一次挂载转过一整圈根环时 checker 在合法状态上判 I-3.1 红））：1370 段 ; 已知红第 1 条（增补 2 收口表第 43 行）：28 段 ; 已知红第 0 条（增补 2 收口表第 ② 行（一次挂载转过一整圈根环时 checker 在合法状态上判 I-3.1 红））：1370 段 ; 已知红第 1 条（增补 2 收口表第 43 行）：28 段	新发现 CheckerViolations { invariants: ["I-3.1"] }：第一个种子 7（同签名的种子 [7, 15, 20, 26, 27, 38, 46, 51, 54, 56, 57, 62, 64, 65, 66, 68, 69, 71, 94, 97, 101, 102, 114, 116, 118, 122, 124, 130, 132, 136, 137, 140, 145, 154, 155, 158, 160, 162, 165, 167, 168, 175, 176, 183, 187, 191, 198, 201, 211, 212, 214, 219, 222, 228, 231, 233, 234, 236, 238, 242, 244, 249, 255, 256, 259, 261, 262, 268, 280, 284, 288, 294, 306, 318, 325, 326, 328, 331, 332, 339, 340, 344, 372, 373, 376, 380, 381, 384, 385, 387, 391, 404, 405, 409, 412, 422, 429, 440, 448, 451, 470, 475, 476, 485, 488, 489, 493, 494, 498, 505, 506, 509, 510, 520, 522, 530, 536, 543, 545, 547, 548, 558, 560, 564, 568, 569, 571, 574, 575, 576, 579, 583, 587, 589, 608, 611, 614, 616, 619, 622, 624, 630, 633, 636, 637, 645, 648, 653, 661, 662, 664, 668, 671, 672, 674, 678, 680, 682, 694, 706, 707, 708, 711, 716, 721, 724, 725, 726, 728, 736, 758, 759, 761, 765, 768, 772, 774, 779, 784, 794, 796, 805, 809, 816, 825, 827, 831, 837, 838, 846, 851, 852, 855, 857, 859, 860, 864, 867, 876, 879, 880, 881, 882, 894, 896, 898, 899, 907, 919, 920, 938, 948, 949, 952, 953, 955, 957, 958, 959, 966, 973, 976, 978, 980, 983, 985, 994, 997, 998, 1002, 1006, 1007, 1013, 1015, 1017, 1020, 1021, 1024, 1032, 1038, 1043, 1054, 1056, 1059, 1061, 1062, 1076, 1078, 1082, 1083, 1090, 1096, 1102, 1106, 1109, 1111, 1114, 1115, 1117, 1118, 1119, 1123, 1124, 1127, 1130, 1134, 1138, 1140, 1146, 1155, 1165, 1166, 1168, 1181, 1182, 1189, 1190, 1198, 1207, 1211, 1213, 1221, 1222, 1225, 1227, 1228, 1230, 1231, 1238, 1239, 1241, 1250, 1258, 1265, 1266, 1280, 1298, 1303, 1311, 1313, 1315, 1320, 1323, 1325, 1337, 1341, 1342, 1343, 1344, 1348, 1351, 1355, 1356, 1358, 1372, 1376, 1377, 1378, 1381, 1387, 1390, 1392, 1396, 1400, 1403, 1404, 1409, 1410, 1412, 1421, 1422, 1430, 1431, 1432, 1436, 1442, 1443, 1446, 1450, 1453, 1458, 1466, 1484, 1486, 1489, 1490, 1493, 1498, 1500, 1502, 1504, 1505, 1509, 1516, 1524, 1528, 1533, 1536, 1539, 1541, 1542, 1543, 1550, 1557, 1569, 1570, 1579, 1582, 1589, 1591, 1597, 1599, 1611, 1612, 1614, 1617, 1618, 1620, 1622, 1633, 1638, 1639, 1647, 1648, 1650, 1660, 1666, 1672, 1685, 1694, 1695, 1701, 1704, 1712, 1717, 1720, 1725, 1727, 1732, 1733, 1734, 1735, 1739, 1740, 1742, 1744, 1746, 1751, 1752, 1754, 1760, 1767, 1768, 1769, 1773, 1775, 1777, 1783, 1785, 1790, 1797, 1805, 1813, 1817, 1819, 1822, 1826, 1833, 1834, 1835, 1837, 1841, 1850, 1855, 1867, 1869, 1877, 1885, 1887, 1888, 1891, 1892, 1894, 1896, 1901, 1905, 1907, 1912, 1913, 1914, 1917, 1920, 1926, 1930, 1931, 1942, 1943, 1945, 1946, 1956, 1959, 1963, 1965, 1975, 1976, 1977, 1979, 1980, 1981, 1984, 1985, 1989, 1994, 1995, 1997, 1998, 2008, 2011, 2012, 2016, 2022, 2023, 2024, 2025, 2029, 2031, 2032, 2038, 2039, 2040, 2042, 2043, 2049, 2054, 2062, 2066, 2075, 2079, 2086, 2087, 2090, 2096, 2098, 2106, 2108, 2110, 2112, 2113, 2116, 2120, 2124, 2126, 2128, 2140, 2142, 2143, 2144, 2146, 2151, 2154, 2158, 2159, 2165, 2178, 2180, 2182, 2183, 2189, 2194, 2200, 2203, 2208, 2209, 2212, 2214, 2215, 2229, 2231, 2234, 2243, 2246, 2252, 2260, 2264, 2265, 2269, 2277, 2280, 2281, 2282, 2293, 2294, 2299, 2300, 2303, 2313, 2317, 2318, 2319, 2323, 2324, 2326, 2328, 2330, 2340, 2341, 2343, 2355, 2358, 2359, 2360, 2361, 2375, 2382, 2384, 2387, 2391, 2393, 2395, 2401, 2410, 2415, 2422, 2427, 2439, 2446, 2450, 2455, 2458, 2464, 2468, 2473, 2484, 2486, 2492, 2496, 2498, 2500, 2509, 2516, 2517, 2520, 2532, 2535, 2541, 2544, 2549, 2552, 2556, 2573, 2578, 2579, 2587, 2589, 2591, 2592, 2594, 2595, 2596, 2601, 2610, 2611, 2617, 2621, 2625, 2628, 2629, 2633, 2636, 2641, 2642, 2643, 2645, 2647, 2656, 2658, 2659, 2671, 2675, 2678, 2679, 2682, 2683, 2689, 2692, 2696, 2700, 2701, 2703, 2706, 2711, 2714, 2717, 2723, 2724, 2726, 2729, 2732, 2733, 2734, 2735, 2745, 2747, 2752, 2755, 2760, 2762, 2767, 2768, 2780, 2785, 2786, 2787, 2795, 2797, 2799, 2801, 2803, 2806, 2810, 2817, 2821, 2827, 2828, 2835, 2836, 2839, 2846, 2847, 2857, 2868, 2873, 2877, 2878, 2881, 2885, 2886, 2888, 2890, 2894, 2895, 2897, 2901, 2902, 2909, 2920, 2921, 2925, 2927, 2929, 2939, 2941, 2948, 2953, 2957, 2958, 2960, 2961, 2965, 2975, 2980, 2982, 2983, 2987, 2989, 2992, 2994]），在 Operation(15)（Some(RaiseRollbackFloor)）之后 ; 新发现 CheckerViolations { invariants: ["I-3.1"] }：第一个种子 7（同签名的种子 [7, 15, 20, 26, 27, 38, 46, 51, 54, 56, 57, 62, 64, 65, 66, 68, 69, 71, 94, 97, 101, 102, 114, 116, 118, 122, 124, 130, 132, 136, 137, 140, 145, 154, 155, 158, 160, 162, 165, 167, 168, 175, 176, 183, 187, 191, 198, 201, 211, 212, 214, 219, 222, 228, 231, 233, 234, 236, 238, 242, 244, 249, 255, 256, 259, 261, 262, 268, 280, 284, 288, 294, 306, 318, 325, 326, 328, 331, 332, 339, 340, 344, 372, 373, 376, 380, 381, 384, 385, 387, 391, 404, 405, 409, 412, 422, 429, 440, 448, 451, 470, 475, 476, 485, 488, 489, 493, 494, 498, 505, 506, 509, 510, 520, 522, 530, 536, 543, 545, 547, 548, 558, 560, 564, 568, 569, 571, 574, 575, 576, 579, 583, 587, 589, 608, 611, 614, 616, 619, 622, 624, 630, 633, 636, 637, 645, 648, 653, 661, 662, 664, 668, 671, 672, 674, 678, 680, 682, 694, 706, 707, 708, 711, 716, 721, 724, 725, 726, 728, 736, 758, 759, 761, 765, 768, 772, 774, 779, 784, 794, 796, 805, 809, 816, 825, 827, 831, 837, 838, 846, 851, 852, 855, 857, 859, 860, 864, 867, 876, 879, 880, 881, 882, 894, 896, 898, 899, 907, 919, 920, 938, 948, 949, 952, 953, 955, 957, 958, 959, 966, 973, 976, 978, 980, 983, 985, 994, 997, 998, 1002, 1006, 1007, 1013, 1015, 1017, 1020, 1021, 1024, 1032, 1038, 1043, 1054, 1056, 1059, 1061, 1062, 1076, 1078, 1082, 1083, 1090, 1096, 1102, 1106, 1109, 1111, 1114, 1115, 1117, 1118, 1119, 1123, 1124, 1127, 1130, 1134, 1138, 1140, 1146, 1155, 1165, 1166, 1168, 1181, 1182, 1189, 1190, 1198, 1207, 1211, 1213, 1221, 1222, 1225, 1227, 1228, 1230, 1231, 1238, 1239, 1241, 1250, 1258, 1265, 1266, 1280, 1298, 1303, 1311, 1313, 1315, 1320, 1323, 1325, 1337, 1341, 1342, 1343, 1344, 1348, 1351, 1355, 1356, 1358, 1372, 1376, 1377, 1378, 1381, 1387, 1390, 1392, 1396, 1400, 1403, 1404, 1409, 1410, 1412, 1421, 1422, 1430, 1431, 1432, 1436, 1442, 1443, 1446, 1450, 1453, 1458, 1466, 1484, 1486, 1489, 1490, 1493, 1498, 1500, 1502, 1504, 1505, 1509, 1516, 1524, 1528, 1533, 1536, 1539, 1541, 1542, 1543, 1550, 1557, 1569, 1570, 1579, 1582, 1589, 1591, 1597, 1599, 1611, 1612, 1614, 1617, 1618, 1620, 1622, 1633, 1638, 1639, 1647, 1648, 1650, 1660, 1666, 1672, 1685, 1694, 1695, 1701, 1704, 1712, 1717, 1720, 1725, 1727, 1732, 1733, 1734, 1735, 1739, 1740, 1742, 1744, 1746, 1751, 1752, 1754, 1760, 1767, 1768, 1769, 1773, 1775, 1777, 1783, 1785, 1790, 1797, 1805, 1813, 1817, 1819, 1822, 1826, 1833, 1834, 1835, 1837, 1841, 1850, 1855, 1867, 1869, 1877, 1885, 1887, 1888, 1891, 1892, 1894, 1896, 1901, 1905, 1907, 1912, 1913, 1914, 1917, 1920, 1926, 1930, 1931, 1942, 1943, 1945, 1946, 1956, 1959, 1963, 1965, 1975, 1976, 1977, 1979, 1980, 1981, 1984, 1985, 1989, 1994, 1995, 1997, 1998, 2008, 2011, 2012, 2016, 2022, 2023, 2024, 2025, 2029, 2031, 2032, 2038, 2039, 2040, 2042, 2043, 2049, 2054, 2062, 2066, 2075, 2079, 2086, 2087, 2090, 2096, 2098, 2106, 2108, 2110, 2112, 2113, 2116, 2120, 2124, 2126, 2128, 2140, 2142, 2143, 2144, 2146, 2151, 2154, 2158, 2159, 2165, 2178, 2180, 2182, 2183, 2189, 2194, 2200, 2203, 2208, 2209, 2212, 2214, 2215, 2229, 2231, 2234, 2243, 2246, 2252, 2260, 2264, 2265, 2269, 2277, 2280, 2281, 2282, 2293, 2294, 2299, 2300, 2303, 2313, 2317, 2318, 2319, 2323, 2324, 2326, 2328, 2330, 2340, 2341, 2343, 2355, 2358, 2359, 2360, 2361, 2375, 2382, 2384, 2387, 2391, 2393, 2395, 2401, 2410, 2415, 2422, 2427, 2439, 2446, 2450, 2455, 2458, 2464, 2468, 2473, 2484, 2486, 2492, 2496, 2498, 2500, 2509, 2516, 2517, 2520, 2532, 2535, 2541, 2544, 2549, 2552, 2556, 2573, 2578, 2579, 2587, 2589, 2591, 2592, 2594, 2595, 2596, 2601, 2610, 2611, 2617, 2621, 2625, 2628, 2629, 2633, 2636, 2641, 2642, 2643, 2645, 2647, 2656, 2658, 2659, 2671, 2675, 2678, 2679, 2682, 2683, 2689, 2692, 2696, 2700, 2701, 2703, 2706, 2711, 2714, 2717, 2723, 2724, 2726, 2729, 2732, 2733, 2734, 2735, 2745, 2747, 2752, 2755, 2760, 2762, 2767, 2768, 2780, 2785, 2786, 2787, 2795, 2797, 2799, 2801, 2803, 2806, 2810, 2817, 2821, 2827, 2828, 2835, 2836, 2839, 2846, 2847, 2857, 2868, 2873, 2877, 2878, 2881, 2885, 2886, 2888, 2890, 2894, 2895, 2897, 2901, 2902, 2909, 2920, 2921, 2925, 2927, 2929, 2939, 2941, 2948, 2953, 2957, 2958, 2960, 2961, 2965, 2975, 2980, 2982, 2983, 2987, 2989, 2992, 2994]），在 Operation(15)（Some(RaiseRollbackFloor)）之后	81.1s
A8	fast	101	历史 96 段：跑完 33、以已知红收尾 {0: 45, 1: 1}、新发现 17；根环转过一圈的 46 段；最高 txg 28	已知红第 0 条（增补 2 收口表第 ② 行（一次挂载转过一整圈根环时 checker 在合法状态上判 I-3.1 红））：45 段 ; 已知红第 1 条（增补 2 收口表第 43 行）：1 段 ; 已知红第 0 条（增补 2 收口表第 ② 行（一次挂载转过一整圈根环时 checker 在合法状态上判 I-3.1 红））：45 段 ; 已知红第 1 条（增补 2 收口表第 43 行）：1 段	新发现 CheckerViolations { invariants: ["I-3.1"] }：第一个种子 7（同签名的种子 [7, 15, 20, 26, 27, 38, 46, 51, 54, 56, 57, 62, 66, 68, 69, 71, 94]），在 Operation(15)（Some(RaiseRollbackFloor)）之后 ; 新发现 CheckerViolations { invariants: ["I-3.1"] }：第一个种子 7（同签名的种子 [7, 15, 20, 26, 27, 38, 46, 51, 54, 56, 57, 62, 66, 68, 69, 71, 94]），在 Operation(15)（Some(RaiseRollbackFloor)）之后	6.1s
A8	large 1000x60	101	历史 1000 段：跑完 277、以已知红收尾 {0: 513, 1: 12}、新发现 198；根环转过一圈的 514 段；最高 txg 28	已知红第 0 条（增补 2 收口表第 ② 行（一次挂载转过一整圈根环时 checker 在合法状态上判 I-3.1 红））：513 段 ; 已知红第 1 条（增补 2 收口表第 43 行）：12 段 ; 已知红第 0 条（增补 2 收口表第 ② 行（一次挂载转过一整圈根环时 checker 在合法状态上判 I-3.1 红））：513 段 ; 已知红第 1 条（增补 2 收口表第 43 行）：12 段	新发现 CheckerViolations { invariants: ["I-3.1"] }：第一个种子 7（同签名的种子 [7, 15, 20, 26, 27, 38, 46, 51, 54, 56, 57, 62, 66, 68, 69, 71, 94, 97, 101, 114, 116, 117, 118, 122, 124, 130, 132, 136, 137, 140, 145, 154, 158, 162, 167, 168, 175, 176, 187, 191, 198, 211, 212, 214, 219, 222, 228, 231, 233, 234, 236, 238, 242, 244, 249, 255, 256, 259, 261, 262, 268, 280, 284, 288, 294, 306, 325, 326, 331, 332, 339, 340, 344, 372, 373, 376, 380, 381, 384, 385, 387, 391, 404, 409, 412, 422, 440, 448, 451, 470, 475, 476, 493, 494, 498, 505, 506, 509, 510, 520, 522, 530, 536, 543, 545, 547, 548, 560, 564, 568, 569, 571, 575, 576, 579, 589, 608, 616, 619, 622, 624, 630, 633, 636, 637, 645, 648, 653, 661, 664, 671, 672, 678, 680, 682, 694, 706, 707, 708, 711, 716, 721, 724, 725, 726, 728, 736, 758, 759, 761, 765, 768, 772, 774, 779, 794, 796, 805, 809, 816, 825, 827, 831, 838, 846, 851, 855, 857, 859, 860, 876, 879, 880, 881, 882, 894, 896, 898, 899, 907, 919, 920, 924, 938, 949, 952, 953, 955, 957, 959, 966, 973, 976, 980, 983, 985, 994, 998]），在 Operation(15)（Some(RaiseRollbackFloor)）之后 ; 新发现 CheckerViolations { invariants: ["I-3.1"] }：第一个种子 7（同签名的种子 [7, 15, 20, 26, 27, 38, 46, 51, 54, 56, 57, 62, 66, 68, 69, 71, 94, 97, 101, 114, 116, 117, 118, 122, 124, 130, 132, 136, 137, 140, 145, 154, 158, 162, 167, 168, 175, 176, 187, 191, 198, 211, 212, 214, 219, 222, 228, 231, 233, 234, 236, 238, 242, 244, 249, 255, 256, 259, 261, 262, 268, 280, 284, 288, 294, 306, 325, 326, 331, 332, 339, 340, 344, 372, 373, 376, 380, 381, 384, 385, 387, 391, 404, 409, 412, 422, 440, 448, 451, 470, 475, 476, 493, 494, 498, 505, 506, 509, 510, 520, 522, 530, 536, 543, 545, 547, 548, 560, 564, 568, 569, 571, 575, 576, 579, 589, 608, 616, 619, 622, 624, 630, 633, 636, 637, 645, 648, 653, 661, 664, 671, 672, 678, 680, 682, 694, 706, 707, 708, 711, 716, 721, 724, 725, 726, 728, 736, 758, 759, 761, 765, 768, 772, 774, 779, 794, 796, 805, 809, 816, 825, 827, 831, 838, 846, 851, 855, 857, 859, 860, 876, 879, 880, 881, 882, 894, 896, 898, 899, 907, 919, 920, 924, 938, 949, 952, 953, 955, 957, 959, 966, 973, 976, 980, 983, 985, 994, 998]），在 Operation(15)（Some(RaiseRollbackFloor)）之后	34.0s
A8	large 3000x40	101	历史 3000 段：跑完 876、以已知红收尾 {0: 1485, 1: 28}、新发现 611；根环转过一圈的 1498 段；最高 txg 28	已知红第 0 条（增补 2 收口表第 ② 行（一次挂载转过一整圈根环时 checker 在合法状态上判 I-3.1 红））：1485 段 ; 已知红第 1 条（增补 2 收口表第 43 行）：28 段 ; 已知红第 0 条（增补 2 收口表第 ② 行（一次挂载转过一整圈根环时 checker 在合法状态上判 I-3.1 红））：1485 段 ; 已知红第 1 条（增补 2 收口表第 43 行）：28 段	新发现 CheckerViolations { invariants: ["I-3.1"] }：第一个种子 7（同签名的种子 [7, 15, 20, 26, 27, 38, 46, 51, 54, 56, 57, 62, 66, 68, 69, 71, 94, 97, 101, 114, 116, 118, 122, 124, 130, 132, 136, 137, 140, 145, 154, 158, 162, 167, 168, 175, 176, 187, 191, 198, 211, 212, 214, 219, 222, 228, 231, 233, 234, 236, 238, 242, 244, 249, 255, 256, 259, 261, 262, 268, 280, 284, 288, 294, 306, 325, 326, 331, 332, 339, 340, 344, 372, 373, 376, 380, 381, 384, 385, 387, 391, 404, 409, 412, 422, 440, 448, 451, 470, 475, 476, 493, 494, 498, 505, 506, 509, 510, 520, 522, 530, 536, 543, 545, 547, 548, 560, 564, 568, 569, 571, 575, 576, 579, 589, 608, 616, 619, 622, 624, 630, 633, 636, 637, 645, 648, 653, 661, 664, 671, 672, 678, 680, 682, 694, 706, 707, 708, 711, 716, 721, 724, 725, 726, 728, 736, 758, 759, 761, 765, 768, 772, 774, 779, 794, 796, 805, 809, 816, 825, 827, 831, 838, 846, 851, 855, 857, 859, 860, 876, 879, 880, 881, 882, 894, 896, 898, 899, 907, 919, 920, 938, 949, 952, 953, 955, 957, 959, 966, 973, 976, 980, 983, 985, 994, 998, 1006, 1007, 1015, 1017, 1020, 1021, 1024, 1032, 1038, 1043, 1054, 1056, 1059, 1061, 1062, 1076, 1083, 1090, 1096, 1102, 1109, 1111, 1114, 1115, 1117, 1118, 1123, 1124, 1130, 1134, 1138, 1140, 1155, 1165, 1166, 1168, 1181, 1182, 1189, 1190, 1198, 1207, 1213, 1221, 1222, 1225, 1227, 1228, 1230, 1231, 1238, 1241, 1250, 1265, 1266, 1280, 1298, 1313, 1315, 1320, 1323, 1325, 1337, 1341, 1342, 1343, 1344, 1351, 1355, 1356, 1358, 1376, 1377, 1378, 1387, 1390, 1392, 1396, 1400, 1404, 1409, 1410, 1412, 1421, 1422, 1430, 1431, 1432, 1436, 1442, 1443, 1446, 1458, 1466, 1484, 1486, 1489, 1490, 1493, 1498, 1500, 1502, 1504, 1505, 1509, 1516, 1524, 1528, 1533, 1536, 1539, 1541, 1543, 1550, 1557, 1569, 1570, 1582, 1589, 1597, 1599, 1612, 1614, 1617, 1618, 1622, 1638, 1639, 1648, 1650, 1660, 1666, 1672, 1685, 1694, 1695, 1701, 1712, 1720, 1727, 1732, 1733, 1734, 1735, 1739, 1740, 1742, 1744, 1746, 1752, 1754, 1760, 1768, 1769, 1773, 1777, 1783, 1785, 1790, 1797, 1805, 1813, 1817, 1819, 1822, 1826, 1833, 1834, 1835, 1837, 1841, 1850, 1867, 1877, 1885, 1887, 1891, 1892, 1894, 1901, 1905, 1907, 1913, 1914, 1917, 1920, 1926, 1930, 1931, 1945, 1946, 1959, 1963, 1965, 1976, 1977, 1979, 1980, 1981, 1984, 1989, 1994, 1997, 1998, 2008, 2011, 2012, 2016, 2022, 2023, 2029, 2031, 2032, 2038, 2039, 2040, 2042, 2043, 2049, 2062, 2066, 2079, 2086, 2087, 2090, 2096, 2106, 2108, 2110, 2112, 2113, 2120, 2124, 2126, 2128, 2143, 2144, 2146, 2151, 2158, 2159, 2165, 2178, 2180, 2182, 2183, 2189, 2194, 2200, 2203, 2208, 2209, 2212, 2215, 2229, 2231, 2234, 2243, 2246, 2252, 2260, 2264, 2265, 2269, 2277, 2280, 2281, 2293, 2294, 2299, 2300, 2303, 2313, 2317, 2318, 2319, 2323, 2324, 2326, 2330, 2340, 2341, 2343, 2355, 2358, 2359, 2360, 2361, 2375, 2382, 2391, 2395, 2401, 2410, 2415, 2422, 2427, 2439, 2446, 2455, 2458, 2464, 2468, 2473, 2484, 2486, 2492, 2496, 2498, 2500, 2509, 2516, 2517, 2520, 2535, 2541, 2544, 2549, 2552, 2556, 2573, 2578, 2587, 2592, 2594, 2595, 2601, 2610, 2611, 2617, 2621, 2625, 2628, 2629, 2633, 2636, 2641, 2643, 2645, 2656, 2658, 2659, 2671, 2678, 2679, 2682, 2689, 2692, 2696, 2700, 2701, 2703, 2706, 2711, 2714, 2717, 2723, 2724, 2726, 2732, 2733, 2735, 2745, 2747, 2752, 2755, 2760, 2762, 2767, 2768, 2785, 2787, 2795, 2799, 2803, 2810, 2817, 2821, 2827, 2828, 2836, 2839, 2846, 2847, 2857, 2868, 2873, 2877, 2878, 2886, 2888, 2894, 2895, 2897, 2902, 2909, 2920, 2925, 2927, 2929, 2939, 2941, 2948, 2953, 2957, 2958, 2960, 2965, 2975, 2980, 2982, 2983, 2989, 2992, 2994]），在 Operation(15)（Some(RaiseRollbackFloor)）之后 ; 新发现 CheckerViolations { invariants: ["I-3.1"] }：第一个种子 7（同签名的种子 [7, 15, 20, 26, 27, 38, 46, 51, 54, 56, 57, 62, 66, 68, 69, 71, 94, 97, 101, 114, 116, 118, 122, 124, 130, 132, 136, 137, 140, 145, 154, 158, 162, 167, 168, 175, 176, 187, 191, 198, 211, 212, 214, 219, 222, 228, 231, 233, 234, 236, 238, 242, 244, 249, 255, 256, 259, 261, 262, 268, 280, 284, 288, 294, 306, 325, 326, 331, 332, 339, 340, 344, 372, 373, 376, 380, 381, 384, 385, 387, 391, 404, 409, 412, 422, 440, 448, 451, 470, 475, 476, 493, 494, 498, 505, 506, 509, 510, 520, 522, 530, 536, 543, 545, 547, 548, 560, 564, 568, 569, 571, 575, 576, 579, 589, 608, 616, 619, 622, 624, 630, 633, 636, 637, 645, 648, 653, 661, 664, 671, 672, 678, 680, 682, 694, 706, 707, 708, 711, 716, 721, 724, 725, 726, 728, 736, 758, 759, 761, 765, 768, 772, 774, 779, 794, 796, 805, 809, 816, 825, 827, 831, 838, 846, 851, 855, 857, 859, 860, 876, 879, 880, 881, 882, 894, 896, 898, 899, 907, 919, 920, 938, 949, 952, 953, 955, 957, 959, 966, 973, 976, 980, 983, 985, 994, 998, 1006, 1007, 1015, 1017, 1020, 1021, 1024, 1032, 1038, 1043, 1054, 1056, 1059, 1061, 1062, 1076, 1083, 1090, 1096, 1102, 1109, 1111, 1114, 1115, 1117, 1118, 1123, 1124, 1130, 1134, 1138, 1140, 1155, 1165, 1166, 1168, 1181, 1182, 1189, 1190, 1198, 1207, 1213, 1221, 1222, 1225, 1227, 1228, 1230, 1231, 1238, 1241, 1250, 1265, 1266, 1280, 1298, 1313, 1315, 1320, 1323, 1325, 1337, 1341, 1342, 1343, 1344, 1351, 1355, 1356, 1358, 1376, 1377, 1378, 1387, 1390, 1392, 1396, 1400, 1404, 1409, 1410, 1412, 1421, 1422, 1430, 1431, 1432, 1436, 1442, 1443, 1446, 1458, 1466, 1484, 1486, 1489, 1490, 1493, 1498, 1500, 1502, 1504, 1505, 1509, 1516, 1524, 1528, 1533, 1536, 1539, 1541, 1543, 1550, 1557, 1569, 1570, 1582, 1589, 1597, 1599, 1612, 1614, 1617, 1618, 1622, 1638, 1639, 1648, 1650, 1660, 1666, 1672, 1685, 1694, 1695, 1701, 1712, 1720, 1727, 1732, 1733, 1734, 1735, 1739, 1740, 1742, 1744, 1746, 1752, 1754, 1760, 1768, 1769, 1773, 1777, 1783, 1785, 1790, 1797, 1805, 1813, 1817, 1819, 1822, 1826, 1833, 1834, 1835, 1837, 1841, 1850, 1867, 1877, 1885, 1887, 1891, 1892, 1894, 1901, 1905, 1907, 1913, 1914, 1917, 1920, 1926, 1930, 1931, 1945, 1946, 1959, 1963, 1965, 1976, 1977, 1979, 1980, 1981, 1984, 1989, 1994, 1997, 1998, 2008, 2011, 2012, 2016, 2022, 2023, 2029, 2031, 2032, 2038, 2039, 2040, 2042, 2043, 2049, 2062, 2066, 2079, 2086, 2087, 2090, 2096, 2106, 2108, 2110, 2112, 2113, 2120, 2124, 2126, 2128, 2143, 2144, 2146, 2151, 2158, 2159, 2165, 2178, 2180, 2182, 2183, 2189, 2194, 2200, 2203, 2208, 2209, 2212, 2215, 2229, 2231, 2234, 2243, 2246, 2252, 2260, 2264, 2265, 2269, 2277, 2280, 2281, 2293, 2294, 2299, 2300, 2303, 2313, 2317, 2318, 2319, 2323, 2324, 2326, 2330, 2340, 2341, 2343, 2355, 2358, 2359, 2360, 2361, 2375, 2382, 2391, 2395, 2401, 2410, 2415, 2422, 2427, 2439, 2446, 2455, 2458, 2464, 2468, 2473, 2484, 2486, 2492, 2496, 2498, 2500, 2509, 2516, 2517, 2520, 2535, 2541, 2544, 2549, 2552, 2556, 2573, 2578, 2587, 2592, 2594, 2595, 2601, 2610, 2611, 2617, 2621, 2625, 2628, 2629, 2633, 2636, 2641, 2643, 2645, 2656, 2658, 2659, 2671, 2678, 2679, 2682, 2689, 2692, 2696, 2700, 2701, 2703, 2706, 2711, 2714, 2717, 2723, 2724, 2726, 2732, 2733, 2735, 2745, 2747, 2752, 2755, 2760, 2762, 2767, 2768, 2785, 2787, 2795, 2799, 2803, 2810, 2817, 2821, 2827, 2828, 2836, 2839, 2846, 2847, 2857, 2868, 2873, 2877, 2878, 2886, 2888, 2894, 2895, 2897, 2902, 2909, 2920, 2925, 2927, 2929, 2939, 2941, 2948, 2953, 2957, 2958, 2960, 2965, 2975, 2980, 2982, 2983, 2989, 2992, 2994]），在 Operation(15)（Some(RaiseRollbackFloor)）之后	84.5s
