fault	arm	suffix	steps	final_mount	readback	violated	isolated_per_device	isolated_by_check	isolated_at_mount	free_minus_allocatable	check_reads	check_read_bytes	switches	reads_refused	check_events
F4-rot-both	off(today)	OFFFFFO	O:ok F:noop F:noop F:noop F:noop F:noop O:ok	ok	same	I-2.1,I-4.8,I-7.4	[0, 0]	0	0	[0, 0]	0	0	0	0	-
F4-rot-both	off(today)	OFFFFFM	O:ok F:noop F:noop F:noop F:noop F:noop M:ok	ok	same	I-2.1,I-4.8,I-7.4	[0, 0]	0	0	[0, 0]	0	0	0	0	-
F4-rot-both	off(today)	OFFFFFF	O:ok F:noop F:noop F:noop F:noop F:noop F:noop	ok	same	I-2.1,I-4.8,I-7.4	[0, 0]	0	0	[0, 0]	0	0	0	0	-
F4-rot-both	off(today)	OFFFFMF	O:ok F:noop F:noop F:noop F:noop M:ok F:noop	ok	same	I-2.1,I-4.8,I-7.4	[0, 0]	0	0	[0, 0]	0	0	0	0	-
F4-rot-both	off(today)	OFFFFOF	O:ok F:noop F:noop F:noop F:noop O:ok F:ok(F=3,reclaimed=1)	ok	same	I-2.1,I-4.8,I-7.4	[0, 0]	0	0	[0, 0]	0	0	0	0	-
F4-rot-both	off(today)	OFFFFMO	O:ok F:noop F:noop F:noop F:noop M:ok O:ok	ok	same	I-2.1,I-4.8,I-7.4	[0, 0]	0	0	[0, 0]	0	0	0	0	-
F4-rot-both	off(today)	OFFFFMM	O:ok F:noop F:noop F:noop F:noop M:ok M:ok	ok	same	I-2.1,I-4.8,I-7.4	[0, 0]	0	0	[0, 0]	0	0	0	0	-
F4-rot-both	off(today)	OFFFFOM	O:ok F:noop F:noop F:noop F:noop O:ok M:ok	ok	same	I-2.1,I-4.8,I-7.4	[0, 0]	0	0	[0, 0]	0	0	0	0	-
F4-rot-both	off(today)	OFFFFOO	O:ok F:noop F:noop F:noop F:noop O:ok O:ok	ok	same	I-2.1,I-4.8,I-7.4	[0, 0]	0	0	[0, 0]	0	0	0	0	-
F4-rot-both	off(today)	OFFFMFF	O:ok F:noop F:noop F:noop M:ok F:noop F:noop	ok	same	I-2.1,I-4.8,I-7.4	[0, 0]	0	0	[0, 0]	0	0	0	0	-
F4-rot-both	off(today)	OFFFMFO	O:ok F:noop F:noop F:noop M:ok F:noop O:ok	ok	same	I-2.1,I-4.8,I-7.4	[0, 0]	0	0	[0, 0]	0	0	0	0	-
F4-rot-both	off(today)	OFFFMFM	O:ok F:noop F:noop F:noop M:ok F:noop M:ok	ok	same	I-2.1,I-4.8,I-7.4	[0, 0]	0	0	[0, 0]	0	0	0	0	-
F4-rot-both	off(today)	OFFFMMF	O:ok F:noop F:noop F:noop M:ok M:ok F:noop	ok	same	I-2.1,I-4.8,I-7.4	[0, 0]	0	0	[0, 0]	0	0	0	0	-
F4-rot-both	off(today)	OFFFMMO	O:ok F:noop F:noop F:noop M:ok M:ok O:ok	ok	same	I-2.1,I-4.8,I-7.4	[0, 0]	0	0	[0, 0]	0	0	0	0	-
F4-rot-both	off(today)	OFFFMOF	O:ok F:noop F:noop F:noop M:ok O:ok F:ok(F=3,reclaimed=1)	ok	same	I-2.1,I-4.8,I-7.4	[0, 0]	0	0	[0, 0]	0	0	0	0	-
F4-rot-both	off(today)	OFFFMMM	O:ok F:noop F:noop F:noop M:ok M:ok M:ok	ok	same	I-2.1,I-4.8,I-7.4	[0, 0]	0	0	[0, 0]	0	0	0	0	-
F4-rot-both	off(today)	OFFFMOM	O:ok F:noop F:noop F:noop M:ok O:ok M:ok	ok	same	I-2.1,I-4.8,I-7.4	[0, 0]	0	0	[0, 0]	0	0	0	0	-
F4-rot-both	off(today)	OFFFOFF	O:ok F:noop F:noop F:noop O:ok F:ok(F=3,reclaimed=1) F:noop	ok	same	I-2.1,I-4.8,I-7.4	[0, 0]	0	0	[0, 0]	0	0	0	0	-
F4-rot-both	off(today)	OFFFOFM	O:ok F:noop F:noop F:noop O:ok F:ok(F=3,reclaimed=1) M:ok	ok	same	I-2.1,I-4.8,I-7.4	[0, 0]	0	0	[0, 0]	0	0	0	0	-
F4-rot-both	off(today)	OFFFMOO	O:ok F:noop F:noop F:noop M:ok O:ok O:ok	ok	same	I-2.1,I-4.8,I-7.4	[0, 0]	0	0	[0, 0]	0	0	0	0	-
F4-rot-both	off(today)	OFFFOFO	O:ok F:noop F:noop F:noop O:ok F:ok(F=3,reclaimed=1) O:ok	ok	same	I-2.1,I-4.8,I-7.4	[0, 0]	0	0	[0, 0]	0	0	0	0	-
F4-rot-both	off(today)	OFFFOOF	O:ok F:noop F:noop F:noop O:ok O:ok F:ok(F=6,reclaimed=18)	ok	same	I-2.1,I-4.8,I-7.4	[0, 0]	0	0	[0, 0]	0	0	0	0	-
F4-rot-both	off(today)	OFFFOMF	O:ok F:noop F:noop F:noop O:ok M:ok F:ok(F=3,reclaimed=1)	ok	same	I-2.1,I-4.8,I-7.4	[0, 0]	0	0	[0, 0]	0	0	0	0	-
F4-rot-both	off(today)	OFFFOMO	O:ok F:noop F:noop F:noop O:ok M:ok O:ok	ok	same	I-2.1,I-4.8,I-7.4	[0, 0]	0	0	[0, 0]	0	0	0	0	-
F4-rot-both	off(today)	OFFFOMM	O:ok F:noop F:noop F:noop O:ok M:ok M:ok	ok	same	I-2.1,I-4.8,I-7.4	[0, 0]	0	0	[0, 0]	0	0	0	0	-
F4-rot-both	off(today)	OFFMFFF	O:ok F:noop F:noop M:ok F:noop F:noop F:noop	ok	same	I-2.1,I-4.8,I-7.4	[0, 0]	0	0	[0, 0]	0	0	0	0	-
F4-rot-both	off(today)	OFFFOOO	O:ok F:noop F:noop F:noop O:ok O:ok O:ok	ok	same	I-2.1,I-4.8,I-7.4	[0, 0]	0	0	[0, 0]	0	0	0	0	-
F4-rot-both	off(today)	OFFFOOM	O:ok F:noop F:noop F:noop O:ok O:ok M:ok	ok	same	I-2.1,I-4.8,I-7.4	[0, 0]	0	0	[0, 0]	0	0	0	0	-
F4-rot-both	off(today)	OFFMFFM	O:ok F:noop F:noop M:ok F:noop F:noop M:ok	ok	same	I-2.1,I-4.8,I-7.4	[0, 0]	0	0	[0, 0]	0	0	0	0	-
F4-rot-both	off(today)	OFFMFFO	O:ok F:noop F:noop M:ok F:noop F:noop O:ok	ok	same	I-2.1,I-4.8,I-7.4	[0, 0]	0	0	[0, 0]	0	0	0	0	-
F4-rot-both	off(today)	OFFMFMF	O:ok F:noop F:noop M:ok F:noop M:ok F:noop	ok	same	I-2.1,I-4.8,I-7.4	[0, 0]	0	0	[0, 0]	0	0	0	0	-
F4-rot-both	off(today)	OFFMFMO	O:ok F:noop F:noop M:ok F:noop M:ok O:ok	ok	same	I-2.1,I-4.8,I-7.4	[0, 0]	0	0	[0, 0]	0	0	0	0	-
F4-rot-both	off(today)	OFFMFMM	O:ok F:noop F:noop M:ok F:noop M:ok M:ok	ok	same	I-2.1,I-4.8,I-7.4	[0, 0]	0	0	[0, 0]	0	0	0	0	-
F4-rot-both	off(today)	OFFMFOF	O:ok F:noop F:noop M:ok F:noop O:ok F:ok(F=3,reclaimed=1)	ok	same	I-2.1,I-4.8,I-7.4	[0, 0]	0	0	[0, 0]	0	0	0	0	-
F4-rot-both	off(today)	OFFMFOO	O:ok F:noop F:noop M:ok F:noop O:ok O:ok	ok	same	I-2.1,I-4.8,I-7.4	[0, 0]	0	0	[0, 0]	0	0	0	0	-
F4-rot-both	off(today)	OFFMFOM	O:ok F:noop F:noop M:ok F:noop O:ok M:ok	ok	same	I-2.1,I-4.8,I-7.4	[0, 0]	0	0	[0, 0]	0	0	0	0	-
F4-rot-both	off(today)	OFFMMFF	O:ok F:noop F:noop M:ok M:ok F:noop F:noop	ok	same	I-2.1,I-4.8,I-7.4	[0, 0]	0	0	[0, 0]	0	0	0	0	-
F4-rot-both	off(today)	OFFMMFO	O:ok F:noop F:noop M:ok M:ok F:noop O:ok	ok	same	I-2.1,I-4.8,I-7.4	[0, 0]	0	0	[0, 0]	0	0	0	0	-
F4-rot-both	off(today)	OFFMMMM	O:ok F:noop F:noop M:ok M:ok M:ok M:ok	ok	same	I-2.1,I-4.8,I-7.4	[0, 0]	0	0	[0, 0]	0	0	0	0	-
F4-rot-both	off(today)	OFFMMMF	O:ok F:noop F:noop M:ok M:ok M:ok F:noop	ok	same	I-2.1,I-4.8,I-7.4	[0, 0]	0	0	[0, 0]	0	0	0	0	-
F4-rot-both	off(today)	OFFMMFM	O:ok F:noop F:noop M:ok M:ok F:noop M:ok	ok	same	I-2.1,I-4.8,I-7.4	[0, 0]	0	0	[0, 0]	0	0	0	0	-
F4-rot-both	off(today)	OFFMMOF	O:ok F:noop F:noop M:ok M:ok O:ok F:ok(F=3,reclaimed=1)	ok	same	I-2.1,I-4.8,I-7.4	[0, 0]	0	0	[0, 0]	0	0	0	0	-
F4-rot-both	off(today)	OFFMMOO	O:ok F:noop F:noop M:ok M:ok O:ok O:ok	ok	same	I-2.1,I-4.8,I-7.4	[0, 0]	0	0	[0, 0]	0	0	0	0	-
F4-rot-both	off(today)	OFFMMOM	O:ok F:noop F:noop M:ok M:ok O:ok M:ok	ok	same	I-2.1,I-4.8,I-7.4	[0, 0]	0	0	[0, 0]	0	0	0	0	-
F4-rot-both	off(today)	OFFMMMO	O:ok F:noop F:noop M:ok M:ok M:ok O:ok	ok	same	I-2.1,I-4.8,I-7.4	[0, 0]	0	0	[0, 0]	0	0	0	0	-
F4-rot-both	off(today)	OFFMOFF	O:ok F:noop F:noop M:ok O:ok F:ok(F=3,reclaimed=1) F:noop	ok	same	I-2.1,I-4.8,I-7.4	[0, 0]	0	0	[0, 0]	0	0	0	0	-
F4-rot-both	off(today)	OFFMOFO	O:ok F:noop F:noop M:ok O:ok F:ok(F=3,reclaimed=1) O:ok	ok	same	I-2.1,I-4.8,I-7.4	[0, 0]	0	0	[0, 0]	0	0	0	0	-
F4-rot-both	off(today)	OFFMOFM	O:ok F:noop F:noop M:ok O:ok F:ok(F=3,reclaimed=1) M:ok	ok	same	I-2.1,I-4.8,I-7.4	[0, 0]	0	0	[0, 0]	0	0	0	0	-
F4-rot-both	off(today)	OFFMOMF	O:ok F:noop F:noop M:ok O:ok M:ok F:ok(F=3,reclaimed=1)	ok	same	I-2.1,I-4.8,I-7.4	[0, 0]	0	0	[0, 0]	0	0	0	0	-
F4-rot-both	off(today)	OFFMOOF	O:ok F:noop F:noop M:ok O:ok O:ok F:ok(F=6,reclaimed=18)	ok	same	I-2.1,I-4.8,I-7.4	[0, 0]	0	0	[0, 0]	0	0	0	0	-
F4-rot-both	off(today)	OFFMOMO	O:ok F:noop F:noop M:ok O:ok M:ok O:ok	ok	same	I-2.1,I-4.8,I-7.4	[0, 0]	0	0	[0, 0]	0	0	0	0	-
F4-rot-both	off(today)	OFFMOOM	O:ok F:noop F:noop M:ok O:ok O:ok M:ok	ok	same	I-2.1,I-4.8,I-7.4	[0, 0]	0	0	[0, 0]	0	0	0	0	-
F4-rot-both	off(today)	OFFMOMM	O:ok F:noop F:noop M:ok O:ok M:ok M:ok	ok	same	I-2.1,I-4.8,I-7.4	[0, 0]	0	0	[0, 0]	0	0	0	0	-
F4-rot-both	off(today)	OFFOFFF	O:ok F:noop F:noop O:ok F:ok(F=3,reclaimed=1) F:noop F:noop	ok	same	I-2.1,I-4.8,I-7.4	[0, 0]	0	0	[0, 0]	0	0	0	0	-
F4-rot-both	off(today)	OFFMOOO	O:ok F:noop F:noop M:ok O:ok O:ok O:ok	ok	same	I-2.1,I-4.8,I-7.4	[0, 0]	0	0	[0, 0]	0	0	0	0	-
F4-rot-both	off(today)	OFFOFFO	O:ok F:noop F:noop O:ok F:ok(F=3,reclaimed=1) F:noop O:ok	ok	same	I-2.1,I-4.8,I-7.4	[0, 0]	0	0	[0, 0]	0	0	0	0	-
F4-rot-both	off(today)	OFFOFFM	O:ok F:noop F:noop O:ok F:ok(F=3,reclaimed=1) F:noop M:ok	ok	same	I-2.1,I-4.8,I-7.4	[0, 0]	0	0	[0, 0]	0	0	0	0	-
F4-rot-both	off(today)	OFFOFMF	O:ok F:noop F:noop O:ok F:ok(F=3,reclaimed=1) M:ok F:noop	ok	same	I-2.1,I-4.8,I-7.4	[0, 0]	0	0	[0, 0]	0	0	0	0	-
F4-rot-both	off(today)	OFFOFOF	O:ok F:noop F:noop O:ok F:ok(F=3,reclaimed=1) O:ok F:ok(F=6,reclaimed=17)	ok	same	I-2.1,I-4.8,I-7.4	[0, 0]	0	0	[0, 0]	0	0	0	0	-
F4-rot-both	off(today)	OFFOFMO	O:ok F:noop F:noop O:ok F:ok(F=3,reclaimed=1) M:ok O:ok	ok	same	I-2.1,I-4.8,I-7.4	[0, 0]	0	0	[0, 0]	0	0	0	0	-
F4-rot-both	off(today)	OFFOFMM	O:ok F:noop F:noop O:ok F:ok(F=3,reclaimed=1) M:ok M:ok	ok	same	I-2.1,I-4.8,I-7.4	[0, 0]	0	0	[0, 0]	0	0	0	0	-
F4-rot-both	off(today)	OFFOFOO	O:ok F:noop F:noop O:ok F:ok(F=3,reclaimed=1) O:ok O:ok	ok	same	I-2.1,I-4.8,I-7.4	[0, 0]	0	0	[0, 0]	0	0	0	0	-
F4-rot-both	off(today)	OFFOFOM	O:ok F:noop F:noop O:ok F:ok(F=3,reclaimed=1) O:ok M:ok	ok	same	I-2.1,I-4.8,I-7.4	[0, 0]	0	0	[0, 0]	0	0	0	0	-
F4-rot-both	off(today)	OFFOMFF	O:ok F:noop F:noop O:ok M:ok F:ok(F=3,reclaimed=1) F:noop	ok	same	I-2.1,I-4.8,I-7.4	[0, 0]	0	0	[0, 0]	0	0	0	0	-
F4-rot-both	off(today)	OFFOMFM	O:ok F:noop F:noop O:ok M:ok F:ok(F=3,reclaimed=1) M:ok	ok	same	I-2.1,I-4.8,I-7.4	[0, 0]	0	0	[0, 0]	0	0	0	0	-
F4-rot-both	off(today)	OFFOMFO	O:ok F:noop F:noop O:ok M:ok F:ok(F=3,reclaimed=1) O:ok	ok	same	I-2.1,I-4.8,I-7.4	[0, 0]	0	0	[0, 0]	0	0	0	0	-
F4-rot-both	off(today)	OFFOMMO	O:ok F:noop F:noop O:ok M:ok M:ok O:ok	ok	same	I-2.1,I-4.8,I-7.4	[0, 0]	0	0	[0, 0]	0	0	0	0	-
F4-rot-both	off(today)	OFFOMMF	O:ok F:noop F:noop O:ok M:ok M:ok F:ok(F=3,reclaimed=1)	ok	same	I-2.1,I-4.8,I-7.4	[0, 0]	0	0	[0, 0]	0	0	0	0	-
F4-rot-both	off(today)	OFFOMMM	O:ok F:noop F:noop O:ok M:ok M:ok M:ok	ok	same	I-2.1,I-4.8,I-7.4	[0, 0]	0	0	[0, 0]	0	0	0	0	-
F4-rot-both	off(today)	OFFOOFF	O:ok F:noop F:noop O:ok O:ok F:ok(F=6,reclaimed=18) F:noop	ok	same	I-2.1,I-4.8,I-7.4	[0, 0]	0	0	[0, 0]	0	0	0	0	-
F4-rot-both	off(today)	OFFOMOF	O:ok F:noop F:noop O:ok M:ok O:ok F:ok(F=6,reclaimed=18)	ok	same	I-2.1,I-4.8,I-7.4	[0, 0]	0	0	[0, 0]	0	0	0	0	-
F4-rot-both	off(today)	OFFOMOO	O:ok F:noop F:noop O:ok M:ok O:ok O:ok	ok	same	I-2.1,I-4.8,I-7.4	[0, 0]	0	0	[0, 0]	0	0	0	0	-
F4-rot-both	off(today)	OFFOMOM	O:ok F:noop F:noop O:ok M:ok O:ok M:ok	ok	same	I-2.1,I-4.8,I-7.4	[0, 0]	0	0	[0, 0]	0	0	0	0	-
F4-rot-both	off(today)	OFFOOFO	O:ok F:noop F:noop O:ok O:ok F:ok(F=6,reclaimed=18) O:ok	ok	same	I-2.1,I-4.8,I-7.4	[0, 0]	0	0	[0, 0]	0	0	0	0	-
F4-rot-both	off(today)	OFFOOFM	O:ok F:noop F:noop O:ok O:ok F:ok(F=6,reclaimed=18) M:ok	ok	same	I-2.1,I-4.8,I-7.4	[0, 0]	0	0	[0, 0]	0	0	0	0	-
F4-rot-both	off(today)	OFFOOMF	O:ok F:noop F:noop O:ok O:ok M:ok F:ok(F=6,reclaimed=18)	ok	same	I-2.1,I-4.8,I-7.4	[0, 0]	0	0	[0, 0]	0	0	0	0	-
F4-rot-both	off(today)	OFFOOMM	O:ok F:noop F:noop O:ok O:ok M:ok M:ok	ok	same	I-2.1,I-4.8,I-7.4	[0, 0]	0	0	[0, 0]	0	0	0	0	-
F4-rot-both	off(today)	OFFOOOF	O:ok F:noop F:noop O:ok O:ok O:ok F:ok(F=7,reclaimed=26)	ok	same	-	[0, 0]	0	0	[0, 0]	0	0	0	0	-
F4-rot-both	off(today)	OFFOOOO	O:ok F:noop F:noop O:ok O:ok O:ok O:ok	ok	same	I-2.1,I-4.8,I-7.4	[0, 0]	0	0	[0, 0]	0	0	0	0	-
F4-rot-both	off(today)	OFFOOMO	O:ok F:noop F:noop O:ok O:ok M:ok O:ok	ok	same	I-2.1,I-4.8,I-7.4	[0, 0]	0	0	[0, 0]	0	0	0	0	-
F4-rot-both	off(today)	OFFOOOM	O:ok F:noop F:noop O:ok O:ok O:ok M:ok	ok	same	I-2.1,I-4.8,I-7.4	[0, 0]	0	0	[0, 0]	0	0	0	0	-
F4-rot-both	off(today)	OFMFFFF	O:ok F:noop M:ok F:noop F:noop F:noop F:noop	ok	same	I-2.1,I-4.8,I-7.4	[0, 0]	0	0	[0, 0]	0	0	0	0	-
F4-rot-both	off(today)	OFMFFFM	O:ok F:noop M:ok F:noop F:noop F:noop M:ok	ok	same	I-2.1,I-4.8,I-7.4	[0, 0]	0	0	[0, 0]	0	0	0	0	-
F4-rot-both	off(today)	OFMFFFO	O:ok F:noop M:ok F:noop F:noop F:noop O:ok	ok	same	I-2.1,I-4.8,I-7.4	[0, 0]	0	0	[0, 0]	0	0	0	0	-
F4-rot-both	off(today)	OFMFFMM	O:ok F:noop M:ok F:noop F:noop M:ok M:ok	ok	same	I-2.1,I-4.8,I-7.4	[0, 0]	0	0	[0, 0]	0	0	0	0	-
F4-rot-both	off(today)	OFMFFMF	O:ok F:noop M:ok F:noop F:noop M:ok F:noop	ok	same	I-2.1,I-4.8,I-7.4	[0, 0]	0	0	[0, 0]	0	0	0	0	-
F4-rot-both	off(today)	OFMFFMO	O:ok F:noop M:ok F:noop F:noop M:ok O:ok	ok	same	I-2.1,I-4.8,I-7.4	[0, 0]	0	0	[0, 0]	0	0	0	0	-
F4-rot-both	off(today)	OFMFFOM	O:ok F:noop M:ok F:noop F:noop O:ok M:ok	ok	same	I-2.1,I-4.8,I-7.4	[0, 0]	0	0	[0, 0]	0	0	0	0	-
F4-rot-both	off(today)	OFMFFOF	O:ok F:noop M:ok F:noop F:noop O:ok F:ok(F=3,reclaimed=1)	ok	same	I-2.1,I-4.8,I-7.4	[0, 0]	0	0	[0, 0]	0	0	0	0	-
F4-rot-both	off(today)	OFMFFOO	O:ok F:noop M:ok F:noop F:noop O:ok O:ok	ok	same	I-2.1,I-4.8,I-7.4	[0, 0]	0	0	[0, 0]	0	0	0	0	-
F4-rot-both	off(today)	OFMFMFF	O:ok F:noop M:ok F:noop M:ok F:noop F:noop	ok	same	I-2.1,I-4.8,I-7.4	[0, 0]	0	0	[0, 0]	0	0	0	0	-
F4-rot-both	off(today)	OFMFMFO	O:ok F:noop M:ok F:noop M:ok F:noop O:ok	ok	same	I-2.1,I-4.8,I-7.4	[0, 0]	0	0	[0, 0]	0	0	0	0	-
F4-rot-both	off(today)	OFMFMMF	O:ok F:noop M:ok F:noop M:ok M:ok F:noop	ok	same	I-2.1,I-4.8,I-7.4	[0, 0]	0	0	[0, 0]	0	0	0	0	-
F4-rot-both	off(today)	OFMFMFM	O:ok F:noop M:ok F:noop M:ok F:noop M:ok	ok	same	I-2.1,I-4.8,I-7.4	[0, 0]	0	0	[0, 0]	0	0	0	0	-
F4-rot-both	off(today)	OFMFMMM	O:ok F:noop M:ok F:noop M:ok M:ok M:ok	ok	same	I-2.1,I-4.8,I-7.4	[0, 0]	0	0	[0, 0]	0	0	0	0	-
F4-rot-both	off(today)	OFMFMMO	O:ok F:noop M:ok F:noop M:ok M:ok O:ok	ok	same	I-2.1,I-4.8,I-7.4	[0, 0]	0	0	[0, 0]	0	0	0	0	-
F4-rot-both	off(today)	OFMFMOF	O:ok F:noop M:ok F:noop M:ok O:ok F:ok(F=3,reclaimed=1)	ok	same	I-2.1,I-4.8,I-7.4	[0, 0]	0	0	[0, 0]	0	0	0	0	-
F4-rot-both	off(today)	OFMFMOM	O:ok F:noop M:ok F:noop M:ok O:ok M:ok	ok	same	I-2.1,I-4.8,I-7.4	[0, 0]	0	0	[0, 0]	0	0	0	0	-
F4-rot-both	off(today)	OFMFMOO	O:ok F:noop M:ok F:noop M:ok O:ok O:ok	ok	same	I-2.1,I-4.8,I-7.4	[0, 0]	0	0	[0, 0]	0	0	0	0	-
F4-rot-both	off(today)	OFMFOFO	O:ok F:noop M:ok F:noop O:ok F:ok(F=3,reclaimed=1) O:ok	ok	same	I-2.1,I-4.8,I-7.4	[0, 0]	0	0	[0, 0]	0	0	0	0	-
F4-rot-both	off(today)	OFMFOFF	O:ok F:noop M:ok F:noop O:ok F:ok(F=3,reclaimed=1) F:noop	ok	same	I-2.1,I-4.8,I-7.4	[0, 0]	0	0	[0, 0]	0	0	0	0	-
F4-rot-both	off(today)	OFMFOFM	O:ok F:noop M:ok F:noop O:ok F:ok(F=3,reclaimed=1) M:ok	ok	same	I-2.1,I-4.8,I-7.4	[0, 0]	0	0	[0, 0]	0	0	0	0	-
F4-rot-both	off(today)	OFMFOMM	O:ok F:noop M:ok F:noop O:ok M:ok M:ok	ok	same	I-2.1,I-4.8,I-7.4	[0, 0]	0	0	[0, 0]	0	0	0	0	-
F4-rot-both	off(today)	OFMFOMF	O:ok F:noop M:ok F:noop O:ok M:ok F:ok(F=3,reclaimed=1)	ok	same	I-2.1,I-4.8,I-7.4	[0, 0]	0	0	[0, 0]	0	0	0	0	-
F4-rot-both	off(today)	OFMFOOF	O:ok F:noop M:ok F:noop O:ok O:ok F:ok(F=6,reclaimed=18)	ok	same	I-2.1,I-4.8,I-7.4	[0, 0]	0	0	[0, 0]	0	0	0	0	-
F4-rot-both	off(today)	OFMFOMO	O:ok F:noop M:ok F:noop O:ok M:ok O:ok	ok	same	I-2.1,I-4.8,I-7.4	[0, 0]	0	0	[0, 0]	0	0	0	0	-
F4-rot-both	off(today)	OFMFOOO	O:ok F:noop M:ok F:noop O:ok O:ok O:ok	ok	same	I-2.1,I-4.8,I-7.4	[0, 0]	0	0	[0, 0]	0	0	0	0	-
F4-rot-both	off(today)	OFMFOOM	O:ok F:noop M:ok F:noop O:ok O:ok M:ok	ok	same	I-2.1,I-4.8,I-7.4	[0, 0]	0	0	[0, 0]	0	0	0	0	-
F4-rot-both	off(today)	OFMMFFF	O:ok F:noop M:ok M:ok F:noop F:noop F:noop	ok	same	I-2.1,I-4.8,I-7.4	[0, 0]	0	0	[0, 0]	0	0	0	0	-
F4-rot-both	off(today)	OFMMFFM	O:ok F:noop M:ok M:ok F:noop F:noop M:ok	ok	same	I-2.1,I-4.8,I-7.4	[0, 0]	0	0	[0, 0]	0	0	0	0	-
F4-rot-both	off(today)	OFMMFFO	O:ok F:noop M:ok M:ok F:noop F:noop O:ok	ok	same	I-2.1,I-4.8,I-7.4	[0, 0]	0	0	[0, 0]	0	0	0	0	-
F4-rot-both	off(today)	OFMMFMF	O:ok F:noop M:ok M:ok F:noop M:ok F:noop	ok	same	I-2.1,I-4.8,I-7.4	[0, 0]	0	0	[0, 0]	0	0	0	0	-
F4-rot-both	off(today)	OFMMFMO	O:ok F:noop M:ok M:ok F:noop M:ok O:ok	ok	same	I-2.1,I-4.8,I-7.4	[0, 0]	0	0	[0, 0]	0	0	0	0	-
F4-rot-both	off(today)	OFMMFMM	O:ok F:noop M:ok M:ok F:noop M:ok M:ok	ok	same	I-2.1,I-4.8,I-7.4	[0, 0]	0	0	[0, 0]	0	0	0	0	-
F4-rot-both	off(today)	OFMMFOF	O:ok F:noop M:ok M:ok F:noop O:ok F:ok(F=3,reclaimed=1)	ok	same	I-2.1,I-4.8,I-7.4	[0, 0]	0	0	[0, 0]	0	0	0	0	-
F4-rot-both	off(today)	OFMMFOO	O:ok F:noop M:ok M:ok F:noop O:ok O:ok	ok	same	I-2.1,I-4.8,I-7.4	[0, 0]	0	0	[0, 0]	0	0	0	0	-
F4-rot-both	off(today)	OFMMFOM	O:ok F:noop M:ok M:ok F:noop O:ok M:ok	ok	same	I-2.1,I-4.8,I-7.4	[0, 0]	0	0	[0, 0]	0	0	0	0	-
F4-rot-both	off(today)	OFMMMFF	O:ok F:noop M:ok M:ok M:ok F:noop F:noop	ok	same	I-2.1,I-4.8,I-7.4	[0, 0]	0	0	[0, 0]	0	0	0	0	-
F4-rot-both	off(today)	OFMMMFM	O:ok F:noop M:ok M:ok M:ok F:noop M:ok	ok	same	I-2.1,I-4.8,I-7.4	[0, 0]	0	0	[0, 0]	0	0	0	0	-
F4-rot-both	off(today)	OFMMMFO	O:ok F:noop M:ok M:ok M:ok F:noop O:ok	ok	same	I-2.1,I-4.8,I-7.4	[0, 0]	0	0	[0, 0]	0	0	0	0	-
F4-rot-both	off(today)	OFMMMMF	O:ok F:noop M:ok M:ok M:ok M:ok F:noop	ok	same	I-2.1,I-4.8,I-7.4	[0, 0]	0	0	[0, 0]	0	0	0	0	-
F4-rot-both	off(today)	OFMMMOF	O:ok F:noop M:ok M:ok M:ok O:ok F:ok(F=3,reclaimed=1)	ok	same	I-2.1,I-4.8,I-7.4	[0, 0]	0	0	[0, 0]	0	0	0	0	-
F4-rot-both	off(today)	OFMMMMO	O:ok F:noop M:ok M:ok M:ok M:ok O:ok	ok	same	I-2.1,I-4.8,I-7.4	[0, 0]	0	0	[0, 0]	0	0	0	0	-
F4-rot-both	off(today)	OFMMMOM	O:ok F:noop M:ok M:ok M:ok O:ok M:ok	ok	same	I-2.1,I-4.8,I-7.4	[0, 0]	0	0	[0, 0]	0	0	0	0	-
F4-rot-both	off(today)	OFMMMMM	O:ok F:noop M:ok M:ok M:ok M:ok M:ok	ok	same	I-2.1,I-4.8,I-7.4	[0, 0]	0	0	[0, 0]	0	0	0	0	-
F4-rot-both	off(today)	OFMMMOO	O:ok F:noop M:ok M:ok M:ok O:ok O:ok	ok	same	I-2.1,I-4.8,I-7.4	[0, 0]	0	0	[0, 0]	0	0	0	0	-
F4-rot-both	off(today)	OFMMOFF	O:ok F:noop M:ok M:ok O:ok F:ok(F=3,reclaimed=1) F:noop	ok	same	I-2.1,I-4.8,I-7.4	[0, 0]	0	0	[0, 0]	0	0	0	0	-
F4-rot-both	off(today)	OFMMOFO	O:ok F:noop M:ok M:ok O:ok F:ok(F=3,reclaimed=1) O:ok	ok	same	I-2.1,I-4.8,I-7.4	[0, 0]	0	0	[0, 0]	0	0	0	0	-
F4-rot-both	off(today)	OFMMOFM	O:ok F:noop M:ok M:ok O:ok F:ok(F=3,reclaimed=1) M:ok	ok	same	I-2.1,I-4.8,I-7.4	[0, 0]	0	0	[0, 0]	0	0	0	0	-
F4-rot-both	off(today)	OFMMOMF	O:ok F:noop M:ok M:ok O:ok M:ok F:ok(F=3,reclaimed=1)	ok	same	I-2.1,I-4.8,I-7.4	[0, 0]	0	0	[0, 0]	0	0	0	0	-
F4-rot-both	off(today)	OFMMOOF	O:ok F:noop M:ok M:ok O:ok O:ok F:ok(F=6,reclaimed=18)	ok	same	I-2.1,I-4.8,I-7.4	[0, 0]	0	0	[0, 0]	0	0	0	0	-
F4-rot-both	off(today)	OFMMOMO	O:ok F:noop M:ok M:ok O:ok M:ok O:ok	ok	same	I-2.1,I-4.8,I-7.4	[0, 0]	0	0	[0, 0]	0	0	0	0	-
F4-rot-both	off(today)	OFMMOMM	O:ok F:noop M:ok M:ok O:ok M:ok M:ok	ok	same	I-2.1,I-4.8,I-7.4	[0, 0]	0	0	[0, 0]	0	0	0	0	-
F4-rot-both	off(today)	OFMMOOM	O:ok F:noop M:ok M:ok O:ok O:ok M:ok	ok	same	I-2.1,I-4.8,I-7.4	[0, 0]	0	0	[0, 0]	0	0	0	0	-
F4-rot-both	off(today)	OFMMOOO	O:ok F:noop M:ok M:ok O:ok O:ok O:ok	ok	same	I-2.1,I-4.8,I-7.4	[0, 0]	0	0	[0, 0]	0	0	0	0	-
F4-rot-both	off(today)	OFMOFFF	O:ok F:noop M:ok O:ok F:ok(F=3,reclaimed=1) F:noop F:noop	ok	same	I-2.1,I-4.8,I-7.4	[0, 0]	0	0	[0, 0]	0	0	0	0	-
F4-rot-both	off(today)	OFMOFFM	O:ok F:noop M:ok O:ok F:ok(F=3,reclaimed=1) F:noop M:ok	ok	same	I-2.1,I-4.8,I-7.4	[0, 0]	0	0	[0, 0]	0	0	0	0	-
F4-rot-both	off(today)	OFMOFFO	O:ok F:noop M:ok O:ok F:ok(F=3,reclaimed=1) F:noop O:ok	ok	same	I-2.1,I-4.8,I-7.4	[0, 0]	0	0	[0, 0]	0	0	0	0	-
F4-rot-both	off(today)	OFMOFMO	O:ok F:noop M:ok O:ok F:ok(F=3,reclaimed=1) M:ok O:ok	ok	same	I-2.1,I-4.8,I-7.4	[0, 0]	0	0	[0, 0]	0	0	0	0	-
F4-rot-both	off(today)	OFMOFMF	O:ok F:noop M:ok O:ok F:ok(F=3,reclaimed=1) M:ok F:noop	ok	same	I-2.1,I-4.8,I-7.4	[0, 0]	0	0	[0, 0]	0	0	0	0	-
F4-rot-both	off(today)	OFMOFMM	O:ok F:noop M:ok O:ok F:ok(F=3,reclaimed=1) M:ok M:ok	ok	same	I-2.1,I-4.8,I-7.4	[0, 0]	0	0	[0, 0]	0	0	0	0	-
F4-rot-both	off(today)	OFMOFOF	O:ok F:noop M:ok O:ok F:ok(F=3,reclaimed=1) O:ok F:ok(F=6,reclaimed=17)	ok	same	I-2.1,I-4.8,I-7.4	[0, 0]	0	0	[0, 0]	0	0	0	0	-
F4-rot-both	off(today)	OFMOFOM	O:ok F:noop M:ok O:ok F:ok(F=3,reclaimed=1) O:ok M:ok	ok	same	I-2.1,I-4.8,I-7.4	[0, 0]	0	0	[0, 0]	0	0	0	0	-
F4-rot-both	off(today)	OFMOFOO	O:ok F:noop M:ok O:ok F:ok(F=3,reclaimed=1) O:ok O:ok	ok	same	I-2.1,I-4.8,I-7.4	[0, 0]	0	0	[0, 0]	0	0	0	0	-
F4-rot-both	off(today)	OFMOMFF	O:ok F:noop M:ok O:ok M:ok F:ok(F=3,reclaimed=1) F:noop	ok	same	I-2.1,I-4.8,I-7.4	[0, 0]	0	0	[0, 0]	0	0	0	0	-
F4-rot-both	off(today)	OFMOMFM	O:ok F:noop M:ok O:ok M:ok F:ok(F=3,reclaimed=1) M:ok	ok	same	I-2.1,I-4.8,I-7.4	[0, 0]	0	0	[0, 0]	0	0	0	0	-
F4-rot-both	off(today)	OFMOMFO	O:ok F:noop M:ok O:ok M:ok F:ok(F=3,reclaimed=1) O:ok	ok	same	I-2.1,I-4.8,I-7.4	[0, 0]	0	0	[0, 0]	0	0	0	0	-
F4-rot-both	off(today)	OFMOMMF	O:ok F:noop M:ok O:ok M:ok M:ok F:ok(F=3,reclaimed=1)	ok	same	I-2.1,I-4.8,I-7.4	[0, 0]	0	0	[0, 0]	0	0	0	0	-
F4-rot-both	off(today)	OFMOMMM	O:ok F:noop M:ok O:ok M:ok M:ok M:ok	ok	same	I-2.1,I-4.8,I-7.4	[0, 0]	0	0	[0, 0]	0	0	0	0	-
F4-rot-both	off(today)	OFMOMOF	O:ok F:noop M:ok O:ok M:ok O:ok F:ok(F=6,reclaimed=18)	ok	same	I-2.1,I-4.8,I-7.4	[0, 0]	0	0	[0, 0]	0	0	0	0	-
F4-rot-both	off(today)	OFMOMMO	O:ok F:noop M:ok O:ok M:ok M:ok O:ok	ok	same	I-2.1,I-4.8,I-7.4	[0, 0]	0	0	[0, 0]	0	0	0	0	-
F4-rot-both	off(today)	OFMOMOM	O:ok F:noop M:ok O:ok M:ok O:ok M:ok	ok	same	I-2.1,I-4.8,I-7.4	[0, 0]	0	0	[0, 0]	0	0	0	0	-
F4-rot-both	off(today)	OFMOMOO	O:ok F:noop M:ok O:ok M:ok O:ok O:ok	ok	same	I-2.1,I-4.8,I-7.4	[0, 0]	0	0	[0, 0]	0	0	0	0	-
F4-rot-both	off(today)	OFMOOFF	O:ok F:noop M:ok O:ok O:ok F:ok(F=6,reclaimed=18) F:noop	ok	same	I-2.1,I-4.8,I-7.4	[0, 0]	0	0	[0, 0]	0	0	0	0	-
F4-rot-both	off(today)	OFMOOFO	O:ok F:noop M:ok O:ok O:ok F:ok(F=6,reclaimed=18) O:ok	ok	same	I-2.1,I-4.8,I-7.4	[0, 0]	0	0	[0, 0]	0	0	0	0	-
F4-rot-both	off(today)	OFMOOFM	O:ok F:noop M:ok O:ok O:ok F:ok(F=6,reclaimed=18) M:ok	ok	same	I-2.1,I-4.8,I-7.4	[0, 0]	0	0	[0, 0]	0	0	0	0	-
F4-rot-both	off(today)	OFMOOOF	O:ok F:noop M:ok O:ok O:ok O:ok F:ok(F=7,reclaimed=26)	ok	same	-	[0, 0]	0	0	[0, 0]	0	0	0	0	-
F4-rot-both	off(today)	OFMOOMF	O:ok F:noop M:ok O:ok O:ok M:ok F:ok(F=6,reclaimed=18)	ok	same	I-2.1,I-4.8,I-7.4	[0, 0]	0	0	[0, 0]	0	0	0	0	-
F4-rot-both	off(today)	OFMOOMO	O:ok F:noop M:ok O:ok O:ok M:ok O:ok	ok	same	I-2.1,I-4.8,I-7.4	[0, 0]	0	0	[0, 0]	0	0	0	0	-
F4-rot-both	off(today)	OFMOOMM	O:ok F:noop M:ok O:ok O:ok M:ok M:ok	ok	same	I-2.1,I-4.8,I-7.4	[0, 0]	0	0	[0, 0]	0	0	0	0	-
F4-rot-both	off(today)	OFOFFFF	O:ok F:noop O:ok F:ok(F=3,reclaimed=1) F:noop F:noop F:noop	ok	same	I-2.1,I-4.8,I-7.4	[0, 0]	0	0	[0, 0]	0	0	0	0	-
F4-rot-both	off(today)	OFOFFFM	O:ok F:noop O:ok F:ok(F=3,reclaimed=1) F:noop F:noop M:ok	ok	same	I-2.1,I-4.8,I-7.4	[0, 0]	0	0	[0, 0]	0	0	0	0	-
F4-rot-both	off(today)	OFMOOOO	O:ok F:noop M:ok O:ok O:ok O:ok O:ok	ok	same	I-2.1,I-4.8,I-7.4	[0, 0]	0	0	[0, 0]	0	0	0	0	-
F4-rot-both	off(today)	OFMOOOM	O:ok F:noop M:ok O:ok O:ok O:ok M:ok	ok	same	I-2.1,I-4.8,I-7.4	[0, 0]	0	0	[0, 0]	0	0	0	0	-
F4-rot-both	off(today)	OFOFFMO	O:ok F:noop O:ok F:ok(F=3,reclaimed=1) F:noop M:ok O:ok	ok	same	I-2.1,I-4.8,I-7.4	[0, 0]	0	0	[0, 0]	0	0	0	0	-
F4-rot-both	off(today)	OFOFFFO	O:ok F:noop O:ok F:ok(F=3,reclaimed=1) F:noop F:noop O:ok	ok	same	I-2.1,I-4.8,I-7.4	[0, 0]	0	0	[0, 0]	0	0	0	0	-
F4-rot-both	off(today)	OFOFFMF	O:ok F:noop O:ok F:ok(F=3,reclaimed=1) F:noop M:ok F:noop	ok	same	I-2.1,I-4.8,I-7.4	[0, 0]	0	0	[0, 0]	0	0	0	0	-
F4-rot-both	off(today)	OFOFFMM	O:ok F:noop O:ok F:ok(F=3,reclaimed=1) F:noop M:ok M:ok	ok	same	I-2.1,I-4.8,I-7.4	[0, 0]	0	0	[0, 0]	0	0	0	0	-
F4-rot-both	off(today)	OFOFFOF	O:ok F:noop O:ok F:ok(F=3,reclaimed=1) F:noop O:ok F:ok(F=6,reclaimed=17)	ok	same	I-2.1,I-4.8,I-7.4	[0, 0]	0	0	[0, 0]	0	0	0	0	-
F4-rot-both	off(today)	OFOFFOM	O:ok F:noop O:ok F:ok(F=3,reclaimed=1) F:noop O:ok M:ok	ok	same	I-2.1,I-4.8,I-7.4	[0, 0]	0	0	[0, 0]	0	0	0	0	-
F4-rot-both	off(today)	OFOFFOO	O:ok F:noop O:ok F:ok(F=3,reclaimed=1) F:noop O:ok O:ok	ok	same	I-2.1,I-4.8,I-7.4	[0, 0]	0	0	[0, 0]	0	0	0	0	-
F4-rot-both	off(today)	OFOFMFF	O:ok F:noop O:ok F:ok(F=3,reclaimed=1) M:ok F:noop F:noop	ok	same	I-2.1,I-4.8,I-7.4	[0, 0]	0	0	[0, 0]	0	0	0	0	-
F4-rot-both	off(today)	OFOFMFO	O:ok F:noop O:ok F:ok(F=3,reclaimed=1) M:ok F:noop O:ok	ok	same	I-2.1,I-4.8,I-7.4	[0, 0]	0	0	[0, 0]	0	0	0	0	-
F4-rot-both	off(today)	OFOFMFM	O:ok F:noop O:ok F:ok(F=3,reclaimed=1) M:ok F:noop M:ok	ok	same	I-2.1,I-4.8,I-7.4	[0, 0]	0	0	[0, 0]	0	0	0	0	-
F4-rot-both	off(today)	OFOFMMF	O:ok F:noop O:ok F:ok(F=3,reclaimed=1) M:ok M:ok F:noop	ok	same	I-2.1,I-4.8,I-7.4	[0, 0]	0	0	[0, 0]	0	0	0	0	-
F4-rot-both	off(today)	OFOFMMO	O:ok F:noop O:ok F:ok(F=3,reclaimed=1) M:ok M:ok O:ok	ok	same	I-2.1,I-4.8,I-7.4	[0, 0]	0	0	[0, 0]	0	0	0	0	-
F4-rot-both	off(today)	OFOFMOF	O:ok F:noop O:ok F:ok(F=3,reclaimed=1) M:ok O:ok F:ok(F=6,reclaimed=17)	ok	same	I-2.1,I-4.8,I-7.4	[0, 0]	0	0	[0, 0]	0	0	0	0	-
F4-rot-both	off(today)	OFOFMMM	O:ok F:noop O:ok F:ok(F=3,reclaimed=1) M:ok M:ok M:ok	ok	same	I-2.1,I-4.8,I-7.4	[0, 0]	0	0	[0, 0]	0	0	0	0	-
F4-rot-both	off(today)	OFOFOFF	O:ok F:noop O:ok F:ok(F=3,reclaimed=1) O:ok F:ok(F=6,reclaimed=17) F:noop	ok	same	I-2.1,I-4.8,I-7.4	[0, 0]	0	0	[0, 0]	0	0	0	0	-
F4-rot-both	off(today)	OFOFMOO	O:ok F:noop O:ok F:ok(F=3,reclaimed=1) M:ok O:ok O:ok	ok	same	I-2.1,I-4.8,I-7.4	[0, 0]	0	0	[0, 0]	0	0	0	0	-
F4-rot-both	off(today)	OFOFMOM	O:ok F:noop O:ok F:ok(F=3,reclaimed=1) M:ok O:ok M:ok	ok	same	I-2.1,I-4.8,I-7.4	[0, 0]	0	0	[0, 0]	0	0	0	0	-
F4-rot-both	off(today)	OFOFOFM	O:ok F:noop O:ok F:ok(F=3,reclaimed=1) O:ok F:ok(F=6,reclaimed=17) M:ok	ok	same	I-2.1,I-4.8,I-7.4	[0, 0]	0	0	[0, 0]	0	0	0	0	-
F4-rot-both	off(today)	OFOFOFO	O:ok F:noop O:ok F:ok(F=3,reclaimed=1) O:ok F:ok(F=6,reclaimed=17) O:ok	ok	same	I-2.1,I-4.8,I-7.4	[0, 0]	0	0	[0, 0]	0	0	0	0	-
F4-rot-both	off(today)	OFOFOMF	O:ok F:noop O:ok F:ok(F=3,reclaimed=1) O:ok M:ok F:ok(F=6,reclaimed=17)	ok	same	I-2.1,I-4.8,I-7.4	[0, 0]	0	0	[0, 0]	0	0	0	0	-
F4-rot-both	off(today)	OFOFOMO	O:ok F:noop O:ok F:ok(F=3,reclaimed=1) O:ok M:ok O:ok	ok	same	I-2.1,I-4.8,I-7.4	[0, 0]	0	0	[0, 0]	0	0	0	0	-
F4-rot-both	off(today)	OFOFOMM	O:ok F:noop O:ok F:ok(F=3,reclaimed=1) O:ok M:ok M:ok	ok	same	I-2.1,I-4.8,I-7.4	[0, 0]	0	0	[0, 0]	0	0	0	0	-
F4-rot-both	off(today)	OFOFOOF	O:ok F:noop O:ok F:ok(F=3,reclaimed=1) O:ok O:ok F:ok(F=7,reclaimed=25)	ok	same	-	[0, 0]	0	0	[0, 0]	0	0	0	0	-
F4-rot-both	off(today)	OFOFOOO	O:ok F:noop O:ok F:ok(F=3,reclaimed=1) O:ok O:ok O:ok	ok	same	I-2.1,I-4.8,I-7.4	[0, 0]	0	0	[0, 0]	0	0	0	0	-
F4-rot-both	off(today)	OFOFOOM	O:ok F:noop O:ok F:ok(F=3,reclaimed=1) O:ok O:ok M:ok	ok	same	I-2.1,I-4.8,I-7.4	[0, 0]	0	0	[0, 0]	0	0	0	0	-
F4-rot-both	off(today)	OFOMFFF	O:ok F:noop O:ok M:ok F:ok(F=3,reclaimed=1) F:noop F:noop	ok	same	I-2.1,I-4.8,I-7.4	[0, 0]	0	0	[0, 0]	0	0	0	0	-
F4-rot-both	off(today)	OFOMFFO	O:ok F:noop O:ok M:ok F:ok(F=3,reclaimed=1) F:noop O:ok	ok	same	I-2.1,I-4.8,I-7.4	[0, 0]	0	0	[0, 0]	0	0	0	0	-
F4-rot-both	off(today)	OFOMFFM	O:ok F:noop O:ok M:ok F:ok(F=3,reclaimed=1) F:noop M:ok	ok	same	I-2.1,I-4.8,I-7.4	[0, 0]	0	0	[0, 0]	0	0	0	0	-
F4-rot-both	off(today)	OFOMFMF	O:ok F:noop O:ok M:ok F:ok(F=3,reclaimed=1) M:ok F:noop	ok	same	I-2.1,I-4.8,I-7.4	[0, 0]	0	0	[0, 0]	0	0	0	0	-
F4-rot-both	off(today)	OFOMFMM	O:ok F:noop O:ok M:ok F:ok(F=3,reclaimed=1) M:ok M:ok	ok	same	I-2.1,I-4.8,I-7.4	[0, 0]	0	0	[0, 0]	0	0	0	0	-
F4-rot-both	off(today)	OFOMFMO	O:ok F:noop O:ok M:ok F:ok(F=3,reclaimed=1) M:ok O:ok	ok	same	I-2.1,I-4.8,I-7.4	[0, 0]	0	0	[0, 0]	0	0	0	0	-
F4-rot-both	off(today)	OFOMFOF	O:ok F:noop O:ok M:ok F:ok(F=3,reclaimed=1) O:ok F:ok(F=6,reclaimed=17)	ok	same	I-2.1,I-4.8,I-7.4	[0, 0]	0	0	[0, 0]	0	0	0	0	-
F4-rot-both	off(today)	OFOMFOM	O:ok F:noop O:ok M:ok F:ok(F=3,reclaimed=1) O:ok M:ok	ok	same	I-2.1,I-4.8,I-7.4	[0, 0]	0	0	[0, 0]	0	0	0	0	-
F4-rot-both	off(today)	OFOMFOO	O:ok F:noop O:ok M:ok F:ok(F=3,reclaimed=1) O:ok O:ok	ok	same	I-2.1,I-4.8,I-7.4	[0, 0]	0	0	[0, 0]	0	0	0	0	-
F4-rot-both	off(today)	OFOMMFO	O:ok F:noop O:ok M:ok M:ok F:ok(F=3,reclaimed=1) O:ok	ok	same	I-2.1,I-4.8,I-7.4	[0, 0]	0	0	[0, 0]	0	0	0	0	-
F4-rot-both	off(today)	OFOMMFF	O:ok F:noop O:ok M:ok M:ok F:ok(F=3,reclaimed=1) F:noop	ok	same	I-2.1,I-4.8,I-7.4	[0, 0]	0	0	[0, 0]	0	0	0	0	-
F4-rot-both	off(today)	OFOMMFM	O:ok F:noop O:ok M:ok M:ok F:ok(F=3,reclaimed=1) M:ok	ok	same	I-2.1,I-4.8,I-7.4	[0, 0]	0	0	[0, 0]	0	0	0	0	-
F4-rot-both	off(today)	OFOMMMF	O:ok F:noop O:ok M:ok M:ok M:ok F:ok(F=3,reclaimed=1)	ok	same	I-2.1,I-4.8,I-7.4	[0, 0]	0	0	[0, 0]	0	0	0	0	-
F4-rot-both	off(today)	OFOMMOF	O:ok F:noop O:ok M:ok M:ok O:ok F:ok(F=6,reclaimed=18)	ok	same	I-2.1,I-4.8,I-7.4	[0, 0]	0	0	[0, 0]	0	0	0	0	-
F4-rot-both	off(today)	OFOMMMO	O:ok F:noop O:ok M:ok M:ok M:ok O:ok	ok	same	I-2.1,I-4.8,I-7.4	[0, 0]	0	0	[0, 0]	0	0	0	0	-
F4-rot-both	off(today)	OFOMMMM	O:ok F:noop O:ok M:ok M:ok M:ok M:ok	ok	same	I-2.1,I-4.8,I-7.4	[0, 0]	0	0	[0, 0]	0	0	0	0	-
F4-rot-both	off(today)	OFOMMOM	O:ok F:noop O:ok M:ok M:ok O:ok M:ok	ok	same	I-2.1,I-4.8,I-7.4	[0, 0]	0	0	[0, 0]	0	0	0	0	-
F4-rot-both	off(today)	OFOMOFM	O:ok F:noop O:ok M:ok O:ok F:ok(F=6,reclaimed=18) M:ok	ok	same	I-2.1,I-4.8,I-7.4	[0, 0]	0	0	[0, 0]	0	0	0	0	-
F4-rot-both	off(today)	OFOMOFF	O:ok F:noop O:ok M:ok O:ok F:ok(F=6,reclaimed=18) F:noop	ok	same	I-2.1,I-4.8,I-7.4	[0, 0]	0	0	[0, 0]	0	0	0	0	-
F4-rot-both	off(today)	OFOMMOO	O:ok F:noop O:ok M:ok M:ok O:ok O:ok	ok	same	I-2.1,I-4.8,I-7.4	[0, 0]	0	0	[0, 0]	0	0	0	0	-
F4-rot-both	off(today)	OFOMOFO	O:ok F:noop O:ok M:ok O:ok F:ok(F=6,reclaimed=18) O:ok	ok	same	I-2.1,I-4.8,I-7.4	[0, 0]	0	0	[0, 0]	0	0	0	0	-
F4-rot-both	off(today)	OFOMOMO	O:ok F:noop O:ok M:ok O:ok M:ok O:ok	ok	same	I-2.1,I-4.8,I-7.4	[0, 0]	0	0	[0, 0]	0	0	0	0	-
F4-rot-both	off(today)	OFOMOMF	O:ok F:noop O:ok M:ok O:ok M:ok F:ok(F=6,reclaimed=18)	ok	same	I-2.1,I-4.8,I-7.4	[0, 0]	0	0	[0, 0]	0	0	0	0	-
F4-rot-both	off(today)	OFOMOMM	O:ok F:noop O:ok M:ok O:ok M:ok M:ok	ok	same	I-2.1,I-4.8,I-7.4	[0, 0]	0	0	[0, 0]	0	0	0	0	-
F4-rot-both	off(today)	OFOMOOF	O:ok F:noop O:ok M:ok O:ok O:ok F:ok(F=7,reclaimed=26)	ok	same	-	[0, 0]	0	0	[0, 0]	0	0	0	0	-
F4-rot-both	off(today)	OFOOFFF	O:ok F:noop O:ok O:ok F:ok(F=6,reclaimed=18) F:noop F:noop	ok	same	I-2.1,I-4.8,I-7.4	[0, 0]	0	0	[0, 0]	0	0	0	0	-
F4-rot-both	off(today)	OFOMOOO	O:ok F:noop O:ok M:ok O:ok O:ok O:ok	ok	same	I-2.1,I-4.8,I-7.4	[0, 0]	0	0	[0, 0]	0	0	0	0	-
F4-rot-both	off(today)	OFOMOOM	O:ok F:noop O:ok M:ok O:ok O:ok M:ok	ok	same	I-2.1,I-4.8,I-7.4	[0, 0]	0	0	[0, 0]	0	0	0	0	-
F4-rot-both	off(today)	OFOOFFM	O:ok F:noop O:ok O:ok F:ok(F=6,reclaimed=18) F:noop M:ok	ok	same	I-2.1,I-4.8,I-7.4	[0, 0]	0	0	[0, 0]	0	0	0	0	-
F4-rot-both	off(today)	OFOOFFO	O:ok F:noop O:ok O:ok F:ok(F=6,reclaimed=18) F:noop O:ok	ok	same	I-2.1,I-4.8,I-7.4	[0, 0]	0	0	[0, 0]	0	0	0	0	-
F4-rot-both	off(today)	OFOOFMF	O:ok F:noop O:ok O:ok F:ok(F=6,reclaimed=18) M:ok F:noop	ok	same	I-2.1,I-4.8,I-7.4	[0, 0]	0	0	[0, 0]	0	0	0	0	-
F4-rot-both	off(today)	OFOOFMM	O:ok F:noop O:ok O:ok F:ok(F=6,reclaimed=18) M:ok M:ok	ok	same	I-2.1,I-4.8,I-7.4	[0, 0]	0	0	[0, 0]	0	0	0	0	-
F4-rot-both	off(today)	OFOOFMO	O:ok F:noop O:ok O:ok F:ok(F=6,reclaimed=18) M:ok O:ok	ok	same	I-2.1,I-4.8,I-7.4	[0, 0]	0	0	[0, 0]	0	0	0	0	-
F4-rot-both	off(today)	OFOOFOF	O:ok F:noop O:ok O:ok F:ok(F=6,reclaimed=18) O:ok F:ok(F=7,reclaimed=8)	ok	same	-	[0, 0]	0	0	[0, 0]	0	0	0	0	-
F4-rot-both	off(today)	OFOOFOO	O:ok F:noop O:ok O:ok F:ok(F=6,reclaimed=18) O:ok O:ok	ok	same	I-2.1,I-4.8,I-7.4	[0, 0]	0	0	[0, 0]	0	0	0	0	-
F4-rot-both	off(today)	OFOOFOM	O:ok F:noop O:ok O:ok F:ok(F=6,reclaimed=18) O:ok M:ok	ok	same	I-2.1,I-4.8,I-7.4	[0, 0]	0	0	[0, 0]	0	0	0	0	-
F4-rot-both	off(today)	OFOOMFF	O:ok F:noop O:ok O:ok M:ok F:ok(F=6,reclaimed=18) F:noop	ok	same	I-2.1,I-4.8,I-7.4	[0, 0]	0	0	[0, 0]	0	0	0	0	-
F4-rot-both	off(today)	OFOOMFO	O:ok F:noop O:ok O:ok M:ok F:ok(F=6,reclaimed=18) O:ok	ok	same	I-2.1,I-4.8,I-7.4	[0, 0]	0	0	[0, 0]	0	0	0	0	-
F4-rot-both	off(today)	OFOOMFM	O:ok F:noop O:ok O:ok M:ok F:ok(F=6,reclaimed=18) M:ok	ok	same	I-2.1,I-4.8,I-7.4	[0, 0]	0	0	[0, 0]	0	0	0	0	-
F4-rot-both	off(today)	OFOOMMF	O:ok F:noop O:ok O:ok M:ok M:ok F:ok(F=6,reclaimed=18)	ok	same	I-2.1,I-4.8,I-7.4	[0, 0]	0	0	[0, 0]	0	0	0	0	-
F4-rot-both	off(today)	OFOOMMM	O:ok F:noop O:ok O:ok M:ok M:ok M:ok	ok	same	I-2.1,I-4.8,I-7.4	[0, 0]	0	0	[0, 0]	0	0	0	0	-
F4-rot-both	off(today)	OFOOMOF	O:ok F:noop O:ok O:ok M:ok O:ok F:ok(F=7,reclaimed=26)	ok	same	-	[0, 0]	0	0	[0, 0]	0	0	0	0	-
F4-rot-both	off(today)	OFOOMOM	O:ok F:noop O:ok O:ok M:ok O:ok M:ok	ok	same	I-2.1,I-4.8,I-7.4	[0, 0]	0	0	[0, 0]	0	0	0	0	-
F4-rot-both	off(today)	OFOOMMO	O:ok F:noop O:ok O:ok M:ok M:ok O:ok	ok	same	I-2.1,I-4.8,I-7.4	[0, 0]	0	0	[0, 0]	0	0	0	0	-
F4-rot-both	off(today)	OFOOMOO	O:ok F:noop O:ok O:ok M:ok O:ok O:ok	ok	same	I-2.1,I-4.8,I-7.4	[0, 0]	0	0	[0, 0]	0	0	0	0	-
F4-rot-both	off(today)	OFOOOFF	O:ok F:noop O:ok O:ok O:ok F:ok(F=7,reclaimed=26) F:noop	ok	same	-	[0, 0]	0	0	[0, 0]	0	0	0	0	-
F4-rot-both	off(today)	OFOOOFO	O:ok F:noop O:ok O:ok O:ok F:ok(F=7,reclaimed=26) O:ok	ok	same	-	[0, 0]	0	0	[0, 0]	0	0	0	0	-
F4-rot-both	off(today)	OFOOOFM	O:ok F:noop O:ok O:ok O:ok F:ok(F=7,reclaimed=26) M:ok	ok	same	-	[0, 0]	0	0	[0, 0]	0	0	0	0	-
F4-rot-both	off(today)	OFOOOMF	O:ok F:noop O:ok O:ok O:ok M:ok F:ok(F=7,reclaimed=26)	ok	same	-	[0, 0]	0	0	[0, 0]	0	0	0	0	-
F4-rot-both	off(today)	OFOOOOF	O:ok F:noop O:ok O:ok O:ok O:ok F:ok(F=8,reclaimed=34)	ok	same	-	[0, 0]	0	0	[0, 0]	0	0	0	0	-
F4-rot-both	off(today)	OFOOOMO	O:ok F:noop O:ok O:ok O:ok M:ok O:ok	ok	same	I-2.1,I-4.8,I-7.4	[0, 0]	0	0	[0, 0]	0	0	0	0	-
F4-rot-both	off(today)	OFOOOOM	O:ok F:noop O:ok O:ok O:ok O:ok M:ok	ok	same	I-2.1,I-4.8,I-7.4	[0, 0]	0	0	[0, 0]	0	0	0	0	-
F4-rot-both	off(today)	OFOOOMM	O:ok F:noop O:ok O:ok O:ok M:ok M:ok	ok	same	I-2.1,I-4.8,I-7.4	[0, 0]	0	0	[0, 0]	0	0	0	0	-
F4-rot-both	off(today)	OFOOOOO	O:ok F:noop O:ok O:ok O:ok O:ok O:ok	ok	same	I-2.1,I-4.8,I-7.4	[0, 0]	0	0	[0, 0]	0	0	0	0	-
F4-rot-both	off(today)	OMFFFFF	O:ok M:ok F:noop F:noop F:noop F:noop F:noop	ok	same	I-2.1,I-4.8,I-7.4	[0, 0]	0	0	[0, 0]	0	0	0	0	-
F4-rot-both	off(today)	OMFFFFO	O:ok M:ok F:noop F:noop F:noop F:noop O:ok	ok	same	I-2.1,I-4.8,I-7.4	[0, 0]	0	0	[0, 0]	0	0	0	0	-
F4-rot-both	off(today)	OMFFFFM	O:ok M:ok F:noop F:noop F:noop F:noop M:ok	ok	same	I-2.1,I-4.8,I-7.4	[0, 0]	0	0	[0, 0]	0	0	0	0	-
F4-rot-both	off(today)	OMFFFMF	O:ok M:ok F:noop F:noop F:noop M:ok F:noop	ok	same	I-2.1,I-4.8,I-7.4	[0, 0]	0	0	[0, 0]	0	0	0	0	-
F4-rot-both	off(today)	OMFFFMM	O:ok M:ok F:noop F:noop F:noop M:ok M:ok	ok	same	I-2.1,I-4.8,I-7.4	[0, 0]	0	0	[0, 0]	0	0	0	0	-
F4-rot-both	off(today)	OMFFFMO	O:ok M:ok F:noop F:noop F:noop M:ok O:ok	ok	same	I-2.1,I-4.8,I-7.4	[0, 0]	0	0	[0, 0]	0	0	0	0	-
F4-rot-both	off(today)	OMFFFOO	O:ok M:ok F:noop F:noop F:noop O:ok O:ok	ok	same	I-2.1,I-4.8,I-7.4	[0, 0]	0	0	[0, 0]	0	0	0	0	-
F4-rot-both	off(today)	OMFFFOF	O:ok M:ok F:noop F:noop F:noop O:ok F:ok(F=3,reclaimed=1)	ok	same	I-2.1,I-4.8,I-7.4	[0, 0]	0	0	[0, 0]	0	0	0	0	-
F4-rot-both	off(today)	OMFFFOM	O:ok M:ok F:noop F:noop F:noop O:ok M:ok	ok	same	I-2.1,I-4.8,I-7.4	[0, 0]	0	0	[0, 0]	0	0	0	0	-
F4-rot-both	off(today)	OMFFMFF	O:ok M:ok F:noop F:noop M:ok F:noop F:noop	ok	same	I-2.1,I-4.8,I-7.4	[0, 0]	0	0	[0, 0]	0	0	0	0	-
F4-rot-both	off(today)	OMFFMFO	O:ok M:ok F:noop F:noop M:ok F:noop O:ok	ok	same	I-2.1,I-4.8,I-7.4	[0, 0]	0	0	[0, 0]	0	0	0	0	-
F4-rot-both	off(today)	OMFFMFM	O:ok M:ok F:noop F:noop M:ok F:noop M:ok	ok	same	I-2.1,I-4.8,I-7.4	[0, 0]	0	0	[0, 0]	0	0	0	0	-
F4-rot-both	off(today)	OMFFMMF	O:ok M:ok F:noop F:noop M:ok M:ok F:noop	ok	same	I-2.1,I-4.8,I-7.4	[0, 0]	0	0	[0, 0]	0	0	0	0	-
F4-rot-both	off(today)	OMFFMOF	O:ok M:ok F:noop F:noop M:ok O:ok F:ok(F=3,reclaimed=1)	ok	same	I-2.1,I-4.8,I-7.4	[0, 0]	0	0	[0, 0]	0	0	0	0	-
F4-rot-both	off(today)	OMFFMMM	O:ok M:ok F:noop F:noop M:ok M:ok M:ok	ok	same	I-2.1,I-4.8,I-7.4	[0, 0]	0	0	[0, 0]	0	0	0	0	-
F4-rot-both	off(today)	OMFFMMO	O:ok M:ok F:noop F:noop M:ok M:ok O:ok	ok	same	I-2.1,I-4.8,I-7.4	[0, 0]	0	0	[0, 0]	0	0	0	0	-
F4-rot-both	off(today)	OMFFMOM	O:ok M:ok F:noop F:noop M:ok O:ok M:ok	ok	same	I-2.1,I-4.8,I-7.4	[0, 0]	0	0	[0, 0]	0	0	0	0	-
F4-rot-both	off(today)	OMFFOFF	O:ok M:ok F:noop F:noop O:ok F:ok(F=3,reclaimed=1) F:noop	ok	same	I-2.1,I-4.8,I-7.4	[0, 0]	0	0	[0, 0]	0	0	0	0	-
F4-rot-both	off(today)	OMFFMOO	O:ok M:ok F:noop F:noop M:ok O:ok O:ok	ok	same	I-2.1,I-4.8,I-7.4	[0, 0]	0	0	[0, 0]	0	0	0	0	-
F4-rot-both	off(today)	OMFFOFM	O:ok M:ok F:noop F:noop O:ok F:ok(F=3,reclaimed=1) M:ok	ok	same	I-2.1,I-4.8,I-7.4	[0, 0]	0	0	[0, 0]	0	0	0	0	-
F4-rot-both	off(today)	OMFFOFO	O:ok M:ok F:noop F:noop O:ok F:ok(F=3,reclaimed=1) O:ok	ok	same	I-2.1,I-4.8,I-7.4	[0, 0]	0	0	[0, 0]	0	0	0	0	-
F4-rot-both	off(today)	OMFFOMF	O:ok M:ok F:noop F:noop O:ok M:ok F:ok(F=3,reclaimed=1)	ok	same	I-2.1,I-4.8,I-7.4	[0, 0]	0	0	[0, 0]	0	0	0	0	-
F4-rot-both	off(today)	OMFFOMM	O:ok M:ok F:noop F:noop O:ok M:ok M:ok	ok	same	I-2.1,I-4.8,I-7.4	[0, 0]	0	0	[0, 0]	0	0	0	0	-
F4-rot-both	off(today)	OMFFOOF	O:ok M:ok F:noop F:noop O:ok O:ok F:ok(F=6,reclaimed=18)	ok	same	I-2.1,I-4.8,I-7.4	[0, 0]	0	0	[0, 0]	0	0	0	0	-
F4-rot-both	off(today)	OMFFOOM	O:ok M:ok F:noop F:noop O:ok O:ok M:ok	ok	same	I-2.1,I-4.8,I-7.4	[0, 0]	0	0	[0, 0]	0	0	0	0	-
F4-rot-both	off(today)	OMFFOOO	O:ok M:ok F:noop F:noop O:ok O:ok O:ok	ok	same	I-2.1,I-4.8,I-7.4	[0, 0]	0	0	[0, 0]	0	0	0	0	-
F4-rot-both	off(today)	OMFFOMO	O:ok M:ok F:noop F:noop O:ok M:ok O:ok	ok	same	I-2.1,I-4.8,I-7.4	[0, 0]	0	0	[0, 0]	0	0	0	0	-
F4-rot-both	off(today)	OMFMFFF	O:ok M:ok F:noop M:ok F:noop F:noop F:noop	ok	same	I-2.1,I-4.8,I-7.4	[0, 0]	0	0	[0, 0]	0	0	0	0	-
F4-rot-both	off(today)	OMFMFFO	O:ok M:ok F:noop M:ok F:noop F:noop O:ok	ok	same	I-2.1,I-4.8,I-7.4	[0, 0]	0	0	[0, 0]	0	0	0	0	-
F4-rot-both	off(today)	OMFMFMF	O:ok M:ok F:noop M:ok F:noop M:ok F:noop	ok	same	I-2.1,I-4.8,I-7.4	[0, 0]	0	0	[0, 0]	0	0	0	0	-
F4-rot-both	off(today)	OMFMFFM	O:ok M:ok F:noop M:ok F:noop F:noop M:ok	ok	same	I-2.1,I-4.8,I-7.4	[0, 0]	0	0	[0, 0]	0	0	0	0	-
F4-rot-both	off(today)	OMFMFOF	O:ok M:ok F:noop M:ok F:noop O:ok F:ok(F=3,reclaimed=1)	ok	same	I-2.1,I-4.8,I-7.4	[0, 0]	0	0	[0, 0]	0	0	0	0	-
F4-rot-both	off(today)	OMFMFOM	O:ok M:ok F:noop M:ok F:noop O:ok M:ok	ok	same	I-2.1,I-4.8,I-7.4	[0, 0]	0	0	[0, 0]	0	0	0	0	-
F4-rot-both	off(today)	OMFMFMM	O:ok M:ok F:noop M:ok F:noop M:ok M:ok	ok	same	I-2.1,I-4.8,I-7.4	[0, 0]	0	0	[0, 0]	0	0	0	0	-
F4-rot-both	off(today)	OMFMFMO	O:ok M:ok F:noop M:ok F:noop M:ok O:ok	ok	same	I-2.1,I-4.8,I-7.4	[0, 0]	0	0	[0, 0]	0	0	0	0	-
F4-rot-both	off(today)	OMFMFOO	O:ok M:ok F:noop M:ok F:noop O:ok O:ok	ok	same	I-2.1,I-4.8,I-7.4	[0, 0]	0	0	[0, 0]	0	0	0	0	-
F4-rot-both	off(today)	OMFMMFM	O:ok M:ok F:noop M:ok M:ok F:noop M:ok	ok	same	I-2.1,I-4.8,I-7.4	[0, 0]	0	0	[0, 0]	0	0	0	0	-
F4-rot-both	off(today)	OMFMMFO	O:ok M:ok F:noop M:ok M:ok F:noop O:ok	ok	same	I-2.1,I-4.8,I-7.4	[0, 0]	0	0	[0, 0]	0	0	0	0	-
F4-rot-both	off(today)	OMFMMFF	O:ok M:ok F:noop M:ok M:ok F:noop F:noop	ok	same	I-2.1,I-4.8,I-7.4	[0, 0]	0	0	[0, 0]	0	0	0	0	-
F4-rot-both	off(today)	OMFMMMM	O:ok M:ok F:noop M:ok M:ok M:ok M:ok	ok	same	I-2.1,I-4.8,I-7.4	[0, 0]	0	0	[0, 0]	0	0	0	0	-
F4-rot-both	off(today)	OMFMMMF	O:ok M:ok F:noop M:ok M:ok M:ok F:noop	ok	same	I-2.1,I-4.8,I-7.4	[0, 0]	0	0	[0, 0]	0	0	0	0	-
F4-rot-both	off(today)	OMFMMOF	O:ok M:ok F:noop M:ok M:ok O:ok F:ok(F=3,reclaimed=1)	ok	same	I-2.1,I-4.8,I-7.4	[0, 0]	0	0	[0, 0]	0	0	0	0	-
F4-rot-both	off(today)	OMFMMMO	O:ok M:ok F:noop M:ok M:ok M:ok O:ok	ok	same	I-2.1,I-4.8,I-7.4	[0, 0]	0	0	[0, 0]	0	0	0	0	-
F4-rot-both	off(today)	OMFMOFF	O:ok M:ok F:noop M:ok O:ok F:ok(F=3,reclaimed=1) F:noop	ok	same	I-2.1,I-4.8,I-7.4	[0, 0]	0	0	[0, 0]	0	0	0	0	-
F4-rot-both	off(today)	OMFMMOM	O:ok M:ok F:noop M:ok M:ok O:ok M:ok	ok	same	I-2.1,I-4.8,I-7.4	[0, 0]	0	0	[0, 0]	0	0	0	0	-
F4-rot-both	off(today)	OMFMMOO	O:ok M:ok F:noop M:ok M:ok O:ok O:ok	ok	same	I-2.1,I-4.8,I-7.4	[0, 0]	0	0	[0, 0]	0	0	0	0	-
F4-rot-both	off(today)	OMFMOFM	O:ok M:ok F:noop M:ok O:ok F:ok(F=3,reclaimed=1) M:ok	ok	same	I-2.1,I-4.8,I-7.4	[0, 0]	0	0	[0, 0]	0	0	0	0	-
F4-rot-both	off(today)	OMFMOFO	O:ok M:ok F:noop M:ok O:ok F:ok(F=3,reclaimed=1) O:ok	ok	same	I-2.1,I-4.8,I-7.4	[0, 0]	0	0	[0, 0]	0	0	0	0	-
F4-rot-both	off(today)	OMFMOMO	O:ok M:ok F:noop M:ok O:ok M:ok O:ok	ok	same	I-2.1,I-4.8,I-7.4	[0, 0]	0	0	[0, 0]	0	0	0	0	-
F4-rot-both	off(today)	OMFMOMF	O:ok M:ok F:noop M:ok O:ok M:ok F:ok(F=3,reclaimed=1)	ok	same	I-2.1,I-4.8,I-7.4	[0, 0]	0	0	[0, 0]	0	0	0	0	-
F4-rot-both	off(today)	OMFMOMM	O:ok M:ok F:noop M:ok O:ok M:ok M:ok	ok	same	I-2.1,I-4.8,I-7.4	[0, 0]	0	0	[0, 0]	0	0	0	0	-
F4-rot-both	off(today)	OMFMOOF	O:ok M:ok F:noop M:ok O:ok O:ok F:ok(F=6,reclaimed=18)	ok	same	I-2.1,I-4.8,I-7.4	[0, 0]	0	0	[0, 0]	0	0	0	0	-
F4-rot-both	off(today)	OMFMOOO	O:ok M:ok F:noop M:ok O:ok O:ok O:ok	ok	same	I-2.1,I-4.8,I-7.4	[0, 0]	0	0	[0, 0]	0	0	0	0	-
F4-rot-both	off(today)	OMFMOOM	O:ok M:ok F:noop M:ok O:ok O:ok M:ok	ok	same	I-2.1,I-4.8,I-7.4	[0, 0]	0	0	[0, 0]	0	0	0	0	-
F4-rot-both	off(today)	OMFOFFF	O:ok M:ok F:noop O:ok F:ok(F=3,reclaimed=1) F:noop F:noop	ok	same	I-2.1,I-4.8,I-7.4	[0, 0]	0	0	[0, 0]	0	0	0	0	-
F4-rot-both	off(today)	OMFOFFM	O:ok M:ok F:noop O:ok F:ok(F=3,reclaimed=1) F:noop M:ok	ok	same	I-2.1,I-4.8,I-7.4	[0, 0]	0	0	[0, 0]	0	0	0	0	-
F4-rot-both	off(today)	OMFOFFO	O:ok M:ok F:noop O:ok F:ok(F=3,reclaimed=1) F:noop O:ok	ok	same	I-2.1,I-4.8,I-7.4	[0, 0]	0	0	[0, 0]	0	0	0	0	-
F4-rot-both	off(today)	OMFOFMF	O:ok M:ok F:noop O:ok F:ok(F=3,reclaimed=1) M:ok F:noop	ok	same	I-2.1,I-4.8,I-7.4	[0, 0]	0	0	[0, 0]	0	0	0	0	-
F4-rot-both	off(today)	OMFOFMO	O:ok M:ok F:noop O:ok F:ok(F=3,reclaimed=1) M:ok O:ok	ok	same	I-2.1,I-4.8,I-7.4	[0, 0]	0	0	[0, 0]	0	0	0	0	-
F4-rot-both	off(today)	OMFOFMM	O:ok M:ok F:noop O:ok F:ok(F=3,reclaimed=1) M:ok M:ok	ok	same	I-2.1,I-4.8,I-7.4	[0, 0]	0	0	[0, 0]	0	0	0	0	-
F4-rot-both	off(today)	OMFOFOF	O:ok M:ok F:noop O:ok F:ok(F=3,reclaimed=1) O:ok F:ok(F=6,reclaimed=17)	ok	same	I-2.1,I-4.8,I-7.4	[0, 0]	0	0	[0, 0]	0	0	0	0	-
F4-rot-both	off(today)	OMFOFOM	O:ok M:ok F:noop O:ok F:ok(F=3,reclaimed=1) O:ok M:ok	ok	same	I-2.1,I-4.8,I-7.4	[0, 0]	0	0	[0, 0]	0	0	0	0	-
F4-rot-both	off(today)	OMFOFOO	O:ok M:ok F:noop O:ok F:ok(F=3,reclaimed=1) O:ok O:ok	ok	same	I-2.1,I-4.8,I-7.4	[0, 0]	0	0	[0, 0]	0	0	0	0	-
F4-rot-both	off(today)	OMFOMFF	O:ok M:ok F:noop O:ok M:ok F:ok(F=3,reclaimed=1) F:noop	ok	same	I-2.1,I-4.8,I-7.4	[0, 0]	0	0	[0, 0]	0	0	0	0	-
F4-rot-both	off(today)	OMFOMFO	O:ok M:ok F:noop O:ok M:ok F:ok(F=3,reclaimed=1) O:ok	ok	same	I-2.1,I-4.8,I-7.4	[0, 0]	0	0	[0, 0]	0	0	0	0	-
F4-rot-both	off(today)	OMFOMFM	O:ok M:ok F:noop O:ok M:ok F:ok(F=3,reclaimed=1) M:ok	ok	same	I-2.1,I-4.8,I-7.4	[0, 0]	0	0	[0, 0]	0	0	0	0	-
F4-rot-both	off(today)	OMFOMMF	O:ok M:ok F:noop O:ok M:ok M:ok F:ok(F=3,reclaimed=1)	ok	same	I-2.1,I-4.8,I-7.4	[0, 0]	0	0	[0, 0]	0	0	0	0	-
F4-rot-both	off(today)	OMFOMMM	O:ok M:ok F:noop O:ok M:ok M:ok M:ok	ok	same	I-2.1,I-4.8,I-7.4	[0, 0]	0	0	[0, 0]	0	0	0	0	-
F4-rot-both	off(today)	OMFOMOF	O:ok M:ok F:noop O:ok M:ok O:ok F:ok(F=6,reclaimed=18)	ok	same	I-2.1,I-4.8,I-7.4	[0, 0]	0	0	[0, 0]	0	0	0	0	-
F4-rot-both	off(today)	OMFOMMO	O:ok M:ok F:noop O:ok M:ok M:ok O:ok	ok	same	I-2.1,I-4.8,I-7.4	[0, 0]	0	0	[0, 0]	0	0	0	0	-
F4-rot-both	off(today)	OMFOMOO	O:ok M:ok F:noop O:ok M:ok O:ok O:ok	ok	same	I-2.1,I-4.8,I-7.4	[0, 0]	0	0	[0, 0]	0	0	0	0	-
F4-rot-both	off(today)	OMFOMOM	O:ok M:ok F:noop O:ok M:ok O:ok M:ok	ok	same	I-2.1,I-4.8,I-7.4	[0, 0]	0	0	[0, 0]	0	0	0	0	-
F4-rot-both	off(today)	OMFOOFF	O:ok M:ok F:noop O:ok O:ok F:ok(F=6,reclaimed=18) F:noop	ok	same	I-2.1,I-4.8,I-7.4	[0, 0]	0	0	[0, 0]	0	0	0	0	-
F4-rot-both	off(today)	OMFOOFM	O:ok M:ok F:noop O:ok O:ok F:ok(F=6,reclaimed=18) M:ok	ok	same	I-2.1,I-4.8,I-7.4	[0, 0]	0	0	[0, 0]	0	0	0	0	-
F4-rot-both	off(today)	OMFOOFO	O:ok M:ok F:noop O:ok O:ok F:ok(F=6,reclaimed=18) O:ok	ok	same	I-2.1,I-4.8,I-7.4	[0, 0]	0	0	[0, 0]	0	0	0	0	-
F4-rot-both	off(today)	OMFOOMF	O:ok M:ok F:noop O:ok O:ok M:ok F:ok(F=6,reclaimed=18)	ok	same	I-2.1,I-4.8,I-7.4	[0, 0]	0	0	[0, 0]	0	0	0	0	-
F4-rot-both	off(today)	OMFOOMM	O:ok M:ok F:noop O:ok O:ok M:ok M:ok	ok	same	I-2.1,I-4.8,I-7.4	[0, 0]	0	0	[0, 0]	0	0	0	0	-
F4-rot-both	off(today)	OMFOOMO	O:ok M:ok F:noop O:ok O:ok M:ok O:ok	ok	same	I-2.1,I-4.8,I-7.4	[0, 0]	0	0	[0, 0]	0	0	0	0	-
F4-rot-both	off(today)	OMFOOOF	O:ok M:ok F:noop O:ok O:ok O:ok F:ok(F=7,reclaimed=26)	ok	same	-	[0, 0]	0	0	[0, 0]	0	0	0	0	-
F4-rot-both	off(today)	OMFOOOO	O:ok M:ok F:noop O:ok O:ok O:ok O:ok	ok	same	I-2.1,I-4.8,I-7.4	[0, 0]	0	0	[0, 0]	0	0	0	0	-
F4-rot-both	off(today)	OMFOOOM	O:ok M:ok F:noop O:ok O:ok O:ok M:ok	ok	same	I-2.1,I-4.8,I-7.4	[0, 0]	0	0	[0, 0]	0	0	0	0	-
F4-rot-both	off(today)	OMMFFFF	O:ok M:ok M:ok F:noop F:noop F:noop F:noop	ok	same	I-2.1,I-4.8,I-7.4	[0, 0]	0	0	[0, 0]	0	0	0	0	-
F4-rot-both	off(today)	OMMFFFO	O:ok M:ok M:ok F:noop F:noop F:noop O:ok	ok	same	I-2.1,I-4.8,I-7.4	[0, 0]	0	0	[0, 0]	0	0	0	0	-
F4-rot-both	off(today)	OMMFFFM	O:ok M:ok M:ok F:noop F:noop F:noop M:ok	ok	same	I-2.1,I-4.8,I-7.4	[0, 0]	0	0	[0, 0]	0	0	0	0	-
F4-rot-both	off(today)	OMMFFMF	O:ok M:ok M:ok F:noop F:noop M:ok F:noop	ok	same	I-2.1,I-4.8,I-7.4	[0, 0]	0	0	[0, 0]	0	0	0	0	-
F4-rot-both	off(today)	OMMFFOF	O:ok M:ok M:ok F:noop F:noop O:ok F:ok(F=3,reclaimed=1)	ok	same	I-2.1,I-4.8,I-7.4	[0, 0]	0	0	[0, 0]	0	0	0	0	-
F4-rot-both	off(today)	OMMFFMO	O:ok M:ok M:ok F:noop F:noop M:ok O:ok	ok	same	I-2.1,I-4.8,I-7.4	[0, 0]	0	0	[0, 0]	0	0	0	0	-
F4-rot-both	off(today)	OMMFFOM	O:ok M:ok M:ok F:noop F:noop O:ok M:ok	ok	same	I-2.1,I-4.8,I-7.4	[0, 0]	0	0	[0, 0]	0	0	0	0	-
F4-rot-both	off(today)	OMMFFMM	O:ok M:ok M:ok F:noop F:noop M:ok M:ok	ok	same	I-2.1,I-4.8,I-7.4	[0, 0]	0	0	[0, 0]	0	0	0	0	-
F4-rot-both	off(today)	OMMFFOO	O:ok M:ok M:ok F:noop F:noop O:ok O:ok	ok	same	I-2.1,I-4.8,I-7.4	[0, 0]	0	0	[0, 0]	0	0	0	0	-
F4-rot-both	off(today)	OMMFMFF	O:ok M:ok M:ok F:noop M:ok F:noop F:noop	ok	same	I-2.1,I-4.8,I-7.4	[0, 0]	0	0	[0, 0]	0	0	0	0	-
F4-rot-both	off(today)	OMMFMFO	O:ok M:ok M:ok F:noop M:ok F:noop O:ok	ok	same	I-2.1,I-4.8,I-7.4	[0, 0]	0	0	[0, 0]	0	0	0	0	-
F4-rot-both	off(today)	OMMFMFM	O:ok M:ok M:ok F:noop M:ok F:noop M:ok	ok	same	I-2.1,I-4.8,I-7.4	[0, 0]	0	0	[0, 0]	0	0	0	0	-
F4-rot-both	off(today)	OMMFMMF	O:ok M:ok M:ok F:noop M:ok M:ok F:noop	ok	same	I-2.1,I-4.8,I-7.4	[0, 0]	0	0	[0, 0]	0	0	0	0	-
F4-rot-both	off(today)	OMMFMMM	O:ok M:ok M:ok F:noop M:ok M:ok M:ok	ok	same	I-2.1,I-4.8,I-7.4	[0, 0]	0	0	[0, 0]	0	0	0	0	-
F4-rot-both	off(today)	OMMFMOF	O:ok M:ok M:ok F:noop M:ok O:ok F:ok(F=3,reclaimed=1)	ok	same	I-2.1,I-4.8,I-7.4	[0, 0]	0	0	[0, 0]	0	0	0	0	-
F4-rot-both	off(today)	OMMFMMO	O:ok M:ok M:ok F:noop M:ok M:ok O:ok	ok	same	I-2.1,I-4.8,I-7.4	[0, 0]	0	0	[0, 0]	0	0	0	0	-
F4-rot-both	off(today)	OMMFMOM	O:ok M:ok M:ok F:noop M:ok O:ok M:ok	ok	same	I-2.1,I-4.8,I-7.4	[0, 0]	0	0	[0, 0]	0	0	0	0	-
F4-rot-both	off(today)	OMMFOFM	O:ok M:ok M:ok F:noop O:ok F:ok(F=3,reclaimed=1) M:ok	ok	same	I-2.1,I-4.8,I-7.4	[0, 0]	0	0	[0, 0]	0	0	0	0	-
F4-rot-both	off(today)	OMMFOFF	O:ok M:ok M:ok F:noop O:ok F:ok(F=3,reclaimed=1) F:noop	ok	same	I-2.1,I-4.8,I-7.4	[0, 0]	0	0	[0, 0]	0	0	0	0	-
F4-rot-both	off(today)	OMMFMOO	O:ok M:ok M:ok F:noop M:ok O:ok O:ok	ok	same	I-2.1,I-4.8,I-7.4	[0, 0]	0	0	[0, 0]	0	0	0	0	-
F4-rot-both	off(today)	OMMFOMO	O:ok M:ok M:ok F:noop O:ok M:ok O:ok	ok	same	I-2.1,I-4.8,I-7.4	[0, 0]	0	0	[0, 0]	0	0	0	0	-
F4-rot-both	off(today)	OMMFOFO	O:ok M:ok M:ok F:noop O:ok F:ok(F=3,reclaimed=1) O:ok	ok	same	I-2.1,I-4.8,I-7.4	[0, 0]	0	0	[0, 0]	0	0	0	0	-
F4-rot-both	off(today)	OMMFOMF	O:ok M:ok M:ok F:noop O:ok M:ok F:ok(F=3,reclaimed=1)	ok	same	I-2.1,I-4.8,I-7.4	[0, 0]	0	0	[0, 0]	0	0	0	0	-
F4-rot-both	off(today)	OMMFOMM	O:ok M:ok M:ok F:noop O:ok M:ok M:ok	ok	same	I-2.1,I-4.8,I-7.4	[0, 0]	0	0	[0, 0]	0	0	0	0	-
F4-rot-both	off(today)	OMMFOOF	O:ok M:ok M:ok F:noop O:ok O:ok F:ok(F=6,reclaimed=18)	ok	same	I-2.1,I-4.8,I-7.4	[0, 0]	0	0	[0, 0]	0	0	0	0	-
F4-rot-both	off(today)	OMMMFFF	O:ok M:ok M:ok M:ok F:noop F:noop F:noop	ok	same	I-2.1,I-4.8,I-7.4	[0, 0]	0	0	[0, 0]	0	0	0	0	-
F4-rot-both	off(today)	OMMFOOO	O:ok M:ok M:ok F:noop O:ok O:ok O:ok	ok	same	I-2.1,I-4.8,I-7.4	[0, 0]	0	0	[0, 0]	0	0	0	0	-
F4-rot-both	off(today)	OMMFOOM	O:ok M:ok M:ok F:noop O:ok O:ok M:ok	ok	same	I-2.1,I-4.8,I-7.4	[0, 0]	0	0	[0, 0]	0	0	0	0	-
F4-rot-both	off(today)	OMMMFFO	O:ok M:ok M:ok M:ok F:noop F:noop O:ok	ok	same	I-2.1,I-4.8,I-7.4	[0, 0]	0	0	[0, 0]	0	0	0	0	-
F4-rot-both	off(today)	OMMMFFM	O:ok M:ok M:ok M:ok F:noop F:noop M:ok	ok	same	I-2.1,I-4.8,I-7.4	[0, 0]	0	0	[0, 0]	0	0	0	0	-
F4-rot-both	off(today)	OMMMFMF	O:ok M:ok M:ok M:ok F:noop M:ok F:noop	ok	same	I-2.1,I-4.8,I-7.4	[0, 0]	0	0	[0, 0]	0	0	0	0	-
F4-rot-both	off(today)	OMMMFMM	O:ok M:ok M:ok M:ok F:noop M:ok M:ok	ok	same	I-2.1,I-4.8,I-7.4	[0, 0]	0	0	[0, 0]	0	0	0	0	-
F4-rot-both	off(today)	OMMMFOF	O:ok M:ok M:ok M:ok F:noop O:ok F:ok(F=3,reclaimed=1)	ok	same	I-2.1,I-4.8,I-7.4	[0, 0]	0	0	[0, 0]	0	0	0	0	-
F4-rot-both	off(today)	OMMMFMO	O:ok M:ok M:ok M:ok F:noop M:ok O:ok	ok	same	I-2.1,I-4.8,I-7.4	[0, 0]	0	0	[0, 0]	0	0	0	0	-
F4-rot-both	off(today)	OMMMFOM	O:ok M:ok M:ok M:ok F:noop O:ok M:ok	ok	same	I-2.1,I-4.8,I-7.4	[0, 0]	0	0	[0, 0]	0	0	0	0	-
F4-rot-both	off(today)	OMMMFOO	O:ok M:ok M:ok M:ok F:noop O:ok O:ok	ok	same	I-2.1,I-4.8,I-7.4	[0, 0]	0	0	[0, 0]	0	0	0	0	-
F4-rot-both	off(today)	OMMMMFF	O:ok M:ok M:ok M:ok M:ok F:noop F:noop	ok	same	I-2.1,I-4.8,I-7.4	[0, 0]	0	0	[0, 0]	0	0	0	0	-
F4-rot-both	off(today)	OMMMMFO	O:ok M:ok M:ok M:ok M:ok F:noop O:ok	ok	same	I-2.1,I-4.8,I-7.4	[0, 0]	0	0	[0, 0]	0	0	0	0	-
F4-rot-both	off(today)	OMMMMFM	O:ok M:ok M:ok M:ok M:ok F:noop M:ok	ok	same	I-2.1,I-4.8,I-7.4	[0, 0]	0	0	[0, 0]	0	0	0	0	-
F4-rot-both	off(today)	OMMMMMF	O:ok M:ok M:ok M:ok M:ok M:ok F:noop	ok	same	I-2.1,I-4.8,I-7.4	[0, 0]	0	0	[0, 0]	0	0	0	0	-
F4-rot-both	off(today)	OMMMMOF	O:ok M:ok M:ok M:ok M:ok O:ok F:ok(F=3,reclaimed=1)	ok	same	I-2.1,I-4.8,I-7.4	[0, 0]	0	0	[0, 0]	0	0	0	0	-
F4-rot-both	off(today)	OMMMMMO	O:ok M:ok M:ok M:ok M:ok M:ok O:ok	ok	same	I-2.1,I-4.8,I-7.4	[0, 0]	0	0	[0, 0]	0	0	0	0	-
F4-rot-both	off(today)	OMMMMMM	O:ok M:ok M:ok M:ok M:ok M:ok M:ok	ok	same	I-2.1,I-3.1,I-4.8,I-7.4	[0, 0]	0	0	[0, 0]	0	0	0	0	-
F4-rot-both	off(today)	OMMMMOM	O:ok M:ok M:ok M:ok M:ok O:ok M:ok	ok	same	I-2.1,I-4.8,I-7.4	[0, 0]	0	0	[0, 0]	0	0	0	0	-
F4-rot-both	off(today)	OMMMOFF	O:ok M:ok M:ok M:ok O:ok F:ok(F=3,reclaimed=1) F:noop	ok	same	I-2.1,I-4.8,I-7.4	[0, 0]	0	0	[0, 0]	0	0	0	0	-
F4-rot-both	off(today)	OMMMMOO	O:ok M:ok M:ok M:ok M:ok O:ok O:ok	ok	same	I-2.1,I-4.8,I-7.4	[0, 0]	0	0	[0, 0]	0	0	0	0	-
F4-rot-both	off(today)	OMMMOFO	O:ok M:ok M:ok M:ok O:ok F:ok(F=3,reclaimed=1) O:ok	ok	same	I-2.1,I-4.8,I-7.4	[0, 0]	0	0	[0, 0]	0	0	0	0	-
F4-rot-both	off(today)	OMMMOFM	O:ok M:ok M:ok M:ok O:ok F:ok(F=3,reclaimed=1) M:ok	ok	same	I-2.1,I-4.8,I-7.4	[0, 0]	0	0	[0, 0]	0	0	0	0	-
F4-rot-both	off(today)	OMMMOOF	O:ok M:ok M:ok M:ok O:ok O:ok F:ok(F=6,reclaimed=18)	ok	same	I-2.1,I-4.8,I-7.4	[0, 0]	0	0	[0, 0]	0	0	0	0	-
F4-rot-both	off(today)	OMMMOMF	O:ok M:ok M:ok M:ok O:ok M:ok F:ok(F=3,reclaimed=1)	ok	same	I-2.1,I-4.8,I-7.4	[0, 0]	0	0	[0, 0]	0	0	0	0	-
F4-rot-both	off(today)	OMMMOMO	O:ok M:ok M:ok M:ok O:ok M:ok O:ok	ok	same	I-2.1,I-4.8,I-7.4	[0, 0]	0	0	[0, 0]	0	0	0	0	-
F4-rot-both	off(today)	OMMMOMM	O:ok M:ok M:ok M:ok O:ok M:ok M:ok	ok	same	I-2.1,I-4.8,I-7.4	[0, 0]	0	0	[0, 0]	0	0	0	0	-
F4-rot-both	off(today)	OMMMOOM	O:ok M:ok M:ok M:ok O:ok O:ok M:ok	ok	same	I-2.1,I-4.8,I-7.4	[0, 0]	0	0	[0, 0]	0	0	0	0	-
F4-rot-both	off(today)	OMMMOOO	O:ok M:ok M:ok M:ok O:ok O:ok O:ok	ok	same	I-2.1,I-4.8,I-7.4	[0, 0]	0	0	[0, 0]	0	0	0	0	-
F4-rot-both	off(today)	OMMOFFF	O:ok M:ok M:ok O:ok F:ok(F=3,reclaimed=1) F:noop F:noop	ok	same	I-2.1,I-4.8,I-7.4	[0, 0]	0	0	[0, 0]	0	0	0	0	-
F4-rot-both	off(today)	OMMOFFM	O:ok M:ok M:ok O:ok F:ok(F=3,reclaimed=1) F:noop M:ok	ok	same	I-2.1,I-4.8,I-7.4	[0, 0]	0	0	[0, 0]	0	0	0	0	-
F4-rot-both	off(today)	OMMOFFO	O:ok M:ok M:ok O:ok F:ok(F=3,reclaimed=1) F:noop O:ok	ok	same	I-2.1,I-4.8,I-7.4	[0, 0]	0	0	[0, 0]	0	0	0	0	-
F4-rot-both	off(today)	OMMOFMO	O:ok M:ok M:ok O:ok F:ok(F=3,reclaimed=1) M:ok O:ok	ok	same	I-2.1,I-4.8,I-7.4	[0, 0]	0	0	[0, 0]	0	0	0	0	-
F4-rot-both	off(today)	OMMOFMF	O:ok M:ok M:ok O:ok F:ok(F=3,reclaimed=1) M:ok F:noop	ok	same	I-2.1,I-4.8,I-7.4	[0, 0]	0	0	[0, 0]	0	0	0	0	-
F4-rot-both	off(today)	OMMOFMM	O:ok M:ok M:ok O:ok F:ok(F=3,reclaimed=1) M:ok M:ok	ok	same	I-2.1,I-4.8,I-7.4	[0, 0]	0	0	[0, 0]	0	0	0	0	-
F4-rot-both	off(today)	OMMOMFF	O:ok M:ok M:ok O:ok M:ok F:ok(F=3,reclaimed=1) F:noop	ok	same	I-2.1,I-4.8,I-7.4	[0, 0]	0	0	[0, 0]	0	0	0	0	-
F4-rot-both	off(today)	OMMOFOF	O:ok M:ok M:ok O:ok F:ok(F=3,reclaimed=1) O:ok F:ok(F=6,reclaimed=17)	ok	same	I-2.1,I-4.8,I-7.4	[0, 0]	0	0	[0, 0]	0	0	0	0	-
F4-rot-both	off(today)	OMMOFOO	O:ok M:ok M:ok O:ok F:ok(F=3,reclaimed=1) O:ok O:ok	ok	same	I-2.1,I-4.8,I-7.4	[0, 0]	0	0	[0, 0]	0	0	0	0	-
F4-rot-both	off(today)	OMMOFOM	O:ok M:ok M:ok O:ok F:ok(F=3,reclaimed=1) O:ok M:ok	ok	same	I-2.1,I-4.8,I-7.4	[0, 0]	0	0	[0, 0]	0	0	0	0	-
F4-rot-both	off(today)	OMMOMFM	O:ok M:ok M:ok O:ok M:ok F:ok(F=3,reclaimed=1) M:ok	ok	same	I-2.1,I-4.8,I-7.4	[0, 0]	0	0	[0, 0]	0	0	0	0	-
F4-rot-both	off(today)	OMMOMFO	O:ok M:ok M:ok O:ok M:ok F:ok(F=3,reclaimed=1) O:ok	ok	same	I-2.1,I-4.8,I-7.4	[0, 0]	0	0	[0, 0]	0	0	0	0	-
F4-rot-both	off(today)	OMMOMMF	O:ok M:ok M:ok O:ok M:ok M:ok F:ok(F=3,reclaimed=1)	ok	same	I-2.1,I-4.8,I-7.4	[0, 0]	0	0	[0, 0]	0	0	0	0	-
F4-rot-both	off(today)	OMMOMMM	O:ok M:ok M:ok O:ok M:ok M:ok M:ok	ok	same	I-2.1,I-4.8,I-7.4	[0, 0]	0	0	[0, 0]	0	0	0	0	-
F4-rot-both	off(today)	OMMOMOF	O:ok M:ok M:ok O:ok M:ok O:ok F:ok(F=6,reclaimed=18)	ok	same	I-2.1,I-4.8,I-7.4	[0, 0]	0	0	[0, 0]	0	0	0	0	-
F4-rot-both	off(today)	OMMOMMO	O:ok M:ok M:ok O:ok M:ok M:ok O:ok	ok	same	I-2.1,I-4.8,I-7.4	[0, 0]	0	0	[0, 0]	0	0	0	0	-
F4-rot-both	off(today)	OMMOMOO	O:ok M:ok M:ok O:ok M:ok O:ok O:ok	ok	same	I-2.1,I-4.8,I-7.4	[0, 0]	0	0	[0, 0]	0	0	0	0	-
F4-rot-both	off(today)	OMMOMOM	O:ok M:ok M:ok O:ok M:ok O:ok M:ok	ok	same	I-2.1,I-4.8,I-7.4	[0, 0]	0	0	[0, 0]	0	0	0	0	-
F4-rot-both	off(today)	OMMOOFF	O:ok M:ok M:ok O:ok O:ok F:ok(F=6,reclaimed=18) F:noop	ok	same	I-2.1,I-4.8,I-7.4	[0, 0]	0	0	[0, 0]	0	0	0	0	-
F4-rot-both	off(today)	OMMOOFO	O:ok M:ok M:ok O:ok O:ok F:ok(F=6,reclaimed=18) O:ok	ok	same	I-2.1,I-4.8,I-7.4	[0, 0]	0	0	[0, 0]	0	0	0	0	-
F4-rot-both	off(today)	OMMOOFM	O:ok M:ok M:ok O:ok O:ok F:ok(F=6,reclaimed=18) M:ok	ok	same	I-2.1,I-4.8,I-7.4	[0, 0]	0	0	[0, 0]	0	0	0	0	-
F4-rot-both	off(today)	OMMOOMF	O:ok M:ok M:ok O:ok O:ok M:ok F:ok(F=6,reclaimed=18)	ok	same	I-2.1,I-4.8,I-7.4	[0, 0]	0	0	[0, 0]	0	0	0	0	-
F4-rot-both	off(today)	OMMOOOF	O:ok M:ok M:ok O:ok O:ok O:ok F:ok(F=7,reclaimed=26)	ok	same	-	[0, 0]	0	0	[0, 0]	0	0	0	0	-
F4-rot-both	off(today)	OMMOOMM	O:ok M:ok M:ok O:ok O:ok M:ok M:ok	ok	same	I-2.1,I-4.8,I-7.4	[0, 0]	0	0	[0, 0]	0	0	0	0	-
F4-rot-both	off(today)	OMMOOMO	O:ok M:ok M:ok O:ok O:ok M:ok O:ok	ok	same	I-2.1,I-4.8,I-7.4	[0, 0]	0	0	[0, 0]	0	0	0	0	-
F4-rot-both	off(today)	OMMOOOM	O:ok M:ok M:ok O:ok O:ok O:ok M:ok	ok	same	I-2.1,I-4.8,I-7.4	[0, 0]	0	0	[0, 0]	0	0	0	0	-
F4-rot-both	off(today)	OMOFFFF	O:ok M:ok O:ok F:ok(F=3,reclaimed=1) F:noop F:noop F:noop	ok	same	I-2.1,I-4.8,I-7.4	[0, 0]	0	0	[0, 0]	0	0	0	0	-
F4-rot-both	off(today)	OMOFFFM	O:ok M:ok O:ok F:ok(F=3,reclaimed=1) F:noop F:noop M:ok	ok	same	I-2.1,I-4.8,I-7.4	[0, 0]	0	0	[0, 0]	0	0	0	0	-
F4-rot-both	off(today)	OMMOOOO	O:ok M:ok M:ok O:ok O:ok O:ok O:ok	ok	same	I-2.1,I-4.8,I-7.4	[0, 0]	0	0	[0, 0]	0	0	0	0	-
F4-rot-both	off(today)	OMOFFFO	O:ok M:ok O:ok F:ok(F=3,reclaimed=1) F:noop F:noop O:ok	ok	same	I-2.1,I-4.8,I-7.4	[0, 0]	0	0	[0, 0]	0	0	0	0	-
F4-rot-both	off(today)	OMOFFMF	O:ok M:ok O:ok F:ok(F=3,reclaimed=1) F:noop M:ok F:noop	ok	same	I-2.1,I-4.8,I-7.4	[0, 0]	0	0	[0, 0]	0	0	0	0	-
F4-rot-both	off(today)	OMOFFMM	O:ok M:ok O:ok F:ok(F=3,reclaimed=1) F:noop M:ok M:ok	ok	same	I-2.1,I-4.8,I-7.4	[0, 0]	0	0	[0, 0]	0	0	0	0	-
F4-rot-both	off(today)	OMOFFMO	O:ok M:ok O:ok F:ok(F=3,reclaimed=1) F:noop M:ok O:ok	ok	same	I-2.1,I-4.8,I-7.4	[0, 0]	0	0	[0, 0]	0	0	0	0	-
F4-rot-both	off(today)	OMOFFOF	O:ok M:ok O:ok F:ok(F=3,reclaimed=1) F:noop O:ok F:ok(F=6,reclaimed=17)	ok	same	I-2.1,I-4.8,I-7.4	[0, 0]	0	0	[0, 0]	0	0	0	0	-
F4-rot-both	off(today)	OMOFFOO	O:ok M:ok O:ok F:ok(F=3,reclaimed=1) F:noop O:ok O:ok	ok	same	I-2.1,I-4.8,I-7.4	[0, 0]	0	0	[0, 0]	0	0	0	0	-
F4-rot-both	off(today)	OMOFFOM	O:ok M:ok O:ok F:ok(F=3,reclaimed=1) F:noop O:ok M:ok	ok	same	I-2.1,I-4.8,I-7.4	[0, 0]	0	0	[0, 0]	0	0	0	0	-
F4-rot-both	off(today)	OMOFMFF	O:ok M:ok O:ok F:ok(F=3,reclaimed=1) M:ok F:noop F:noop	ok	same	I-2.1,I-4.8,I-7.4	[0, 0]	0	0	[0, 0]	0	0	0	0	-
F4-rot-both	off(today)	OMOFMFM	O:ok M:ok O:ok F:ok(F=3,reclaimed=1) M:ok F:noop M:ok	ok	same	I-2.1,I-4.8,I-7.4	[0, 0]	0	0	[0, 0]	0	0	0	0	-
F4-rot-both	off(today)	OMOFMFO	O:ok M:ok O:ok F:ok(F=3,reclaimed=1) M:ok F:noop O:ok	ok	same	I-2.1,I-4.8,I-7.4	[0, 0]	0	0	[0, 0]	0	0	0	0	-
F4-rot-both	off(today)	OMOFMMF	O:ok M:ok O:ok F:ok(F=3,reclaimed=1) M:ok M:ok F:noop	ok	same	I-2.1,I-4.8,I-7.4	[0, 0]	0	0	[0, 0]	0	0	0	0	-
F4-rot-both	off(today)	OMOFMOF	O:ok M:ok O:ok F:ok(F=3,reclaimed=1) M:ok O:ok F:ok(F=6,reclaimed=17)	ok	same	I-2.1,I-4.8,I-7.4	[0, 0]	0	0	[0, 0]	0	0	0	0	-
F4-rot-both	off(today)	OMOFMMO	O:ok M:ok O:ok F:ok(F=3,reclaimed=1) M:ok M:ok O:ok	ok	same	I-2.1,I-4.8,I-7.4	[0, 0]	0	0	[0, 0]	0	0	0	0	-
F4-rot-both	off(today)	OMOFMMM	O:ok M:ok O:ok F:ok(F=3,reclaimed=1) M:ok M:ok M:ok	ok	same	I-2.1,I-4.8,I-7.4	[0, 0]	0	0	[0, 0]	0	0	0	0	-
F4-rot-both	off(today)	OMOFMOM	O:ok M:ok O:ok F:ok(F=3,reclaimed=1) M:ok O:ok M:ok	ok	same	I-2.1,I-4.8,I-7.4	[0, 0]	0	0	[0, 0]	0	0	0	0	-
F4-rot-both	off(today)	OMOFMOO	O:ok M:ok O:ok F:ok(F=3,reclaimed=1) M:ok O:ok O:ok	ok	same	I-2.1,I-4.8,I-7.4	[0, 0]	0	0	[0, 0]	0	0	0	0	-
F4-rot-both	off(today)	OMOFOFF	O:ok M:ok O:ok F:ok(F=3,reclaimed=1) O:ok F:ok(F=6,reclaimed=17) F:noop	ok	same	I-2.1,I-4.8,I-7.4	[0, 0]	0	0	[0, 0]	0	0	0	0	-
F4-rot-both	off(today)	OMOFOFM	O:ok M:ok O:ok F:ok(F=3,reclaimed=1) O:ok F:ok(F=6,reclaimed=17) M:ok	ok	same	I-2.1,I-4.8,I-7.4	[0, 0]	0	0	[0, 0]	0	0	0	0	-
F4-rot-both	off(today)	OMOFOFO	O:ok M:ok O:ok F:ok(F=3,reclaimed=1) O:ok F:ok(F=6,reclaimed=17) O:ok	ok	same	I-2.1,I-4.8,I-7.4	[0, 0]	0	0	[0, 0]	0	0	0	0	-
F4-rot-both	off(today)	OMOFOMF	O:ok M:ok O:ok F:ok(F=3,reclaimed=1) O:ok M:ok F:ok(F=6,reclaimed=17)	ok	same	I-2.1,I-4.8,I-7.4	[0, 0]	0	0	[0, 0]	0	0	0	0	-
F4-rot-both	off(today)	OMOFOOF	O:ok M:ok O:ok F:ok(F=3,reclaimed=1) O:ok O:ok F:ok(F=7,reclaimed=25)	ok	same	-	[0, 0]	0	0	[0, 0]	0	0	0	0	-
F4-rot-both	off(today)	OMOFOMO	O:ok M:ok O:ok F:ok(F=3,reclaimed=1) O:ok M:ok O:ok	ok	same	I-2.1,I-4.8,I-7.4	[0, 0]	0	0	[0, 0]	0	0	0	0	-
F4-rot-both	off(today)	OMOFOMM	O:ok M:ok O:ok F:ok(F=3,reclaimed=1) O:ok M:ok M:ok	ok	same	I-2.1,I-4.8,I-7.4	[0, 0]	0	0	[0, 0]	0	0	0	0	-
F4-rot-both	off(today)	OMOFOOO	O:ok M:ok O:ok F:ok(F=3,reclaimed=1) O:ok O:ok O:ok	ok	same	I-2.1,I-4.8,I-7.4	[0, 0]	0	0	[0, 0]	0	0	0	0	-
F4-rot-both	off(today)	OMOFOOM	O:ok M:ok O:ok F:ok(F=3,reclaimed=1) O:ok O:ok M:ok	ok	same	I-2.1,I-4.8,I-7.4	[0, 0]	0	0	[0, 0]	0	0	0	0	-
F4-rot-both	off(today)	OMOMFFF	O:ok M:ok O:ok M:ok F:ok(F=3,reclaimed=1) F:noop F:noop	ok	same	I-2.1,I-4.8,I-7.4	[0, 0]	0	0	[0, 0]	0	0	0	0	-
F4-rot-both	off(today)	OMOMFFM	O:ok M:ok O:ok M:ok F:ok(F=3,reclaimed=1) F:noop M:ok	ok	same	I-2.1,I-4.8,I-7.4	[0, 0]	0	0	[0, 0]	0	0	0	0	-
F4-rot-both	off(today)	OMOMFFO	O:ok M:ok O:ok M:ok F:ok(F=3,reclaimed=1) F:noop O:ok	ok	same	I-2.1,I-4.8,I-7.4	[0, 0]	0	0	[0, 0]	0	0	0	0	-
F4-rot-both	off(today)	OMOMFMF	O:ok M:ok O:ok M:ok F:ok(F=3,reclaimed=1) M:ok F:noop	ok	same	I-2.1,I-4.8,I-7.4	[0, 0]	0	0	[0, 0]	0	0	0	0	-
F4-rot-both	off(today)	OMOMFMM	O:ok M:ok O:ok M:ok F:ok(F=3,reclaimed=1) M:ok M:ok	ok	same	I-2.1,I-4.8,I-7.4	[0, 0]	0	0	[0, 0]	0	0	0	0	-
F4-rot-both	off(today)	OMOMFOF	O:ok M:ok O:ok M:ok F:ok(F=3,reclaimed=1) O:ok F:ok(F=6,reclaimed=17)	ok	same	I-2.1,I-4.8,I-7.4	[0, 0]	0	0	[0, 0]	0	0	0	0	-
F4-rot-both	off(today)	OMOMFMO	O:ok M:ok O:ok M:ok F:ok(F=3,reclaimed=1) M:ok O:ok	ok	same	I-2.1,I-4.8,I-7.4	[0, 0]	0	0	[0, 0]	0	0	0	0	-
F4-rot-both	off(today)	OMOMFOO	O:ok M:ok O:ok M:ok F:ok(F=3,reclaimed=1) O:ok O:ok	ok	same	I-2.1,I-4.8,I-7.4	[0, 0]	0	0	[0, 0]	0	0	0	0	-
F4-rot-both	off(today)	OMOMFOM	O:ok M:ok O:ok M:ok F:ok(F=3,reclaimed=1) O:ok M:ok	ok	same	I-2.1,I-4.8,I-7.4	[0, 0]	0	0	[0, 0]	0	0	0	0	-
F4-rot-both	off(today)	OMOMMFF	O:ok M:ok O:ok M:ok M:ok F:ok(F=3,reclaimed=1) F:noop	ok	same	I-2.1,I-4.8,I-7.4	[0, 0]	0	0	[0, 0]	0	0	0	0	-
F4-rot-both	off(today)	OMOMMFM	O:ok M:ok O:ok M:ok M:ok F:ok(F=3,reclaimed=1) M:ok	ok	same	I-2.1,I-4.8,I-7.4	[0, 0]	0	0	[0, 0]	0	0	0	0	-
F4-rot-both	off(today)	OMOMMFO	O:ok M:ok O:ok M:ok M:ok F:ok(F=3,reclaimed=1) O:ok	ok	same	I-2.1,I-4.8,I-7.4	[0, 0]	0	0	[0, 0]	0	0	0	0	-
F4-rot-both	off(today)	OMOMMMF	O:ok M:ok O:ok M:ok M:ok M:ok F:ok(F=3,reclaimed=1)	ok	same	I-2.1,I-4.8,I-7.4	[0, 0]	0	0	[0, 0]	0	0	0	0	-
F4-rot-both	off(today)	OMOMMMO	O:ok M:ok O:ok M:ok M:ok M:ok O:ok	ok	same	I-2.1,I-4.8,I-7.4	[0, 0]	0	0	[0, 0]	0	0	0	0	-
F4-rot-both	off(today)	OMOMMMM	O:ok M:ok O:ok M:ok M:ok M:ok M:ok	ok	same	I-2.1,I-4.8,I-7.4	[0, 0]	0	0	[0, 0]	0	0	0	0	-
F4-rot-both	off(today)	OMOMMOF	O:ok M:ok O:ok M:ok M:ok O:ok F:ok(F=6,reclaimed=18)	ok	same	I-2.1,I-4.8,I-7.4	[0, 0]	0	0	[0, 0]	0	0	0	0	-
F4-rot-both	off(today)	OMOMMOM	O:ok M:ok O:ok M:ok M:ok O:ok M:ok	ok	same	I-2.1,I-4.8,I-7.4	[0, 0]	0	0	[0, 0]	0	0	0	0	-
F4-rot-both	off(today)	OMOMOFF	O:ok M:ok O:ok M:ok O:ok F:ok(F=6,reclaimed=18) F:noop	ok	same	I-2.1,I-4.8,I-7.4	[0, 0]	0	0	[0, 0]	0	0	0	0	-
F4-rot-both	off(today)	OMOMMOO	O:ok M:ok O:ok M:ok M:ok O:ok O:ok	ok	same	I-2.1,I-4.8,I-7.4	[0, 0]	0	0	[0, 0]	0	0	0	0	-
F4-rot-both	off(today)	OMOMOFO	O:ok M:ok O:ok M:ok O:ok F:ok(F=6,reclaimed=18) O:ok	ok	same	I-2.1,I-4.8,I-7.4	[0, 0]	0	0	[0, 0]	0	0	0	0	-
F4-rot-both	off(today)	OMOMOFM	O:ok M:ok O:ok M:ok O:ok F:ok(F=6,reclaimed=18) M:ok	ok	same	I-2.1,I-4.8,I-7.4	[0, 0]	0	0	[0, 0]	0	0	0	0	-
F4-rot-both	off(today)	OMOMOMF	O:ok M:ok O:ok M:ok O:ok M:ok F:ok(F=6,reclaimed=18)	ok	same	I-2.1,I-4.8,I-7.4	[0, 0]	0	0	[0, 0]	0	0	0	0	-
F4-rot-both	off(today)	OMOMOMM	O:ok M:ok O:ok M:ok O:ok M:ok M:ok	ok	same	I-2.1,I-4.8,I-7.4	[0, 0]	0	0	[0, 0]	0	0	0	0	-
F4-rot-both	off(today)	OMOMOMO	O:ok M:ok O:ok M:ok O:ok M:ok O:ok	ok	same	I-2.1,I-4.8,I-7.4	[0, 0]	0	0	[0, 0]	0	0	0	0	-
F4-rot-both	off(today)	OMOMOOF	O:ok M:ok O:ok M:ok O:ok O:ok F:ok(F=7,reclaimed=26)	ok	same	-	[0, 0]	0	0	[0, 0]	0	0	0	0	-
F4-rot-both	off(today)	OMOMOOM	O:ok M:ok O:ok M:ok O:ok O:ok M:ok	ok	same	I-2.1,I-4.8,I-7.4	[0, 0]	0	0	[0, 0]	0	0	0	0	-
F4-rot-both	off(today)	OMOMOOO	O:ok M:ok O:ok M:ok O:ok O:ok O:ok	ok	same	I-2.1,I-4.8,I-7.4	[0, 0]	0	0	[0, 0]	0	0	0	0	-
F4-rot-both	off(today)	OMOOFFO	O:ok M:ok O:ok O:ok F:ok(F=6,reclaimed=18) F:noop O:ok	ok	same	I-2.1,I-4.8,I-7.4	[0, 0]	0	0	[0, 0]	0	0	0	0	-
F4-rot-both	off(today)	OMOOFFF	O:ok M:ok O:ok O:ok F:ok(F=6,reclaimed=18) F:noop F:noop	ok	same	I-2.1,I-4.8,I-7.4	[0, 0]	0	0	[0, 0]	0	0	0	0	-
F4-rot-both	off(today)	OMOOFFM	O:ok M:ok O:ok O:ok F:ok(F=6,reclaimed=18) F:noop M:ok	ok	same	I-2.1,I-4.8,I-7.4	[0, 0]	0	0	[0, 0]	0	0	0	0	-
F4-rot-both	off(today)	OMOOFOF	O:ok M:ok O:ok O:ok F:ok(F=6,reclaimed=18) O:ok F:ok(F=7,reclaimed=8)	ok	same	-	[0, 0]	0	0	[0, 0]	0	0	0	0	-
F4-rot-both	off(today)	OMOOFMF	O:ok M:ok O:ok O:ok F:ok(F=6,reclaimed=18) M:ok F:noop	ok	same	I-2.1,I-4.8,I-7.4	[0, 0]	0	0	[0, 0]	0	0	0	0	-
F4-rot-both	off(today)	OMOOFMO	O:ok M:ok O:ok O:ok F:ok(F=6,reclaimed=18) M:ok O:ok	ok	same	I-2.1,I-4.8,I-7.4	[0, 0]	0	0	[0, 0]	0	0	0	0	-
F4-rot-both	off(today)	OMOOFMM	O:ok M:ok O:ok O:ok F:ok(F=6,reclaimed=18) M:ok M:ok	ok	same	I-2.1,I-4.8,I-7.4	[0, 0]	0	0	[0, 0]	0	0	0	0	-
F4-rot-both	off(today)	OMOOFOO	O:ok M:ok O:ok O:ok F:ok(F=6,reclaimed=18) O:ok O:ok	ok	same	I-2.1,I-4.8,I-7.4	[0, 0]	0	0	[0, 0]	0	0	0	0	-
F4-rot-both	off(today)	OMOOFOM	O:ok M:ok O:ok O:ok F:ok(F=6,reclaimed=18) O:ok M:ok	ok	same	I-2.1,I-4.8,I-7.4	[0, 0]	0	0	[0, 0]	0	0	0	0	-
F4-rot-both	off(today)	OMOOMFF	O:ok M:ok O:ok O:ok M:ok F:ok(F=6,reclaimed=18) F:noop	ok	same	I-2.1,I-4.8,I-7.4	[0, 0]	0	0	[0, 0]	0	0	0	0	-
F4-rot-both	off(today)	OMOOMFM	O:ok M:ok O:ok O:ok M:ok F:ok(F=6,reclaimed=18) M:ok	ok	same	I-2.1,I-4.8,I-7.4	[0, 0]	0	0	[0, 0]	0	0	0	0	-
F4-rot-both	off(today)	OMOOMFO	O:ok M:ok O:ok O:ok M:ok F:ok(F=6,reclaimed=18) O:ok	ok	same	I-2.1,I-4.8,I-7.4	[0, 0]	0	0	[0, 0]	0	0	0	0	-
F4-rot-both	off(today)	OMOOMMO	O:ok M:ok O:ok O:ok M:ok M:ok O:ok	ok	same	I-2.1,I-4.8,I-7.4	[0, 0]	0	0	[0, 0]	0	0	0	0	-
F4-rot-both	off(today)	OMOOMMF	O:ok M:ok O:ok O:ok M:ok M:ok F:ok(F=6,reclaimed=18)	ok	same	I-2.1,I-4.8,I-7.4	[0, 0]	0	0	[0, 0]	0	0	0	0	-
F4-rot-both	off(today)	OMOOMMM	O:ok M:ok O:ok O:ok M:ok M:ok M:ok	ok	same	I-2.1,I-4.8,I-7.4	[0, 0]	0	0	[0, 0]	0	0	0	0	-
F4-rot-both	off(today)	OMOOMOF	O:ok M:ok O:ok O:ok M:ok O:ok F:ok(F=7,reclaimed=26)	ok	same	-	[0, 0]	0	0	[0, 0]	0	0	0	0	-
F4-rot-both	off(today)	OMOOOFF	O:ok M:ok O:ok O:ok O:ok F:ok(F=7,reclaimed=26) F:noop	ok	same	-	[0, 0]	0	0	[0, 0]	0	0	0	0	-
F4-rot-both	off(today)	OMOOMOO	O:ok M:ok O:ok O:ok M:ok O:ok O:ok	ok	same	I-2.1,I-4.8,I-7.4	[0, 0]	0	0	[0, 0]	0	0	0	0	-
F4-rot-both	off(today)	OMOOMOM	O:ok M:ok O:ok O:ok M:ok O:ok M:ok	ok	same	I-2.1,I-4.8,I-7.4	[0, 0]	0	0	[0, 0]	0	0	0	0	-
F4-rot-both	off(today)	OMOOOFO	O:ok M:ok O:ok O:ok O:ok F:ok(F=7,reclaimed=26) O:ok	ok	same	-	[0, 0]	0	0	[0, 0]	0	0	0	0	-
F4-rot-both	off(today)	OMOOOFM	O:ok M:ok O:ok O:ok O:ok F:ok(F=7,reclaimed=26) M:ok	ok	same	-	[0, 0]	0	0	[0, 0]	0	0	0	0	-
F4-rot-both	off(today)	OMOOOMF	O:ok M:ok O:ok O:ok O:ok M:ok F:ok(F=7,reclaimed=26)	ok	same	-	[0, 0]	0	0	[0, 0]	0	0	0	0	-
F4-rot-both	off(today)	OMOOOMM	O:ok M:ok O:ok O:ok O:ok M:ok M:ok	ok	same	I-2.1,I-4.8,I-7.4	[0, 0]	0	0	[0, 0]	0	0	0	0	-
F4-rot-both	off(today)	OMOOOOF	O:ok M:ok O:ok O:ok O:ok O:ok F:ok(F=11,reclaimed=47)	ok	same	-	[0, 0]	0	0	[0, 0]	0	0	0	0	-
F4-rot-both	off(today)	OMOOOMO	O:ok M:ok O:ok O:ok O:ok M:ok O:ok	ok	same	I-2.1,I-4.8,I-7.4	[0, 0]	0	0	[0, 0]	0	0	0	0	-
F4-rot-both	off(today)	OMOOOOO	O:ok M:ok O:ok O:ok O:ok O:ok O:ok	ok	same	I-2.1,I-4.8,I-7.4	[0, 0]	0	0	[0, 0]	0	0	0	0	-
F4-rot-both	off(today)	OMOOOOM	O:ok M:ok O:ok O:ok O:ok O:ok M:ok	ok	same	I-2.1,I-4.8,I-7.4	[0, 0]	0	0	[0, 0]	0	0	0	0	-
F4-rot-both	off(today)	OOFFFFF	O:ok O:ok F:ok(F=3,reclaimed=1) F:noop F:noop F:noop F:noop	ok	same	I-2.1,I-4.8,I-7.4	[0, 0]	0	0	[0, 0]	0	0	0	0	-
F4-rot-both	off(today)	OOFFFFO	O:ok O:ok F:ok(F=3,reclaimed=1) F:noop F:noop F:noop O:ok	ok	same	I-2.1,I-4.8,I-7.4	[0, 0]	0	0	[0, 0]	0	0	0	0	-
F4-rot-both	off(today)	OOFFFFM	O:ok O:ok F:ok(F=3,reclaimed=1) F:noop F:noop F:noop M:ok	ok	same	I-2.1,I-4.8,I-7.4	[0, 0]	0	0	[0, 0]	0	0	0	0	-
F4-rot-both	off(today)	OOFFFMF	O:ok O:ok F:ok(F=3,reclaimed=1) F:noop F:noop M:ok F:noop	ok	same	I-2.1,I-4.8,I-7.4	[0, 0]	0	0	[0, 0]	0	0	0	0	-
F4-rot-both	off(today)	OOFFFOF	O:ok O:ok F:ok(F=3,reclaimed=1) F:noop F:noop O:ok F:ok(F=6,reclaimed=17)	ok	same	I-2.1,I-4.8,I-7.4	[0, 0]	0	0	[0, 0]	0	0	0	0	-
F4-rot-both	off(today)	OOFFFMO	O:ok O:ok F:ok(F=3,reclaimed=1) F:noop F:noop M:ok O:ok	ok	same	I-2.1,I-4.8,I-7.4	[0, 0]	0	0	[0, 0]	0	0	0	0	-
F4-rot-both	off(today)	OOFFFMM	O:ok O:ok F:ok(F=3,reclaimed=1) F:noop F:noop M:ok M:ok	ok	same	I-2.1,I-4.8,I-7.4	[0, 0]	0	0	[0, 0]	0	0	0	0	-
F4-rot-both	off(today)	OOFFFOM	O:ok O:ok F:ok(F=3,reclaimed=1) F:noop F:noop O:ok M:ok	ok	same	I-2.1,I-4.8,I-7.4	[0, 0]	0	0	[0, 0]	0	0	0	0	-
F4-rot-both	off(today)	OOFFFOO	O:ok O:ok F:ok(F=3,reclaimed=1) F:noop F:noop O:ok O:ok	ok	same	I-2.1,I-4.8,I-7.4	[0, 0]	0	0	[0, 0]	0	0	0	0	-
F4-rot-both	off(today)	OOFFMFF	O:ok O:ok F:ok(F=3,reclaimed=1) F:noop M:ok F:noop F:noop	ok	same	I-2.1,I-4.8,I-7.4	[0, 0]	0	0	[0, 0]	0	0	0	0	-
F4-rot-both	off(today)	OOFFMFO	O:ok O:ok F:ok(F=3,reclaimed=1) F:noop M:ok F:noop O:ok	ok	same	I-2.1,I-4.8,I-7.4	[0, 0]	0	0	[0, 0]	0	0	0	0	-
F4-rot-both	off(today)	OOFFMFM	O:ok O:ok F:ok(F=3,reclaimed=1) F:noop M:ok F:noop M:ok	ok	same	I-2.1,I-4.8,I-7.4	[0, 0]	0	0	[0, 0]	0	0	0	0	-
F4-rot-both	off(today)	OOFFMMF	O:ok O:ok F:ok(F=3,reclaimed=1) F:noop M:ok M:ok F:noop	ok	same	I-2.1,I-4.8,I-7.4	[0, 0]	0	0	[0, 0]	0	0	0	0	-
F4-rot-both	off(today)	OOFFMOF	O:ok O:ok F:ok(F=3,reclaimed=1) F:noop M:ok O:ok F:ok(F=6,reclaimed=17)	ok	same	I-2.1,I-4.8,I-7.4	[0, 0]	0	0	[0, 0]	0	0	0	0	-
F4-rot-both	off(today)	OOFFMMO	O:ok O:ok F:ok(F=3,reclaimed=1) F:noop M:ok M:ok O:ok	ok	same	I-2.1,I-4.8,I-7.4	[0, 0]	0	0	[0, 0]	0	0	0	0	-
F4-rot-both	off(today)	OOFFMMM	O:ok O:ok F:ok(F=3,reclaimed=1) F:noop M:ok M:ok M:ok	ok	same	I-2.1,I-4.8,I-7.4	[0, 0]	0	0	[0, 0]	0	0	0	0	-
F4-rot-both	off(today)	OOFFOFF	O:ok O:ok F:ok(F=3,reclaimed=1) F:noop O:ok F:ok(F=6,reclaimed=17) F:noop	ok	same	I-2.1,I-4.8,I-7.4	[0, 0]	0	0	[0, 0]	0	0	0	0	-
F4-rot-both	off(today)	OOFFMOM	O:ok O:ok F:ok(F=3,reclaimed=1) F:noop M:ok O:ok M:ok	ok	same	I-2.1,I-4.8,I-7.4	[0, 0]	0	0	[0, 0]	0	0	0	0	-
F4-rot-both	off(today)	OOFFMOO	O:ok O:ok F:ok(F=3,reclaimed=1) F:noop M:ok O:ok O:ok	ok	same	I-2.1,I-4.8,I-7.4	[0, 0]	0	0	[0, 0]	0	0	0	0	-
F4-rot-both	off(today)	OOFFOFM	O:ok O:ok F:ok(F=3,reclaimed=1) F:noop O:ok F:ok(F=6,reclaimed=17) M:ok	ok	same	I-2.1,I-4.8,I-7.4	[0, 0]	0	0	[0, 0]	0	0	0	0	-
F4-rot-both	off(today)	OOFFOFO	O:ok O:ok F:ok(F=3,reclaimed=1) F:noop O:ok F:ok(F=6,reclaimed=17) O:ok	ok	same	I-2.1,I-4.8,I-7.4	[0, 0]	0	0	[0, 0]	0	0	0	0	-
F4-rot-both	off(today)	OOFFOMF	O:ok O:ok F:ok(F=3,reclaimed=1) F:noop O:ok M:ok F:ok(F=6,reclaimed=17)	ok	same	I-2.1,I-4.8,I-7.4	[0, 0]	0	0	[0, 0]	0	0	0	0	-
F4-rot-both	off(today)	OOFFOMO	O:ok O:ok F:ok(F=3,reclaimed=1) F:noop O:ok M:ok O:ok	ok	same	I-2.1,I-4.8,I-7.4	[0, 0]	0	0	[0, 0]	0	0	0	0	-
F4-rot-both	off(today)	OOFFOMM	O:ok O:ok F:ok(F=3,reclaimed=1) F:noop O:ok M:ok M:ok	ok	same	I-2.1,I-4.8,I-7.4	[0, 0]	0	0	[0, 0]	0	0	0	0	-
F4-rot-both	off(today)	OOFFOOF	O:ok O:ok F:ok(F=3,reclaimed=1) F:noop O:ok O:ok F:ok(F=7,reclaimed=25)	ok	same	-	[0, 0]	0	0	[0, 0]	0	0	0	0	-
F4-rot-both	off(today)	OOFFOOM	O:ok O:ok F:ok(F=3,reclaimed=1) F:noop O:ok O:ok M:ok	ok	same	I-2.1,I-4.8,I-7.4	[0, 0]	0	0	[0, 0]	0	0	0	0	-
F4-rot-both	off(today)	OOFFOOO	O:ok O:ok F:ok(F=3,reclaimed=1) F:noop O:ok O:ok O:ok	ok	same	I-2.1,I-4.8,I-7.4	[0, 0]	0	0	[0, 0]	0	0	0	0	-
F4-rot-both	off(today)	OOFMFFF	O:ok O:ok F:ok(F=3,reclaimed=1) M:ok F:noop F:noop F:noop	ok	same	I-2.1,I-4.8,I-7.4	[0, 0]	0	0	[0, 0]	0	0	0	0	-
F4-rot-both	off(today)	OOFMFFM	O:ok O:ok F:ok(F=3,reclaimed=1) M:ok F:noop F:noop M:ok	ok	same	I-2.1,I-4.8,I-7.4	[0, 0]	0	0	[0, 0]	0	0	0	0	-
F4-rot-both	off(today)	OOFMFFO	O:ok O:ok F:ok(F=3,reclaimed=1) M:ok F:noop F:noop O:ok	ok	same	I-2.1,I-4.8,I-7.4	[0, 0]	0	0	[0, 0]	0	0	0	0	-
F4-rot-both	off(today)	OOFMFMO	O:ok O:ok F:ok(F=3,reclaimed=1) M:ok F:noop M:ok O:ok	ok	same	I-2.1,I-4.8,I-7.4	[0, 0]	0	0	[0, 0]	0	0	0	0	-
F4-rot-both	off(today)	OOFMFMF	O:ok O:ok F:ok(F=3,reclaimed=1) M:ok F:noop M:ok F:noop	ok	same	I-2.1,I-4.8,I-7.4	[0, 0]	0	0	[0, 0]	0	0	0	0	-
F4-rot-both	off(today)	OOFMFMM	O:ok O:ok F:ok(F=3,reclaimed=1) M:ok F:noop M:ok M:ok	ok	same	I-2.1,I-4.8,I-7.4	[0, 0]	0	0	[0, 0]	0	0	0	0	-
F4-rot-both	off(today)	OOFMFOF	O:ok O:ok F:ok(F=3,reclaimed=1) M:ok F:noop O:ok F:ok(F=6,reclaimed=17)	ok	same	I-2.1,I-4.8,I-7.4	[0, 0]	0	0	[0, 0]	0	0	0	0	-
F4-rot-both	off(today)	OOFMFOO	O:ok O:ok F:ok(F=3,reclaimed=1) M:ok F:noop O:ok O:ok	ok	same	I-2.1,I-4.8,I-7.4	[0, 0]	0	0	[0, 0]	0	0	0	0	-
F4-rot-both	off(today)	OOFMMFF	O:ok O:ok F:ok(F=3,reclaimed=1) M:ok M:ok F:noop F:noop	ok	same	I-2.1,I-4.8,I-7.4	[0, 0]	0	0	[0, 0]	0	0	0	0	-
F4-rot-both	off(today)	OOFMFOM	O:ok O:ok F:ok(F=3,reclaimed=1) M:ok F:noop O:ok M:ok	ok	same	I-2.1,I-4.8,I-7.4	[0, 0]	0	0	[0, 0]	0	0	0	0	-
F4-rot-both	off(today)	OOFMMFO	O:ok O:ok F:ok(F=3,reclaimed=1) M:ok M:ok F:noop O:ok	ok	same	I-2.1,I-4.8,I-7.4	[0, 0]	0	0	[0, 0]	0	0	0	0	-
F4-rot-both	off(today)	OOFMMFM	O:ok O:ok F:ok(F=3,reclaimed=1) M:ok M:ok F:noop M:ok	ok	same	I-2.1,I-4.8,I-7.4	[0, 0]	0	0	[0, 0]	0	0	0	0	-
F4-rot-both	off(today)	OOFMMMF	O:ok O:ok F:ok(F=3,reclaimed=1) M:ok M:ok M:ok F:noop	ok	same	I-2.1,I-4.8,I-7.4	[0, 0]	0	0	[0, 0]	0	0	0	0	-
F4-rot-both	off(today)	OOFMMMM	O:ok O:ok F:ok(F=3,reclaimed=1) M:ok M:ok M:ok M:ok	ok	same	I-2.1,I-4.8,I-7.4	[0, 0]	0	0	[0, 0]	0	0	0	0	-
F4-rot-both	off(today)	OOFMMOF	O:ok O:ok F:ok(F=3,reclaimed=1) M:ok M:ok O:ok F:ok(F=6,reclaimed=17)	ok	same	I-2.1,I-4.8,I-7.4	[0, 0]	0	0	[0, 0]	0	0	0	0	-
F4-rot-both	off(today)	OOFMMMO	O:ok O:ok F:ok(F=3,reclaimed=1) M:ok M:ok M:ok O:ok	ok	same	I-2.1,I-4.8,I-7.4	[0, 0]	0	0	[0, 0]	0	0	0	0	-
F4-rot-both	off(today)	OOFMMOM	O:ok O:ok F:ok(F=3,reclaimed=1) M:ok M:ok O:ok M:ok	ok	same	I-2.1,I-4.8,I-7.4	[0, 0]	0	0	[0, 0]	0	0	0	0	-
F4-rot-both	off(today)	OOFMMOO	O:ok O:ok F:ok(F=3,reclaimed=1) M:ok M:ok O:ok O:ok	ok	same	I-2.1,I-4.8,I-7.4	[0, 0]	0	0	[0, 0]	0	0	0	0	-
F4-rot-both	off(today)	OOFMOFF	O:ok O:ok F:ok(F=3,reclaimed=1) M:ok O:ok F:ok(F=6,reclaimed=17) F:noop	ok	same	I-2.1,I-4.8,I-7.4	[0, 0]	0	0	[0, 0]	0	0	0	0	-
F4-rot-both	off(today)	OOFMOFO	O:ok O:ok F:ok(F=3,reclaimed=1) M:ok O:ok F:ok(F=6,reclaimed=17) O:ok	ok	same	I-2.1,I-4.8,I-7.4	[0, 0]	0	0	[0, 0]	0	0	0	0	-
F4-rot-both	off(today)	OOFMOFM	O:ok O:ok F:ok(F=3,reclaimed=1) M:ok O:ok F:ok(F=6,reclaimed=17) M:ok	ok	same	I-2.1,I-4.8,I-7.4	[0, 0]	0	0	[0, 0]	0	0	0	0	-
F4-rot-both	off(today)	OOFMOMF	O:ok O:ok F:ok(F=3,reclaimed=1) M:ok O:ok M:ok F:ok(F=6,reclaimed=17)	ok	same	I-2.1,I-4.8,I-7.4	[0, 0]	0	0	[0, 0]	0	0	0	0	-
F4-rot-both	off(today)	OOFMOMO	O:ok O:ok F:ok(F=3,reclaimed=1) M:ok O:ok M:ok O:ok	ok	same	I-2.1,I-4.8,I-7.4	[0, 0]	0	0	[0, 0]	0	0	0	0	-
F4-rot-both	off(today)	OOFMOMM	O:ok O:ok F:ok(F=3,reclaimed=1) M:ok O:ok M:ok M:ok	ok	same	I-2.1,I-4.8,I-7.4	[0, 0]	0	0	[0, 0]	0	0	0	0	-
F4-rot-both	off(today)	OOFMOOF	O:ok O:ok F:ok(F=3,reclaimed=1) M:ok O:ok O:ok F:ok(F=7,reclaimed=25)	ok	same	-	[0, 0]	0	0	[0, 0]	0	0	0	0	-
F4-rot-both	off(today)	OOFOFFF	O:ok O:ok F:ok(F=3,reclaimed=1) O:ok F:ok(F=6,reclaimed=17) F:noop F:noop	ok	same	I-2.1,I-4.8,I-7.4	[0, 0]	0	0	[0, 0]	0	0	0	0	-
F4-rot-both	off(today)	OOFOFFM	O:ok O:ok F:ok(F=3,reclaimed=1) O:ok F:ok(F=6,reclaimed=17) F:noop M:ok	ok	same	I-2.1,I-4.8,I-7.4	[0, 0]	0	0	[0, 0]	0	0	0	0	-
F4-rot-both	off(today)	OOFMOOO	O:ok O:ok F:ok(F=3,reclaimed=1) M:ok O:ok O:ok O:ok	ok	same	I-2.1,I-4.8,I-7.4	[0, 0]	0	0	[0, 0]	0	0	0	0	-
F4-rot-both	off(today)	OOFMOOM	O:ok O:ok F:ok(F=3,reclaimed=1) M:ok O:ok O:ok M:ok	ok	same	I-2.1,I-4.8,I-7.4	[0, 0]	0	0	[0, 0]	0	0	0	0	-
F4-rot-both	off(today)	OOFOFFO	O:ok O:ok F:ok(F=3,reclaimed=1) O:ok F:ok(F=6,reclaimed=17) F:noop O:ok	ok	same	I-2.1,I-4.8,I-7.4	[0, 0]	0	0	[0, 0]	0	0	0	0	-
F4-rot-both	off(today)	OOFOFMF	O:ok O:ok F:ok(F=3,reclaimed=1) O:ok F:ok(F=6,reclaimed=17) M:ok F:noop	ok	same	I-2.1,I-4.8,I-7.4	[0, 0]	0	0	[0, 0]	0	0	0	0	-
F4-rot-both	off(today)	OOFOFMO	O:ok O:ok F:ok(F=3,reclaimed=1) O:ok F:ok(F=6,reclaimed=17) M:ok O:ok	ok	same	I-2.1,I-4.8,I-7.4	[0, 0]	0	0	[0, 0]	0	0	0	0	-
F4-rot-both	off(today)	OOFOFOF	O:ok O:ok F:ok(F=3,reclaimed=1) O:ok F:ok(F=6,reclaimed=17) O:ok F:ok(F=7,reclaimed=8)	ok	same	-	[0, 0]	0	0	[0, 0]	0	0	0	0	-
F4-rot-both	off(today)	OOFOFMM	O:ok O:ok F:ok(F=3,reclaimed=1) O:ok F:ok(F=6,reclaimed=17) M:ok M:ok	ok	same	I-2.1,I-4.8,I-7.4	[0, 0]	0	0	[0, 0]	0	0	0	0	-
F4-rot-both	off(today)	OOFOFOO	O:ok O:ok F:ok(F=3,reclaimed=1) O:ok F:ok(F=6,reclaimed=17) O:ok O:ok	ok	same	I-2.1,I-4.8,I-7.4	[0, 0]	0	0	[0, 0]	0	0	0	0	-
F4-rot-both	off(today)	OOFOMFF	O:ok O:ok F:ok(F=3,reclaimed=1) O:ok M:ok F:ok(F=6,reclaimed=17) F:noop	ok	same	I-2.1,I-4.8,I-7.4	[0, 0]	0	0	[0, 0]	0	0	0	0	-
F4-rot-both	off(today)	OOFOFOM	O:ok O:ok F:ok(F=3,reclaimed=1) O:ok F:ok(F=6,reclaimed=17) O:ok M:ok	ok	same	I-2.1,I-4.8,I-7.4	[0, 0]	0	0	[0, 0]	0	0	0	0	-
F4-rot-both	off(today)	OOFOMFM	O:ok O:ok F:ok(F=3,reclaimed=1) O:ok M:ok F:ok(F=6,reclaimed=17) M:ok	ok	same	I-2.1,I-4.8,I-7.4	[0, 0]	0	0	[0, 0]	0	0	0	0	-
F4-rot-both	off(today)	OOFOMFO	O:ok O:ok F:ok(F=3,reclaimed=1) O:ok M:ok F:ok(F=6,reclaimed=17) O:ok	ok	same	I-2.1,I-4.8,I-7.4	[0, 0]	0	0	[0, 0]	0	0	0	0	-
F4-rot-both	off(today)	OOFOMMF	O:ok O:ok F:ok(F=3,reclaimed=1) O:ok M:ok M:ok F:ok(F=6,reclaimed=17)	ok	same	I-2.1,I-4.8,I-7.4	[0, 0]	0	0	[0, 0]	0	0	0	0	-
F4-rot-both	off(today)	OOFOMMO	O:ok O:ok F:ok(F=3,reclaimed=1) O:ok M:ok M:ok O:ok	ok	same	I-2.1,I-4.8,I-7.4	[0, 0]	0	0	[0, 0]	0	0	0	0	-
F4-rot-both	off(today)	OOFOMMM	O:ok O:ok F:ok(F=3,reclaimed=1) O:ok M:ok M:ok M:ok	ok	same	I-2.1,I-4.8,I-7.4	[0, 0]	0	0	[0, 0]	0	0	0	0	-
F4-rot-both	off(today)	OOFOMOF	O:ok O:ok F:ok(F=3,reclaimed=1) O:ok M:ok O:ok F:ok(F=7,reclaimed=25)	ok	same	-	[0, 0]	0	0	[0, 0]	0	0	0	0	-
F4-rot-both	off(today)	OOFOOFF	O:ok O:ok F:ok(F=3,reclaimed=1) O:ok O:ok F:ok(F=7,reclaimed=25) F:noop	ok	same	-	[0, 0]	0	0	[0, 0]	0	0	0	0	-
F4-rot-both	off(today)	OOFOMOO	O:ok O:ok F:ok(F=3,reclaimed=1) O:ok M:ok O:ok O:ok	ok	same	I-2.1,I-4.8,I-7.4	[0, 0]	0	0	[0, 0]	0	0	0	0	-
F4-rot-both	off(today)	OOFOMOM	O:ok O:ok F:ok(F=3,reclaimed=1) O:ok M:ok O:ok M:ok	ok	same	I-2.1,I-4.8,I-7.4	[0, 0]	0	0	[0, 0]	0	0	0	0	-
F4-rot-both	off(today)	OOFOOFM	O:ok O:ok F:ok(F=3,reclaimed=1) O:ok O:ok F:ok(F=7,reclaimed=25) M:ok	ok	same	-	[0, 0]	0	0	[0, 0]	0	0	0	0	-
F4-rot-both	off(today)	OOFOOFO	O:ok O:ok F:ok(F=3,reclaimed=1) O:ok O:ok F:ok(F=7,reclaimed=25) O:ok	ok	same	-	[0, 0]	0	0	[0, 0]	0	0	0	0	-
F4-rot-both	off(today)	OOFOOMM	O:ok O:ok F:ok(F=3,reclaimed=1) O:ok O:ok M:ok M:ok	ok	same	I-2.1,I-4.8,I-7.4	[0, 0]	0	0	[0, 0]	0	0	0	0	-
F4-rot-both	off(today)	OOFOOMF	O:ok O:ok F:ok(F=3,reclaimed=1) O:ok O:ok M:ok F:ok(F=7,reclaimed=25)	ok	same	-	[0, 0]	0	0	[0, 0]	0	0	0	0	-
F4-rot-both	off(today)	OOFOOOF	O:ok O:ok F:ok(F=3,reclaimed=1) O:ok O:ok O:ok F:ok(F=8,reclaimed=33)	ok	same	-	[0, 0]	0	0	[0, 0]	0	0	0	0	-
F4-rot-both	off(today)	OOFOOOO	O:ok O:ok F:ok(F=3,reclaimed=1) O:ok O:ok O:ok O:ok	ok	same	I-2.1,I-4.8,I-7.4	[0, 0]	0	0	[0, 0]	0	0	0	0	-
F4-rot-both	off(today)	OOFOOMO	O:ok O:ok F:ok(F=3,reclaimed=1) O:ok O:ok M:ok O:ok	ok	same	I-2.1,I-4.8,I-7.4	[0, 0]	0	0	[0, 0]	0	0	0	0	-
F4-rot-both	off(today)	OOFOOOM	O:ok O:ok F:ok(F=3,reclaimed=1) O:ok O:ok O:ok M:ok	ok	same	I-2.1,I-4.8,I-7.4	[0, 0]	0	0	[0, 0]	0	0	0	0	-
F4-rot-both	off(today)	OOMFFFF	O:ok O:ok M:ok F:ok(F=3,reclaimed=1) F:noop F:noop F:noop	ok	same	I-2.1,I-4.8,I-7.4	[0, 0]	0	0	[0, 0]	0	0	0	0	-
F4-rot-both	off(today)	OOMFFFM	O:ok O:ok M:ok F:ok(F=3,reclaimed=1) F:noop F:noop M:ok	ok	same	I-2.1,I-4.8,I-7.4	[0, 0]	0	0	[0, 0]	0	0	0	0	-
F4-rot-both	off(today)	OOMFFFO	O:ok O:ok M:ok F:ok(F=3,reclaimed=1) F:noop F:noop O:ok	ok	same	I-2.1,I-4.8,I-7.4	[0, 0]	0	0	[0, 0]	0	0	0	0	-
F4-rot-both	off(today)	OOMFFMF	O:ok O:ok M:ok F:ok(F=3,reclaimed=1) F:noop M:ok F:noop	ok	same	I-2.1,I-4.8,I-7.4	[0, 0]	0	0	[0, 0]	0	0	0	0	-
F4-rot-both	off(today)	OOMFFOF	O:ok O:ok M:ok F:ok(F=3,reclaimed=1) F:noop O:ok F:ok(F=6,reclaimed=17)	ok	same	I-2.1,I-4.8,I-7.4	[0, 0]	0	0	[0, 0]	0	0	0	0	-
F4-rot-both	off(today)	OOMFFOM	O:ok O:ok M:ok F:ok(F=3,reclaimed=1) F:noop O:ok M:ok	ok	same	I-2.1,I-4.8,I-7.4	[0, 0]	0	0	[0, 0]	0	0	0	0	-
F4-rot-both	off(today)	OOMFFMO	O:ok O:ok M:ok F:ok(F=3,reclaimed=1) F:noop M:ok O:ok	ok	same	I-2.1,I-4.8,I-7.4	[0, 0]	0	0	[0, 0]	0	0	0	0	-
F4-rot-both	off(today)	OOMFFMM	O:ok O:ok M:ok F:ok(F=3,reclaimed=1) F:noop M:ok M:ok	ok	same	I-2.1,I-4.8,I-7.4	[0, 0]	0	0	[0, 0]	0	0	0	0	-
F4-rot-both	off(today)	OOMFFOO	O:ok O:ok M:ok F:ok(F=3,reclaimed=1) F:noop O:ok O:ok	ok	same	I-2.1,I-4.8,I-7.4	[0, 0]	0	0	[0, 0]	0	0	0	0	-
F4-rot-both	off(today)	OOMFMFF	O:ok O:ok M:ok F:ok(F=3,reclaimed=1) M:ok F:noop F:noop	ok	same	I-2.1,I-4.8,I-7.4	[0, 0]	0	0	[0, 0]	0	0	0	0	-
F4-rot-both	off(today)	OOMFMFO	O:ok O:ok M:ok F:ok(F=3,reclaimed=1) M:ok F:noop O:ok	ok	same	I-2.1,I-4.8,I-7.4	[0, 0]	0	0	[0, 0]	0	0	0	0	-
F4-rot-both	off(today)	OOMFMFM	O:ok O:ok M:ok F:ok(F=3,reclaimed=1) M:ok F:noop M:ok	ok	same	I-2.1,I-4.8,I-7.4	[0, 0]	0	0	[0, 0]	0	0	0	0	-
F4-rot-both	off(today)	OOMFMMF	O:ok O:ok M:ok F:ok(F=3,reclaimed=1) M:ok M:ok F:noop	ok	same	I-2.1,I-4.8,I-7.4	[0, 0]	0	0	[0, 0]	0	0	0	0	-
F4-rot-both	off(today)	OOMFMOF	O:ok O:ok M:ok F:ok(F=3,reclaimed=1) M:ok O:ok F:ok(F=6,reclaimed=17)	ok	same	I-2.1,I-4.8,I-7.4	[0, 0]	0	0	[0, 0]	0	0	0	0	-
F4-rot-both	off(today)	OOMFMMO	O:ok O:ok M:ok F:ok(F=3,reclaimed=1) M:ok M:ok O:ok	ok	same	I-2.1,I-4.8,I-7.4	[0, 0]	0	0	[0, 0]	0	0	0	0	-
F4-rot-both	off(today)	OOMFMMM	O:ok O:ok M:ok F:ok(F=3,reclaimed=1) M:ok M:ok M:ok	ok	same	I-2.1,I-4.8,I-7.4	[0, 0]	0	0	[0, 0]	0	0	0	0	-
F4-rot-both	off(today)	OOMFOFF	O:ok O:ok M:ok F:ok(F=3,reclaimed=1) O:ok F:ok(F=6,reclaimed=17) F:noop	ok	same	I-2.1,I-4.8,I-7.4	[0, 0]	0	0	[0, 0]	0	0	0	0	-
F4-rot-both	off(today)	OOMFOFM	O:ok O:ok M:ok F:ok(F=3,reclaimed=1) O:ok F:ok(F=6,reclaimed=17) M:ok	ok	same	I-2.1,I-4.8,I-7.4	[0, 0]	0	0	[0, 0]	0	0	0	0	-
F4-rot-both	off(today)	OOMFMOO	O:ok O:ok M:ok F:ok(F=3,reclaimed=1) M:ok O:ok O:ok	ok	same	I-2.1,I-4.8,I-7.4	[0, 0]	0	0	[0, 0]	0	0	0	0	-
F4-rot-both	off(today)	OOMFMOM	O:ok O:ok M:ok F:ok(F=3,reclaimed=1) M:ok O:ok M:ok	ok	same	I-2.1,I-4.8,I-7.4	[0, 0]	0	0	[0, 0]	0	0	0	0	-
F4-rot-both	off(today)	OOMFOFO	O:ok O:ok M:ok F:ok(F=3,reclaimed=1) O:ok F:ok(F=6,reclaimed=17) O:ok	ok	same	I-2.1,I-4.8,I-7.4	[0, 0]	0	0	[0, 0]	0	0	0	0	-
F4-rot-both	off(today)	OOMFOMF	O:ok O:ok M:ok F:ok(F=3,reclaimed=1) O:ok M:ok F:ok(F=6,reclaimed=17)	ok	same	I-2.1,I-4.8,I-7.4	[0, 0]	0	0	[0, 0]	0	0	0	0	-
F4-rot-both	off(today)	OOMFOMM	O:ok O:ok M:ok F:ok(F=3,reclaimed=1) O:ok M:ok M:ok	ok	same	I-2.1,I-4.8,I-7.4	[0, 0]	0	0	[0, 0]	0	0	0	0	-
F4-rot-both	off(today)	OOMFOMO	O:ok O:ok M:ok F:ok(F=3,reclaimed=1) O:ok M:ok O:ok	ok	same	I-2.1,I-4.8,I-7.4	[0, 0]	0	0	[0, 0]	0	0	0	0	-
F4-rot-both	off(today)	OOMFOOF	O:ok O:ok M:ok F:ok(F=3,reclaimed=1) O:ok O:ok F:ok(F=7,reclaimed=25)	ok	same	-	[0, 0]	0	0	[0, 0]	0	0	0	0	-
F4-rot-both	off(today)	OOMFOOM	O:ok O:ok M:ok F:ok(F=3,reclaimed=1) O:ok O:ok M:ok	ok	same	I-2.1,I-4.8,I-7.4	[0, 0]	0	0	[0, 0]	0	0	0	0	-
F4-rot-both	off(today)	OOMFOOO	O:ok O:ok M:ok F:ok(F=3,reclaimed=1) O:ok O:ok O:ok	ok	same	I-2.1,I-4.8,I-7.4	[0, 0]	0	0	[0, 0]	0	0	0	0	-
F4-rot-both	off(today)	OOMMFFF	O:ok O:ok M:ok M:ok F:ok(F=3,reclaimed=1) F:noop F:noop	ok	same	I-2.1,I-4.8,I-7.4	[0, 0]	0	0	[0, 0]	0	0	0	0	-
F4-rot-both	off(today)	OOMMFFM	O:ok O:ok M:ok M:ok F:ok(F=3,reclaimed=1) F:noop M:ok	ok	same	I-2.1,I-4.8,I-7.4	[0, 0]	0	0	[0, 0]	0	0	0	0	-
F4-rot-both	off(today)	OOMMFFO	O:ok O:ok M:ok M:ok F:ok(F=3,reclaimed=1) F:noop O:ok	ok	same	I-2.1,I-4.8,I-7.4	[0, 0]	0	0	[0, 0]	0	0	0	0	-
F4-rot-both	off(today)	OOMMFMF	O:ok O:ok M:ok M:ok F:ok(F=3,reclaimed=1) M:ok F:noop	ok	same	I-2.1,I-4.8,I-7.4	[0, 0]	0	0	[0, 0]	0	0	0	0	-
F4-rot-both	off(today)	OOMMFMO	O:ok O:ok M:ok M:ok F:ok(F=3,reclaimed=1) M:ok O:ok	ok	same	I-2.1,I-4.8,I-7.4	[0, 0]	0	0	[0, 0]	0	0	0	0	-
F4-rot-both	off(today)	OOMMFMM	O:ok O:ok M:ok M:ok F:ok(F=3,reclaimed=1) M:ok M:ok	ok	same	I-2.1,I-4.8,I-7.4	[0, 0]	0	0	[0, 0]	0	0	0	0	-
F4-rot-both	off(today)	OOMMFOF	O:ok O:ok M:ok M:ok F:ok(F=3,reclaimed=1) O:ok F:ok(F=6,reclaimed=17)	ok	same	I-2.1,I-4.8,I-7.4	[0, 0]	0	0	[0, 0]	0	0	0	0	-
F4-rot-both	off(today)	OOMMFOM	O:ok O:ok M:ok M:ok F:ok(F=3,reclaimed=1) O:ok M:ok	ok	same	I-2.1,I-4.8,I-7.4	[0, 0]	0	0	[0, 0]	0	0	0	0	-
F4-rot-both	off(today)	OOMMFOO	O:ok O:ok M:ok M:ok F:ok(F=3,reclaimed=1) O:ok O:ok	ok	same	I-2.1,I-4.8,I-7.4	[0, 0]	0	0	[0, 0]	0	0	0	0	-
F4-rot-both	off(today)	OOMMMFF	O:ok O:ok M:ok M:ok M:ok F:ok(F=3,reclaimed=1) F:noop	ok	same	I-2.1,I-4.8,I-7.4	[0, 0]	0	0	[0, 0]	0	0	0	0	-
F4-rot-both	off(today)	OOMMMFO	O:ok O:ok M:ok M:ok M:ok F:ok(F=3,reclaimed=1) O:ok	ok	same	I-2.1,I-4.8,I-7.4	[0, 0]	0	0	[0, 0]	0	0	0	0	-
F4-rot-both	off(today)	OOMMMFM	O:ok O:ok M:ok M:ok M:ok F:ok(F=3,reclaimed=1) M:ok	ok	same	I-2.1,I-4.8,I-7.4	[0, 0]	0	0	[0, 0]	0	0	0	0	-
F4-rot-both	off(today)	OOMMMMF	O:ok O:ok M:ok M:ok M:ok M:ok F:ok(F=3,reclaimed=1)	ok	same	I-2.1,I-4.8,I-7.4	[0, 0]	0	0	[0, 0]	0	0	0	0	-
F4-rot-both	off(today)	OOMMMMM	O:ok O:ok M:ok M:ok M:ok M:ok M:ok	ok	same	I-2.1,I-4.8,I-7.4	[0, 0]	0	0	[0, 0]	0	0	0	0	-
F4-rot-both	off(today)	OOMMMMO	O:ok O:ok M:ok M:ok M:ok M:ok O:ok	ok	same	I-2.1,I-4.8,I-7.4	[0, 0]	0	0	[0, 0]	0	0	0	0	-
F4-rot-both	off(today)	OOMMMOF	O:ok O:ok M:ok M:ok M:ok O:ok F:ok(F=6,reclaimed=18)	ok	same	I-2.1,I-4.8,I-7.4	[0, 0]	0	0	[0, 0]	0	0	0	0	-
F4-rot-both	off(today)	OOMMMOM	O:ok O:ok M:ok M:ok M:ok O:ok M:ok	ok	same	I-2.1,I-4.8,I-7.4	[0, 0]	0	0	[0, 0]	0	0	0	0	-
F4-rot-both	off(today)	OOMMMOO	O:ok O:ok M:ok M:ok M:ok O:ok O:ok	ok	same	I-2.1,I-4.8,I-7.4	[0, 0]	0	0	[0, 0]	0	0	0	0	-
F4-rot-both	off(today)	OOMMOFF	O:ok O:ok M:ok M:ok O:ok F:ok(F=6,reclaimed=18) F:noop	ok	same	I-2.1,I-4.8,I-7.4	[0, 0]	0	0	[0, 0]	0	0	0	0	-
F4-rot-both	off(today)	OOMMOFO	O:ok O:ok M:ok M:ok O:ok F:ok(F=6,reclaimed=18) O:ok	ok	same	I-2.1,I-4.8,I-7.4	[0, 0]	0	0	[0, 0]	0	0	0	0	-
F4-rot-both	off(today)	OOMMOFM	O:ok O:ok M:ok M:ok O:ok F:ok(F=6,reclaimed=18) M:ok	ok	same	I-2.1,I-4.8,I-7.4	[0, 0]	0	0	[0, 0]	0	0	0	0	-
F4-rot-both	off(today)	OOMMOMF	O:ok O:ok M:ok M:ok O:ok M:ok F:ok(F=6,reclaimed=18)	ok	same	I-2.1,I-4.8,I-7.4	[0, 0]	0	0	[0, 0]	0	0	0	0	-
F4-rot-both	off(today)	OOMMOMO	O:ok O:ok M:ok M:ok O:ok M:ok O:ok	ok	same	I-2.1,I-4.8,I-7.4	[0, 0]	0	0	[0, 0]	0	0	0	0	-
F4-rot-both	off(today)	OOMMOOF	O:ok O:ok M:ok M:ok O:ok O:ok F:ok(F=7,reclaimed=26)	ok	same	-	[0, 0]	0	0	[0, 0]	0	0	0	0	-
F4-rot-both	off(today)	OOMMOMM	O:ok O:ok M:ok M:ok O:ok M:ok M:ok	ok	same	I-2.1,I-4.8,I-7.4	[0, 0]	0	0	[0, 0]	0	0	0	0	-
F4-rot-both	off(today)	OOMOFFF	O:ok O:ok M:ok O:ok F:ok(F=6,reclaimed=18) F:noop F:noop	ok	same	I-2.1,I-4.8,I-7.4	[0, 0]	0	0	[0, 0]	0	0	0	0	-
F4-rot-both	off(today)	OOMOFFM	O:ok O:ok M:ok O:ok F:ok(F=6,reclaimed=18) F:noop M:ok	ok	same	I-2.1,I-4.8,I-7.4	[0, 0]	0	0	[0, 0]	0	0	0	0	-
F4-rot-both	off(today)	OOMMOOM	O:ok O:ok M:ok M:ok O:ok O:ok M:ok	ok	same	I-2.1,I-4.8,I-7.4	[0, 0]	0	0	[0, 0]	0	0	0	0	-
F4-rot-both	off(today)	OOMMOOO	O:ok O:ok M:ok M:ok O:ok O:ok O:ok	ok	same	I-2.1,I-4.8,I-7.4	[0, 0]	0	0	[0, 0]	0	0	0	0	-
F4-rot-both	off(today)	OOMOFFO	O:ok O:ok M:ok O:ok F:ok(F=6,reclaimed=18) F:noop O:ok	ok	same	I-2.1,I-4.8,I-7.4	[0, 0]	0	0	[0, 0]	0	0	0	0	-
F4-rot-both	off(today)	OOMOFMF	O:ok O:ok M:ok O:ok F:ok(F=6,reclaimed=18) M:ok F:noop	ok	same	I-2.1,I-4.8,I-7.4	[0, 0]	0	0	[0, 0]	0	0	0	0	-
F4-rot-both	off(today)	OOMOFMO	O:ok O:ok M:ok O:ok F:ok(F=6,reclaimed=18) M:ok O:ok	ok	same	I-2.1,I-4.8,I-7.4	[0, 0]	0	0	[0, 0]	0	0	0	0	-
F4-rot-both	off(today)	OOMOFMM	O:ok O:ok M:ok O:ok F:ok(F=6,reclaimed=18) M:ok M:ok	ok	same	I-2.1,I-4.8,I-7.4	[0, 0]	0	0	[0, 0]	0	0	0	0	-
F4-rot-both	off(today)	OOMOFOF	O:ok O:ok M:ok O:ok F:ok(F=6,reclaimed=18) O:ok F:ok(F=7,reclaimed=8)	ok	same	-	[0, 0]	0	0	[0, 0]	0	0	0	0	-
F4-rot-both	off(today)	OOMOFOM	O:ok O:ok M:ok O:ok F:ok(F=6,reclaimed=18) O:ok M:ok	ok	same	I-2.1,I-4.8,I-7.4	[0, 0]	0	0	[0, 0]	0	0	0	0	-
F4-rot-both	off(today)	OOMOFOO	O:ok O:ok M:ok O:ok F:ok(F=6,reclaimed=18) O:ok O:ok	ok	same	I-2.1,I-4.8,I-7.4	[0, 0]	0	0	[0, 0]	0	0	0	0	-
F4-rot-both	off(today)	OOMOMFF	O:ok O:ok M:ok O:ok M:ok F:ok(F=6,reclaimed=18) F:noop	ok	same	I-2.1,I-4.8,I-7.4	[0, 0]	0	0	[0, 0]	0	0	0	0	-
F4-rot-both	off(today)	OOMOMFO	O:ok O:ok M:ok O:ok M:ok F:ok(F=6,reclaimed=18) O:ok	ok	same	I-2.1,I-4.8,I-7.4	[0, 0]	0	0	[0, 0]	0	0	0	0	-
F4-rot-both	off(today)	OOMOMFM	O:ok O:ok M:ok O:ok M:ok F:ok(F=6,reclaimed=18) M:ok	ok	same	I-2.1,I-4.8,I-7.4	[0, 0]	0	0	[0, 0]	0	0	0	0	-
F4-rot-both	off(today)	OOMOMMF	O:ok O:ok M:ok O:ok M:ok M:ok F:ok(F=6,reclaimed=18)	ok	same	I-2.1,I-4.8,I-7.4	[0, 0]	0	0	[0, 0]	0	0	0	0	-
F4-rot-both	off(today)	OOMOMMM	O:ok O:ok M:ok O:ok M:ok M:ok M:ok	ok	same	I-2.1,I-4.8,I-7.4	[0, 0]	0	0	[0, 0]	0	0	0	0	-
F4-rot-both	off(today)	OOMOMOF	O:ok O:ok M:ok O:ok M:ok O:ok F:ok(F=7,reclaimed=26)	ok	same	-	[0, 0]	0	0	[0, 0]	0	0	0	0	-
F4-rot-both	off(today)	OOMOMMO	O:ok O:ok M:ok O:ok M:ok M:ok O:ok	ok	same	I-2.1,I-4.8,I-7.4	[0, 0]	0	0	[0, 0]	0	0	0	0	-
F4-rot-both	off(today)	OOMOMOM	O:ok O:ok M:ok O:ok M:ok O:ok M:ok	ok	same	I-2.1,I-4.8,I-7.4	[0, 0]	0	0	[0, 0]	0	0	0	0	-
F4-rot-both	off(today)	OOMOMOO	O:ok O:ok M:ok O:ok M:ok O:ok O:ok	ok	same	I-2.1,I-4.8,I-7.4	[0, 0]	0	0	[0, 0]	0	0	0	0	-
F4-rot-both	off(today)	OOMOOFF	O:ok O:ok M:ok O:ok O:ok F:ok(F=7,reclaimed=26) F:noop	ok	same	-	[0, 0]	0	0	[0, 0]	0	0	0	0	-
F4-rot-both	off(today)	OOMOOFM	O:ok O:ok M:ok O:ok O:ok F:ok(F=7,reclaimed=26) M:ok	ok	same	-	[0, 0]	0	0	[0, 0]	0	0	0	0	-
F4-rot-both	off(today)	OOMOOFO	O:ok O:ok M:ok O:ok O:ok F:ok(F=7,reclaimed=26) O:ok	ok	same	-	[0, 0]	0	0	[0, 0]	0	0	0	0	-
F4-rot-both	off(today)	OOMOOMF	O:ok O:ok M:ok O:ok O:ok M:ok F:ok(F=7,reclaimed=26)	ok	same	-	[0, 0]	0	0	[0, 0]	0	0	0	0	-
F4-rot-both	off(today)	OOMOOMM	O:ok O:ok M:ok O:ok O:ok M:ok M:ok	ok	same	I-2.1,I-4.8,I-7.4	[0, 0]	0	0	[0, 0]	0	0	0	0	-
F4-rot-both	off(today)	OOMOOMO	O:ok O:ok M:ok O:ok O:ok M:ok O:ok	ok	same	I-2.1,I-4.8,I-7.4	[0, 0]	0	0	[0, 0]	0	0	0	0	-
F4-rot-both	off(today)	OOMOOOF	O:ok O:ok M:ok O:ok O:ok O:ok F:ok(F=8,reclaimed=34)	ok	same	-	[0, 0]	0	0	[0, 0]	0	0	0	0	-
F4-rot-both	off(today)	OOMOOOM	O:ok O:ok M:ok O:ok O:ok O:ok M:ok	ok	same	I-2.1,I-4.8,I-7.4	[0, 0]	0	0	[0, 0]	0	0	0	0	-
F4-rot-both	off(today)	OOOFFFF	O:ok O:ok O:ok F:ok(F=6,reclaimed=18) F:noop F:noop F:noop	ok	same	I-2.1,I-4.8,I-7.4	[0, 0]	0	0	[0, 0]	0	0	0	0	-
F4-rot-both	off(today)	OOMOOOO	O:ok O:ok M:ok O:ok O:ok O:ok O:ok	ok	same	I-2.1,I-4.8,I-7.4	[0, 0]	0	0	[0, 0]	0	0	0	0	-
F4-rot-both	off(today)	OOOFFFM	O:ok O:ok O:ok F:ok(F=6,reclaimed=18) F:noop F:noop M:ok	ok	same	I-2.1,I-4.8,I-7.4	[0, 0]	0	0	[0, 0]	0	0	0	0	-
F4-rot-both	off(today)	OOOFFFO	O:ok O:ok O:ok F:ok(F=6,reclaimed=18) F:noop F:noop O:ok	ok	same	I-2.1,I-4.8,I-7.4	[0, 0]	0	0	[0, 0]	0	0	0	0	-
F4-rot-both	off(today)	OOOFFMF	O:ok O:ok O:ok F:ok(F=6,reclaimed=18) F:noop M:ok F:noop	ok	same	I-2.1,I-4.8,I-7.4	[0, 0]	0	0	[0, 0]	0	0	0	0	-
F4-rot-both	off(today)	OOOFFMM	O:ok O:ok O:ok F:ok(F=6,reclaimed=18) F:noop M:ok M:ok	ok	same	I-2.1,I-4.8,I-7.4	[0, 0]	0	0	[0, 0]	0	0	0	0	-
F4-rot-both	off(today)	OOOFFMO	O:ok O:ok O:ok F:ok(F=6,reclaimed=18) F:noop M:ok O:ok	ok	same	I-2.1,I-4.8,I-7.4	[0, 0]	0	0	[0, 0]	0	0	0	0	-
F4-rot-both	off(today)	OOOFFOF	O:ok O:ok O:ok F:ok(F=6,reclaimed=18) F:noop O:ok F:ok(F=7,reclaimed=8)	ok	same	-	[0, 0]	0	0	[0, 0]	0	0	0	0	-
F4-rot-both	off(today)	OOOFFOM	O:ok O:ok O:ok F:ok(F=6,reclaimed=18) F:noop O:ok M:ok	ok	same	I-2.1,I-4.8,I-7.4	[0, 0]	0	0	[0, 0]	0	0	0	0	-
F4-rot-both	off(today)	OOOFFOO	O:ok O:ok O:ok F:ok(F=6,reclaimed=18) F:noop O:ok O:ok	ok	same	I-2.1,I-4.8,I-7.4	[0, 0]	0	0	[0, 0]	0	0	0	0	-
F4-rot-both	off(today)	OOOFMFF	O:ok O:ok O:ok F:ok(F=6,reclaimed=18) M:ok F:noop F:noop	ok	same	I-2.1,I-4.8,I-7.4	[0, 0]	0	0	[0, 0]	0	0	0	0	-
F4-rot-both	off(today)	OOOFMFM	O:ok O:ok O:ok F:ok(F=6,reclaimed=18) M:ok F:noop M:ok	ok	same	I-2.1,I-4.8,I-7.4	[0, 0]	0	0	[0, 0]	0	0	0	0	-
F4-rot-both	off(today)	OOOFMFO	O:ok O:ok O:ok F:ok(F=6,reclaimed=18) M:ok F:noop O:ok	ok	same	I-2.1,I-4.8,I-7.4	[0, 0]	0	0	[0, 0]	0	0	0	0	-
F4-rot-both	off(today)	OOOFMMF	O:ok O:ok O:ok F:ok(F=6,reclaimed=18) M:ok M:ok F:noop	ok	same	I-2.1,I-4.8,I-7.4	[0, 0]	0	0	[0, 0]	0	0	0	0	-
F4-rot-both	off(today)	OOOFMMO	O:ok O:ok O:ok F:ok(F=6,reclaimed=18) M:ok M:ok O:ok	ok	same	I-2.1,I-4.8,I-7.4	[0, 0]	0	0	[0, 0]	0	0	0	0	-
F4-rot-both	off(today)	OOOFMMM	O:ok O:ok O:ok F:ok(F=6,reclaimed=18) M:ok M:ok M:ok	ok	same	I-2.1,I-4.8,I-7.4	[0, 0]	0	0	[0, 0]	0	0	0	0	-
F4-rot-both	off(today)	OOOFMOF	O:ok O:ok O:ok F:ok(F=6,reclaimed=18) M:ok O:ok F:ok(F=7,reclaimed=8)	ok	same	-	[0, 0]	0	0	[0, 0]	0	0	0	0	-
F4-rot-both	off(today)	OOOFMOM	O:ok O:ok O:ok F:ok(F=6,reclaimed=18) M:ok O:ok M:ok	ok	same	I-2.1,I-4.8,I-7.4	[0, 0]	0	0	[0, 0]	0	0	0	0	-
F4-rot-both	off(today)	OOOFOFF	O:ok O:ok O:ok F:ok(F=6,reclaimed=18) O:ok F:ok(F=7,reclaimed=8) F:noop	ok	same	-	[0, 0]	0	0	[0, 0]	0	0	0	0	-
F4-rot-both	off(today)	OOOFMOO	O:ok O:ok O:ok F:ok(F=6,reclaimed=18) M:ok O:ok O:ok	ok	same	I-2.1,I-4.8,I-7.4	[0, 0]	0	0	[0, 0]	0	0	0	0	-
F4-rot-both	off(today)	OOOFOFM	O:ok O:ok O:ok F:ok(F=6,reclaimed=18) O:ok F:ok(F=7,reclaimed=8) M:ok	ok	same	-	[0, 0]	0	0	[0, 0]	0	0	0	0	-
F4-rot-both	off(today)	OOOFOFO	O:ok O:ok O:ok F:ok(F=6,reclaimed=18) O:ok F:ok(F=7,reclaimed=8) O:ok	ok	same	-	[0, 0]	0	0	[0, 0]	0	0	0	0	-
F4-rot-both	off(today)	OOOFOOF	O:ok O:ok O:ok F:ok(F=6,reclaimed=18) O:ok O:ok F:ok(F=8,reclaimed=16)	ok	same	-	[0, 0]	0	0	[0, 0]	0	0	0	0	-
F4-rot-both	off(today)	OOOFOMF	O:ok O:ok O:ok F:ok(F=6,reclaimed=18) O:ok M:ok F:ok(F=7,reclaimed=8)	ok	same	-	[0, 0]	0	0	[0, 0]	0	0	0	0	-
F4-rot-both	off(today)	OOOFOMO	O:ok O:ok O:ok F:ok(F=6,reclaimed=18) O:ok M:ok O:ok	ok	same	I-2.1,I-4.8,I-7.4	[0, 0]	0	0	[0, 0]	0	0	0	0	-
F4-rot-both	off(today)	OOOFOMM	O:ok O:ok O:ok F:ok(F=6,reclaimed=18) O:ok M:ok M:ok	ok	same	I-2.1,I-4.8,I-7.4	[0, 0]	0	0	[0, 0]	0	0	0	0	-
F4-rot-both	off(today)	OOOFOOO	O:ok O:ok O:ok F:ok(F=6,reclaimed=18) O:ok O:ok O:ok	ok	same	I-2.1,I-4.8,I-7.4	[0, 0]	0	0	[0, 0]	0	0	0	0	-
F4-rot-both	off(today)	OOOFOOM	O:ok O:ok O:ok F:ok(F=6,reclaimed=18) O:ok O:ok M:ok	ok	same	I-2.1,I-4.8,I-7.4	[0, 0]	0	0	[0, 0]	0	0	0	0	-
F4-rot-both	off(today)	OOOMFFF	O:ok O:ok O:ok M:ok F:ok(F=6,reclaimed=18) F:noop F:noop	ok	same	I-2.1,I-4.8,I-7.4	[0, 0]	0	0	[0, 0]	0	0	0	0	-
F4-rot-both	off(today)	OOOMFFM	O:ok O:ok O:ok M:ok F:ok(F=6,reclaimed=18) F:noop M:ok	ok	same	I-2.1,I-4.8,I-7.4	[0, 0]	0	0	[0, 0]	0	0	0	0	-
F4-rot-both	off(today)	OOOMFFO	O:ok O:ok O:ok M:ok F:ok(F=6,reclaimed=18) F:noop O:ok	ok	same	I-2.1,I-4.8,I-7.4	[0, 0]	0	0	[0, 0]	0	0	0	0	-
F4-rot-both	off(today)	OOOMFMF	O:ok O:ok O:ok M:ok F:ok(F=6,reclaimed=18) M:ok F:noop	ok	same	I-2.1,I-4.8,I-7.4	[0, 0]	0	0	[0, 0]	0	0	0	0	-
F4-rot-both	off(today)	OOOMFMO	O:ok O:ok O:ok M:ok F:ok(F=6,reclaimed=18) M:ok O:ok	ok	same	I-2.1,I-4.8,I-7.4	[0, 0]	0	0	[0, 0]	0	0	0	0	-
F4-rot-both	off(today)	OOOMFMM	O:ok O:ok O:ok M:ok F:ok(F=6,reclaimed=18) M:ok M:ok	ok	same	I-2.1,I-4.8,I-7.4	[0, 0]	0	0	[0, 0]	0	0	0	0	-
F4-rot-both	off(today)	OOOMFOF	O:ok O:ok O:ok M:ok F:ok(F=6,reclaimed=18) O:ok F:ok(F=7,reclaimed=8)	ok	same	-	[0, 0]	0	0	[0, 0]	0	0	0	0	-
F4-rot-both	off(today)	OOOMFOO	O:ok O:ok O:ok M:ok F:ok(F=6,reclaimed=18) O:ok O:ok	ok	same	I-2.1,I-4.8,I-7.4	[0, 0]	0	0	[0, 0]	0	0	0	0	-
F4-rot-both	off(today)	OOOMFOM	O:ok O:ok O:ok M:ok F:ok(F=6,reclaimed=18) O:ok M:ok	ok	same	I-2.1,I-4.8,I-7.4	[0, 0]	0	0	[0, 0]	0	0	0	0	-
F4-rot-both	off(today)	OOOMMFF	O:ok O:ok O:ok M:ok M:ok F:ok(F=6,reclaimed=18) F:noop	ok	same	I-2.1,I-4.8,I-7.4	[0, 0]	0	0	[0, 0]	0	0	0	0	-
F4-rot-both	off(today)	OOOMMFM	O:ok O:ok O:ok M:ok M:ok F:ok(F=6,reclaimed=18) M:ok	ok	same	I-2.1,I-4.8,I-7.4	[0, 0]	0	0	[0, 0]	0	0	0	0	-
F4-rot-both	off(today)	OOOMMMF	O:ok O:ok O:ok M:ok M:ok M:ok F:ok(F=6,reclaimed=18)	ok	same	I-2.1,I-4.8,I-7.4	[0, 0]	0	0	[0, 0]	0	0	0	0	-
F4-rot-both	off(today)	OOOMMFO	O:ok O:ok O:ok M:ok M:ok F:ok(F=6,reclaimed=18) O:ok	ok	same	I-2.1,I-4.8,I-7.4	[0, 0]	0	0	[0, 0]	0	0	0	0	-
F4-rot-both	off(today)	OOOMMMM	O:ok O:ok O:ok M:ok M:ok M:ok M:ok	ok	same	I-2.1,I-4.8,I-7.4	[0, 0]	0	0	[0, 0]	0	0	0	0	-
F4-rot-both	off(today)	OOOMMOF	O:ok O:ok O:ok M:ok M:ok O:ok F:ok(F=7,reclaimed=26)	ok	same	-	[0, 0]	0	0	[0, 0]	0	0	0	0	-
F4-rot-both	off(today)	OOOMMMO	O:ok O:ok O:ok M:ok M:ok M:ok O:ok	ok	same	I-2.1,I-4.8,I-7.4	[0, 0]	0	0	[0, 0]	0	0	0	0	-
F4-rot-both	off(today)	OOOMMOM	O:ok O:ok O:ok M:ok M:ok O:ok M:ok	ok	same	I-2.1,I-4.8,I-7.4	[0, 0]	0	0	[0, 0]	0	0	0	0	-
F4-rot-both	off(today)	OOOMMOO	O:ok O:ok O:ok M:ok M:ok O:ok O:ok	ok	same	I-2.1,I-4.8,I-7.4	[0, 0]	0	0	[0, 0]	0	0	0	0	-
F4-rot-both	off(today)	OOOMOFF	O:ok O:ok O:ok M:ok O:ok F:ok(F=7,reclaimed=26) F:noop	ok	same	-	[0, 0]	0	0	[0, 0]	0	0	0	0	-
F4-rot-both	off(today)	OOOMOFM	O:ok O:ok O:ok M:ok O:ok F:ok(F=7,reclaimed=26) M:ok	ok	same	-	[0, 0]	0	0	[0, 0]	0	0	0	0	-
F4-rot-both	off(today)	OOOMOMF	O:ok O:ok O:ok M:ok O:ok M:ok F:ok(F=7,reclaimed=26)	ok	same	-	[0, 0]	0	0	[0, 0]	0	0	0	0	-
F4-rot-both	off(today)	OOOMOFO	O:ok O:ok O:ok M:ok O:ok F:ok(F=7,reclaimed=26) O:ok	ok	same	-	[0, 0]	0	0	[0, 0]	0	0	0	0	-
F4-rot-both	off(today)	OOOMOMO	O:ok O:ok O:ok M:ok O:ok M:ok O:ok	ok	same	I-2.1,I-4.8,I-7.4	[0, 0]	0	0	[0, 0]	0	0	0	0	-
F4-rot-both	off(today)	OOOMOMM	O:ok O:ok O:ok M:ok O:ok M:ok M:ok	ok	same	I-2.1,I-4.8,I-7.4	[0, 0]	0	0	[0, 0]	0	0	0	0	-
F4-rot-both	off(today)	OOOMOOF	O:ok O:ok O:ok M:ok O:ok O:ok F:ok(F=8,reclaimed=34)	ok	same	-	[0, 0]	0	0	[0, 0]	0	0	0	0	-
F4-rot-both	off(today)	OOOMOOO	O:ok O:ok O:ok M:ok O:ok O:ok O:ok	ok	same	I-2.1,I-4.8,I-7.4	[0, 0]	0	0	[0, 0]	0	0	0	0	-
F4-rot-both	off(today)	OOOMOOM	O:ok O:ok O:ok M:ok O:ok O:ok M:ok	ok	same	I-2.1,I-4.8,I-7.4	[0, 0]	0	0	[0, 0]	0	0	0	0	-
F4-rot-both	off(today)	OOOOFFF	O:ok O:ok O:ok O:ok F:ok(F=7,reclaimed=26) F:noop F:noop	ok	same	-	[0, 0]	0	0	[0, 0]	0	0	0	0	-
F4-rot-both	off(today)	OOOOFFM	O:ok O:ok O:ok O:ok F:ok(F=7,reclaimed=26) F:noop M:ok	ok	same	-	[0, 0]	0	0	[0, 0]	0	0	0	0	-
F4-rot-both	off(today)	OOOOFFO	O:ok O:ok O:ok O:ok F:ok(F=7,reclaimed=26) F:noop O:ok	ok	same	-	[0, 0]	0	0	[0, 0]	0	0	0	0	-
F4-rot-both	off(today)	OOOOFMF	O:ok O:ok O:ok O:ok F:ok(F=7,reclaimed=26) M:ok F:noop	ok	same	-	[0, 0]	0	0	[0, 0]	0	0	0	0	-
F4-rot-both	off(today)	OOOOFMM	O:ok O:ok O:ok O:ok F:ok(F=7,reclaimed=26) M:ok M:ok	ok	same	-	[0, 0]	0	0	[0, 0]	0	0	0	0	-
F4-rot-both	off(today)	OOOOFOF	O:ok O:ok O:ok O:ok F:ok(F=7,reclaimed=26) O:ok F:ok(F=8,reclaimed=8)	ok	same	-	[0, 0]	0	0	[0, 0]	0	0	0	0	-
F4-rot-both	off(today)	OOOOFOM	O:ok O:ok O:ok O:ok F:ok(F=7,reclaimed=26) O:ok M:ok	ok	same	-	[0, 0]	0	0	[0, 0]	0	0	0	0	-
F4-rot-both	off(today)	OOOOFOO	O:ok O:ok O:ok O:ok F:ok(F=7,reclaimed=26) O:ok O:ok	ok	same	-	[0, 0]	0	0	[0, 0]	0	0	0	0	-
F4-rot-both	off(today)	OOOOFMO	O:ok O:ok O:ok O:ok F:ok(F=7,reclaimed=26) M:ok O:ok	ok	same	-	[0, 0]	0	0	[0, 0]	0	0	0	0	-
F4-rot-both	off(today)	OOOOMFF	O:ok O:ok O:ok O:ok M:ok F:ok(F=7,reclaimed=26) F:noop	ok	same	-	[0, 0]	0	0	[0, 0]	0	0	0	0	-
F4-rot-both	off(today)	OOOOMFM	O:ok O:ok O:ok O:ok M:ok F:ok(F=7,reclaimed=26) M:ok	ok	same	-	[0, 0]	0	0	[0, 0]	0	0	0	0	-
F4-rot-both	off(today)	OOOOMFO	O:ok O:ok O:ok O:ok M:ok F:ok(F=7,reclaimed=26) O:ok	ok	same	-	[0, 0]	0	0	[0, 0]	0	0	0	0	-
F4-rot-both	off(today)	OOOOMMF	O:ok O:ok O:ok O:ok M:ok M:ok F:ok(F=7,reclaimed=26)	ok	same	-	[0, 0]	0	0	[0, 0]	0	0	0	0	-
F4-rot-both	off(today)	OOOOMOF	O:ok O:ok O:ok O:ok M:ok O:ok F:ok(F=8,reclaimed=34)	ok	same	-	[0, 0]	0	0	[0, 0]	0	0	0	0	-
F4-rot-both	off(today)	OOOOMOM	O:ok O:ok O:ok O:ok M:ok O:ok M:ok	ok	same	I-2.1,I-4.8,I-7.4	[0, 0]	0	0	[0, 0]	0	0	0	0	-
F4-rot-both	off(today)	OOOOMMO	O:ok O:ok O:ok O:ok M:ok M:ok O:ok	ok	same	I-2.1,I-4.8,I-7.4	[0, 0]	0	0	[0, 0]	0	0	0	0	-
F4-rot-both	off(today)	OOOOMMM	O:ok O:ok O:ok O:ok M:ok M:ok M:ok	ok	same	I-2.1,I-4.8,I-7.4	[0, 0]	0	0	[0, 0]	0	0	0	0	-
F4-rot-both	off(today)	OOOOOFF	O:ok O:ok O:ok O:ok O:ok F:ok(F=8,reclaimed=34) F:noop	ok	same	-	[0, 0]	0	0	[0, 0]	0	0	0	0	-
F4-rot-both	off(today)	OOOOMOO	O:ok O:ok O:ok O:ok M:ok O:ok O:ok	ok	same	I-2.1,I-4.8,I-7.4	[0, 0]	0	0	[0, 0]	0	0	0	0	-
F4-rot-both	off(today)	OOOOOFO	O:ok O:ok O:ok O:ok O:ok F:ok(F=8,reclaimed=34) O:ok	ok	same	-	[0, 0]	0	0	[0, 0]	0	0	0	0	-
F4-rot-both	off(today)	OOOOOFM	O:ok O:ok O:ok O:ok O:ok F:ok(F=8,reclaimed=34) M:ok	ok	same	-	[0, 0]	0	0	[0, 0]	0	0	0	0	-
F4-rot-both	off(today)	OOOOOOF	O:ok O:ok O:ok O:ok O:ok O:ok F:ok(F=9,reclaimed=42)	ok	same	-	[0, 0]	0	0	[0, 0]	0	0	0	0	-
F4-rot-both	off(today)	OOOOOMF	O:ok O:ok O:ok O:ok O:ok M:ok F:ok(F=8,reclaimed=34)	ok	same	-	[0, 0]	0	0	[0, 0]	0	0	0	0	-
F4-rot-both	off(today)	OOOOOMO	O:ok O:ok O:ok O:ok O:ok M:ok O:ok	ok	same	I-2.1,I-4.8,I-7.4	[0, 0]	0	0	[0, 0]	0	0	0	0	-
F4-rot-both	off(today)	OOOOOMM	O:ok O:ok O:ok O:ok O:ok M:ok M:ok	ok	same	I-2.1,I-4.8,I-7.4	[0, 0]	0	0	[0, 0]	0	0	0	0	-
F4-rot-both	off(today)	OOOOOOO	O:ok O:ok O:ok O:ok O:ok O:ok O:ok	ok	same	I-2.1,I-4.8,I-7.4	[0, 0]	0	0	[0, 0]	0	0	0	0	-
F4-rot-both	off(today)	OOOOOOM	O:ok O:ok O:ok O:ok O:ok O:ok M:ok	ok	same	I-2.1,I-4.8,I-7.4	[0, 0]	0	0	[0, 0]	0	0	0	0	-
